DriverNumber,Abbreviation,FirstName,LastName,FullName,CountryCode
1,VER,Max,Verstappen,Max Verstappen,
4,NOR,Lando,Norris,Lando Norris,
5,BOR,Gabriel,Bortoleto,Gabriel Bortoleto,
6,HAD,Isack,Hadjar,Isack Hadjar,
7,DOO,Jack,Doohan,Jack Doohan,
10,GAS,Pierre,Gasly,Pierre Gasly,
12,ANT,Kimi,Antonelli,Kimi Antonelli,
14,ALO,Fernando,Alonso,Fernando Alonso,
16,LEC,Charles,Leclerc,Charles Leclerc,
18,STR,Lance,Stroll,Lance Stroll,
22,TSU,Yuki,Tsunoda,Yuki Tsunoda,
23,ALB,Alexander,Albon,Alexander Albon,
27,HUL,Nico,Hulkenberg,Nico Hulkenberg,
30,LAW,Liam,Lawson,Liam Lawson,
31,OCO,Esteban,Ocon,Esteban Ocon,
43,COL,Franco,Colapinto,Franco Colapinto,
44,HAM,Lewis,Hamilton,Lewis Hamilton,
55,SAI,Carlos,Sainz,Carlos Sainz,
63,RUS,George,Russell,George Russell,
81,PIA,Oscar,Piastri,Oscar Piastri,
87,BEA,Oliver,Bearman,Oliver Bearman,
