Race,Driver,Stint,Compound,Laps,AvgLapTime,FastestLap
abu_dhabi,ALB,1.0,SOFT,8,0 days 00:01:31.937000,0 days 00:01:30.223000
abu_dhabi,ALB,2.0,HARD,25,0 days 00:01:30.987880,0 days 00:01:29.374000
abu_dhabi,ALB,3.0,MEDIUM,25,0 days 00:01:29.704120,0 days 00:01:28.367000
abu_dhabi,ALO,1.0,MEDIUM,16,0 days 00:01:30.572562500,0 days 00:01:29.800000
abu_dhabi,ALO,2.0,HARD,42,0 days 00:01:30.139761904,0 days 00:01:28.279000
abu_dhabi,ANT,1.0,HARD,32,0 days 00:01:31.187656250,0 days 00:01:29.821000
abu_dhabi,ANT,2.0,MEDIUM,26,0 days 00:01:29.763961538,0 days 00:01:28.029000
abu_dhabi,BEA,1.0,MEDIUM,14,0 days 00:01:31.333857142,0 days 00:01:30.190000
abu_dhabi,BEA,2.0,HARD,44,0 days 00:01:30.112750,0 days 00:01:28.976000
abu_dhabi,BOR,1.0,MEDIUM,15,0 days 00:01:30.738133333,0 days 00:01:30.058000
abu_dhabi,BOR,2.0,HARD,43,0 days 00:01:30.405581395,0 days 00:01:29.114000
abu_dhabi,COL,1.0,MEDIUM,15,0 days 00:01:31.914400,0 days 00:01:30.551000
abu_dhabi,COL,2.0,HARD,25,0 days 00:01:31.030840,0 days 00:01:29.430000
abu_dhabi,COL,3.0,MEDIUM,17,0 days 00:01:29.822647058,0 days 00:01:27.710000
abu_dhabi,GAS,1.0,MEDIUM,13,0 days 00:01:31.940230769,0 days 00:01:30.400000
abu_dhabi,GAS,2.0,HARD,27,0 days 00:01:30.843777777,0 days 00:01:29.442000
abu_dhabi,GAS,3.0,MEDIUM,17,0 days 00:01:29.786588235,0 days 00:01:27.767000
abu_dhabi,HAD,1.0,MEDIUM,14,0 days 00:01:31.063571428,0 days 00:01:30.078000
abu_dhabi,HAD,2.0,HARD,43,0 days 00:01:30.555953488,0 days 00:01:29.375000
abu_dhabi,HAM,1.0,SOFT,8,0 days 00:01:31.806875,0 days 00:01:30.113000
abu_dhabi,HAM,2.0,HARD,23,0 days 00:01:30.688913043,0 days 00:01:28.517000
abu_dhabi,HAM,3.0,MEDIUM,27,0 days 00:01:29.623666666,0 days 00:01:28.094000
abu_dhabi,HUL,1.0,SOFT,7,0 days 00:01:32.413000,0 days 00:01:30.255000
abu_dhabi,HUL,2.0,HARD,35,0 days 00:01:30.599142857,0 days 00:01:28.442000
abu_dhabi,HUL,3.0,MEDIUM,16,0 days 00:01:29.288875,0 days 00:01:27.050000
abu_dhabi,LAW,1.0,MEDIUM,21,0 days 00:01:31.472476190,0 days 00:01:30.219000
abu_dhabi,LAW,2.0,HARD,36,0 days 00:01:30.311277777,0 days 00:01:28.886000
abu_dhabi,LEC,1.0,MEDIUM,16,0 days 00:01:30.290187500,0 days 00:01:29.606000
abu_dhabi,LEC,2.0,HARD,23,0 days 00:01:29.691304347,0 days 00:01:28.044000
abu_dhabi,LEC,3.0,MEDIUM,19,0 days 00:01:28.589736842,0 days 00:01:26.725000
abu_dhabi,NOR,1.0,MEDIUM,16,0 days 00:01:30.143375,0 days 00:01:29.510000
abu_dhabi,NOR,2.0,HARD,24,0 days 00:01:29.459208333,0 days 00:01:27.814000
abu_dhabi,NOR,3.0,HARD,18,0 days 00:01:28.595888888,0 days 00:01:26.818000
abu_dhabi,OCO,1.0,MEDIUM,19,0 days 00:01:31.061578947,0 days 00:01:30.145000
abu_dhabi,OCO,2.0,HARD,39,0 days 00:01:29.927564102,0 days 00:01:28.655000
abu_dhabi,PIA,1.0,HARD,41,0 days 00:01:29.577780487,0 days 00:01:28.927000
abu_dhabi,PIA,2.0,MEDIUM,17,0 days 00:01:28.669058823,0 days 00:01:26.765000
abu_dhabi,RUS,1.0,MEDIUM,14,0 days 00:01:30.555571428,0 days 00:01:29.337000
abu_dhabi,RUS,2.0,HARD,44,0 days 00:01:29.733045454,0 days 00:01:28.599000
abu_dhabi,SAI,1.0,MEDIUM,18,0 days 00:01:31.405222222,0 days 00:01:30.047000
abu_dhabi,SAI,2.0,HARD,40,0 days 00:01:30.108325,0 days 00:01:29.052000
abu_dhabi,STR,1.0,HARD,42,0 days 00:01:30.726238095,0 days 00:01:29.719000
abu_dhabi,STR,2.0,MEDIUM,16,0 days 00:01:29.468125,0 days 00:01:27.626000
abu_dhabi,TSU,1.0,HARD,32,0 days 00:01:30.808218750,0 days 00:01:29.949000
abu_dhabi,TSU,2.0,MEDIUM,26,0 days 00:01:30.207692307,0 days 00:01:28.557000
abu_dhabi,VER,1.0,MEDIUM,23,0 days 00:01:29.713000,0 days 00:01:29.117000
abu_dhabi,VER,2.0,HARD,35,0 days 00:01:28.687714285,0 days 00:01:27.625000
australian,ALB,1.0,INTERMEDIATE,1,0 days 00:02:12.195000,0 days 00:02:12.195000
australian,ALB,4.0,INTERMEDIATE,29,0 days 00:01:37.626931034,0 days 00:01:29.628000
australian,ALB,5.0,MEDIUM,11,0 days 00:01:57.063909090,0 days 00:01:24.597000
australian,ALB,6.0,INTERMEDIATE,13,0 days 00:01:47.786923076,0 days 00:01:29.944000
australian,ALO,1.0,INTERMEDIATE,1,0 days 00:02:17.178000,0 days 00:02:17.178000
australian,ALO,4.0,INTERMEDIATE,28,0 days 00:01:37.136642857,0 days 00:01:28.819000
australian,ANT,1.0,INTERMEDIATE,1,0 days 00:02:22.352000,0 days 00:02:22.352000
australian,ANT,4.0,INTERMEDIATE,29,0 days 00:01:37.508103448,0 days 00:01:29.032000
australian,ANT,5.0,HARD,11,0 days 00:01:56.732636363,0 days 00:01:24.901000
australian,ANT,6.0,INTERMEDIATE,13,0 days 00:01:47.164615384,0 days 00:01:28.149000
australian,BEA,1.0,INTERMEDIATE,1,0 days 00:02:29.413000,0 days 00:02:29.413000
australian,BEA,4.0,INTERMEDIATE,34,0 days 00:01:43.284205882,0 days 00:01:31.257000
australian,BEA,5.0,MEDIUM,5,0 days 00:01:40.918400,0 days 00:01:27.603000
australian,BEA,6.0,INTERMEDIATE,13,0 days 00:01:43.034307692,0 days 00:01:30.226000
australian,BOR,1.0,INTERMEDIATE,1,0 days 00:02:24.063000,0 days 00:02:24.063000
australian,BOR,4.0,INTERMEDIATE,29,0 days 00:01:38.856413793,0 days 00:01:29.830000
australian,BOR,5.0,MEDIUM,10,0 days 00:01:50.172700,0 days 00:01:24.192000
australian,BOR,6.0,INTERMEDIATE,1,0 days 00:01:36.255000,0 days 00:01:36.255000
australian,GAS,1.0,INTERMEDIATE,1,0 days 00:02:14.132000,0 days 00:02:14.132000
australian,GAS,4.0,INTERMEDIATE,29,0 days 00:01:37.652068965,0 days 00:01:29.299000
australian,GAS,5.0,HARD,13,0 days 00:01:53.630461538,0 days 00:01:25.020000
australian,GAS,6.0,INTERMEDIATE,11,0 days 00:01:50.979727272,0 days 00:01:30.866000
australian,HAM,1.0,INTERMEDIATE,1,0 days 00:02:12.883000,0 days 00:02:12.883000
australian,HAM,4.0,INTERMEDIATE,29,0 days 00:01:37.627137931,0 days 00:01:29.737000
australian,HAM,5.0,HARD,13,0 days 00:01:52.326846153,0 days 00:01:24.218000
australian,HAM,6.0,INTERMEDIATE,10,0 days 00:01:48.594200,0 days 00:01:29.874000
australian,HUL,1.0,INTERMEDIATE,1,0 days 00:02:21.221000,0 days 00:02:21.221000
australian,HUL,4.0,INTERMEDIATE,29,0 days 00:01:38.674517241,0 days 00:01:30.071000
australian,HUL,5.0,MEDIUM,11,0 days 00:01:53.838181818,0 days 00:01:25.243000
australian,HUL,6.0,INTERMEDIATE,13,0 days 00:01:47.766692307,0 days 00:01:30.360000
australian,LAW,1.0,INTERMEDIATE,1,0 days 00:02:28.795000,0 days 00:02:28.795000
australian,LAW,4.0,INTERMEDIATE,29,0 days 00:01:38.758000,0 days 00:01:30.803000
australian,LAW,5.0,MEDIUM,12,0 days 00:01:45.069083333,0 days 00:01:22.970000
australian,LEC,1.0,INTERMEDIATE,1,0 days 00:02:08.480000,0 days 00:02:08.480000
australian,LEC,4.0,INTERMEDIATE,30,0 days 00:01:37.892966666,0 days 00:01:29.337000
australian,LEC,5.0,HARD,12,0 days 00:01:53.806333333,0 days 00:01:25.271000
australian,LEC,6.0,INTERMEDIATE,10,0 days 00:01:47.753200,0 days 00:01:29.801000
australian,NOR,1.0,INTERMEDIATE,1,0 days 00:01:57.099000,0 days 00:01:57.099000
australian,NOR,4.0,INTERMEDIATE,30,0 days 00:01:36.368566666,0 days 00:01:27.495000
australian,NOR,5.0,HARD,9,0 days 00:01:59.541111111,0 days 00:01:22.167000
australian,NOR,6.0,INTERMEDIATE,13,0 days 00:01:47.513384615,0 days 00:01:27.126000
australian,OCO,1.0,INTERMEDIATE,1,0 days 00:02:25.769000,0 days 00:02:25.769000
australian,OCO,4.0,INTERMEDIATE,34,0 days 00:01:43.309176470,0 days 00:01:31.155000
australian,OCO,5.0,MEDIUM,7,0 days 00:01:39.745857142,0 days 00:01:26.764000
australian,OCO,6.0,INTERMEDIATE,11,0 days 00:01:44.316272727,0 days 00:01:30.924000
australian,PIA,1.0,INTERMEDIATE,1,0 days 00:02:00.807000,0 days 00:02:00.807000
australian,PIA,4.0,INTERMEDIATE,30,0 days 00:01:36.520766666,0 days 00:01:27.916000
australian,PIA,5.0,HARD,8,0 days 00:02:00.257375,0 days 00:01:23.242000
australian,PIA,6.0,INTERMEDIATE,13,0 days 00:01:42.300230769,0 days 00:01:28.559000
australian,RUS,1.0,INTERMEDIATE,1,0 days 00:02:04.644000,0 days 00:02:04.644000
australian,RUS,4.0,INTERMEDIATE,30,0 days 00:01:37.690400,0 days 00:01:29.041000
australian,RUS,5.0,HARD,9,0 days 00:01:55.785222222,0 days 00:01:25.065000
australian,RUS,6.0,INTERMEDIATE,13,0 days 00:01:47.534846153,0 days 00:01:29.117000
australian,STR,1.0,INTERMEDIATE,1,0 days 00:02:19.485000,0 days 00:02:19.485000
australian,STR,4.0,INTERMEDIATE,29,0 days 00:01:38.387655172,0 days 00:01:30.657000
australian,STR,5.0,HARD,11,0 days 00:01:54.559454545,0 days 00:01:25.538000
australian,STR,6.0,INTERMEDIATE,13,0 days 00:01:47.888153846,0 days 00:01:30.323000
australian,TSU,1.0,INTERMEDIATE,1,0 days 00:02:10.655000,0 days 00:02:10.655000
australian,TSU,4.0,INTERMEDIATE,29,0 days 00:01:37.674068965,0 days 00:01:30.031000
australian,TSU,5.0,MEDIUM,13,0 days 00:01:52.876846153,0 days 00:01:24.194000
australian,TSU,6.0,INTERMEDIATE,10,0 days 00:01:48.594000,0 days 00:01:31.511000
australian,VER,1.0,INTERMEDIATE,1,0 days 00:01:59.392000,0 days 00:01:59.392000
australian,VER,4.0,INTERMEDIATE,30,0 days 00:01:37.129900,0 days 00:01:28.046000
australian,VER,5.0,MEDIUM,11,0 days 00:01:52.330454545,0 days 00:01:23.081000
australian,VER,6.0,INTERMEDIATE,11,0 days 00:01:49.832454545,0 days 00:01:27.400000
austrian,ALB,1.0,MEDIUM,13,0 days 00:01:19.520615384,0 days 00:01:10.641000
austrian,ALB,2.0,MEDIUM,2,0 days 00:01:23.230000,0 days 00:01:18.845000
austrian,ALO,1.0,MEDIUM,33,0 days 00:01:15.018636363,0 days 00:01:10.810000
austrian,ALO,2.0,HARD,36,0 days 00:01:10.930972222,0 days 00:01:09.935000
austrian,BEA,1.0,SOFT,11,0 days 00:01:21.367363636,0 days 00:01:10.807000
austrian,BEA,2.0,HARD,28,0 days 00:01:12.179750,0 days 00:01:10.884000
austrian,BEA,3.0,MEDIUM,30,0 days 00:01:11.215766666,0 days 00:01:09.960000
austrian,BOR,1.0,MEDIUM,21,0 days 00:01:16.614047619,0 days 00:01:10.933000
austrian,BOR,2.0,MEDIUM,28,0 days 00:01:11.581678571,0 days 00:01:10.456000
austrian,BOR,3.0,HARD,20,0 days 00:01:10.823150,0 days 00:01:09.247000
austrian,COL,1.0,SOFT,13,0 days 00:01:20.132076923,0 days 00:01:10.842000
austrian,COL,2.0,MEDIUM,26,0 days 00:01:12.617076923,0 days 00:01:10.707000
austrian,COL,3.0,HARD,30,0 days 00:01:11.187466666,0 days 00:01:09.621000
austrian,GAS,1.0,SOFT,12,0 days 00:01:20.453166666,0 days 00:01:10.776000
austrian,GAS,2.0,HARD,26,0 days 00:01:12.407384615,0 days 00:01:10.300000
austrian,GAS,3.0,MEDIUM,31,0 days 00:01:11.378000,0 days 00:01:10.151000
austrian,HAD,1.0,SOFT,2,0 days 00:01:49.702000,0 days 00:01:42.317000
austrian,HAD,2.0,MEDIUM,26,0 days 00:01:13.315192307,0 days 00:01:10.974000
austrian,HAD,3.0,HARD,41,0 days 00:01:11.464658536,0 days 00:01:10.204000
austrian,HAM,1.0,MEDIUM,26,0 days 00:01:15.126769230,0 days 00:01:10.170000
austrian,HAM,2.0,HARD,24,0 days 00:01:10.974250,0 days 00:01:09.319000
austrian,HAM,3.0,MEDIUM,20,0 days 00:01:10.001750,0 days 00:01:08.628000
austrian,HUL,1.0,SOFT,12,0 days 00:01:20.875833333,0 days 00:01:10.949000
austrian,HUL,2.0,MEDIUM,30,0 days 00:01:11.695133333,0 days 00:01:10.708000
austrian,HUL,3.0,MEDIUM,27,0 days 00:01:10.890703703,0 days 00:01:09.459000
austrian,LAW,1.0,MEDIUM,32,0 days 00:01:15.050125,0 days 00:01:10.941000
austrian,LAW,2.0,HARD,38,0 days 00:01:10.890605263,0 days 00:01:09.977000
austrian,LEC,1.0,MEDIUM,25,0 days 00:01:15.159600,0 days 00:01:09.912000
austrian,LEC,2.0,HARD,24,0 days 00:01:10.762750,0 days 00:01:09.339000
austrian,LEC,3.0,MEDIUM,21,0 days 00:01:10.010333333,0 days 00:01:08.765000
austrian,NOR,1.0,MEDIUM,20,0 days 00:01:15.769400,0 days 00:01:09.313000
austrian,NOR,2.0,HARD,32,0 days 00:01:10.481062500,0 days 00:01:09.309000
austrian,NOR,3.0,MEDIUM,18,0 days 00:01:09.828388888,0 days 00:01:08.272000
austrian,OCO,1.0,MEDIUM,19,0 days 00:01:17.488789473,0 days 00:01:10.909000
austrian,OCO,2.0,HARD,31,0 days 00:01:11.532709677,0 days 00:01:10.244000
austrian,OCO,3.0,HARD,19,0 days 00:01:10.940947368,0 days 00:01:09.550000
austrian,PIA,1.0,MEDIUM,24,0 days 00:01:15.023375,0 days 00:01:09.271000
austrian,PIA,2.0,HARD,29,0 days 00:01:10.456827586,0 days 00:01:09.196000
austrian,PIA,3.0,MEDIUM,17,0 days 00:01:09.798764705,0 days 00:01:07.924000
austrian,RUS,1.0,MEDIUM,18,0 days 00:01:17.286444444,0 days 00:01:10.574000
austrian,RUS,2.0,MEDIUM,27,0 days 00:01:11.603333333,0 days 00:01:10.237000
austrian,RUS,3.0,HARD,25,0 days 00:01:10.625720,0 days 00:01:09.372000
austrian,STR,1.0,MEDIUM,26,0 days 00:01:16.413576923,0 days 00:01:10.931000
austrian,STR,2.0,HARD,27,0 days 00:01:11.901555555,0 days 00:01:10.510000
austrian,STR,3.0,SOFT,16,0 days 00:01:10.878750,0 days 00:01:09.214000
austrian,TSU,1.0,MEDIUM,18,0 days 00:01:17.956166666,0 days 00:01:10.949000
austrian,TSU,2.0,HARD,12,0 days 00:01:13.105250,0 days 00:01:10.539000
austrian,TSU,3.0,MEDIUM,30,0 days 00:01:11.769066666,0 days 00:01:10.015000
austrian,TSU,4.0,SOFT,8,0 days 00:01:14.640750,0 days 00:01:09.802000
azerbaijan,ALB,1.0,MEDIUM,1,0 days 00:02:36.417000,0 days 00:02:36.417000
azerbaijan,ALB,2.0,MEDIUM,11,0 days 00:01:49.044000,0 days 00:01:47.566000
azerbaijan,ALB,3.0,HARD,36,0 days 00:01:46.138833333,0 days 00:01:44.152000
azerbaijan,ALO,1.0,MEDIUM,18,0 days 00:01:49.990500,0 days 00:01:46.621000
azerbaijan,ALO,2.0,HARD,30,0 days 00:01:46.799900,0 days 00:01:45.002000
azerbaijan,ANT,1.0,MEDIUM,15,0 days 00:01:48.780800,0 days 00:01:46.243000
azerbaijan,ANT,2.0,HARD,33,0 days 00:01:45.562515151,0 days 00:01:44.091000
azerbaijan,BEA,1.0,HARD,25,0 days 00:01:49.748720,0 days 00:01:46.944000
azerbaijan,BEA,2.0,MEDIUM,23,0 days 00:01:45.772608695,0 days 00:01:44.288000
azerbaijan,BOR,1.0,HARD,23,0 days 00:01:49.218521739,0 days 00:01:46.512000
azerbaijan,BOR,2.0,MEDIUM,25,0 days 00:01:46.439720,0 days 00:01:44.930000
azerbaijan,COL,1.0,MEDIUM,13,0 days 00:01:51.896000,0 days 00:01:47.606000
azerbaijan,COL,2.0,HARD,34,0 days 00:01:47.617500,0 days 00:01:46.055000
azerbaijan,GAS,1.0,HARD,32,0 days 00:01:49.425875,0 days 00:01:46.716000
azerbaijan,GAS,2.0,MEDIUM,15,0 days 00:01:47.482533333,0 days 00:01:45.492000
azerbaijan,HAD,1.0,MEDIUM,26,0 days 00:01:48.518615384,0 days 00:01:46.017000
azerbaijan,HAD,2.0,HARD,22,0 days 00:01:45.380454545,0 days 00:01:43.884000
azerbaijan,HAM,1.0,HARD,33,0 days 00:01:47.742363636,0 days 00:01:45.213000
azerbaijan,HAM,2.0,MEDIUM,15,0 days 00:01:45.663200,0 days 00:01:43.977000
azerbaijan,HUL,1.0,HARD,33,0 days 00:01:49.177272727,0 days 00:01:46.173000
azerbaijan,HUL,2.0,MEDIUM,15,0 days 00:01:45.868866666,0 days 00:01:44.370000
azerbaijan,LAW,1.0,MEDIUM,17,0 days 00:01:48.415117647,0 days 00:01:46.258000
azerbaijan,LAW,2.0,HARD,31,0 days 00:01:45.895000,0 days 00:01:44.531000
azerbaijan,LEC,1.0,MEDIUM,16,0 days 00:01:49.455687500,0 days 00:01:46.016000
azerbaijan,LEC,2.0,HARD,32,0 days 00:01:45.885687500,0 days 00:01:44.274000
azerbaijan,NOR,1.0,MEDIUM,34,0 days 00:01:47.331617647,0 days 00:01:45.171000
azerbaijan,NOR,2.0,HARD,14,0 days 00:01:46.106000,0 days 00:01:44.155000
azerbaijan,OCO,1.0,HARD,1,0 days 00:02:32.985000,0 days 00:02:32.985000
azerbaijan,OCO,3.0,HARD,47,0 days 00:01:47.122361702,0 days 00:01:45.388000
azerbaijan,RUS,1.0,HARD,36,0 days 00:01:46.758138888,0 days 00:01:44.692000
azerbaijan,RUS,2.0,MEDIUM,12,0 days 00:01:45.551833333,0 days 00:01:43.754000
azerbaijan,SAI,1.0,MEDIUM,24,0 days 00:01:47.396291666,0 days 00:01:45.710000
azerbaijan,SAI,2.0,HARD,24,0 days 00:01:45.525791666,0 days 00:01:43.972000
azerbaijan,STR,1.0,MEDIUM,34,0 days 00:01:48.877352941,0 days 00:01:46.442000
azerbaijan,STR,2.0,HARD,14,0 days 00:01:47.165285714,0 days 00:01:45.083000
azerbaijan,TSU,1.0,HARD,35,0 days 00:01:47.167028571,0 days 00:01:44.952000
azerbaijan,TSU,2.0,MEDIUM,13,0 days 00:01:46.264000,0 days 00:01:44.434000
azerbaijan,VER,1.0,HARD,37,0 days 00:01:46.227918918,0 days 00:01:44.653000
azerbaijan,VER,2.0,MEDIUM,11,0 days 00:01:45.489818181,0 days 00:01:43.388000
bahrain,ALB,1.0,SOFT,16,0 days 00:01:40.343000,0 days 00:01:38.699000
bahrain,ALB,2.0,HARD,16,0 days 00:01:41.539000,0 days 00:01:37.209000
bahrain,ALB,3.0,MEDIUM,24,0 days 00:01:40.293166666,0 days 00:01:37.141000
bahrain,ALO,1.0,MEDIUM,16,0 days 00:01:40.680687500,0 days 00:01:39.318000
bahrain,ALO,2.0,MEDIUM,16,0 days 00:01:41.655062500,0 days 00:01:37.955000
bahrain,ALO,3.0,HARD,24,0 days 00:01:40.445666666,0 days 00:01:37.906000
bahrain,ANT,1.0,SOFT,12,0 days 00:01:39.538583333,0 days 00:01:38.187000
bahrain,ANT,2.0,MEDIUM,15,0 days 00:01:40.339800,0 days 00:01:37.732000
bahrain,ANT,3.0,SOFT,5,0 days 00:01:46.960000,0 days 00:01:36.690000
bahrain,ANT,4.0,SOFT,24,0 days 00:01:40.079041666,0 days 00:01:36.985000
bahrain,BEA,1.0,SOFT,14,0 days 00:01:40.443071428,0 days 00:01:39.246000
bahrain,BEA,2.0,HARD,18,0 days 00:01:41.357000,0 days 00:01:37.480000
bahrain,BEA,3.0,SOFT,25,0 days 00:01:42.256000,0 days 00:01:37.303000
bahrain,BOR,1.0,MEDIUM,13,0 days 00:01:41.161461538,0 days 00:01:39.772000
bahrain,BOR,2.0,HARD,19,0 days 00:01:42.220315789,0 days 00:01:38.456000
bahrain,BOR,3.0,MEDIUM,24,0 days 00:01:39.880125,0 days 00:01:38.006000
bahrain,DOO,1.0,SOFT,9,0 days 00:01:40.351333333,0 days 00:01:38.714000
bahrain,DOO,2.0,MEDIUM,19,0 days 00:01:40.009000,0 days 00:01:37.745000
bahrain,DOO,3.0,HARD,29,0 days 00:01:43.065793103,0 days 00:01:36.682000
bahrain,GAS,1.0,SOFT,10,0 days 00:01:39.707200,0 days 00:01:38.064000
bahrain,GAS,2.0,MEDIUM,18,0 days 00:01:39.657777777,0 days 00:01:37.388000
bahrain,GAS,3.0,HARD,29,0 days 00:01:42.914655172,0 days 00:01:36.531000
bahrain,HAD,1.0,SOFT,6,0 days 00:01:41.524833333,0 days 00:01:39.603000
bahrain,HAD,2.0,MEDIUM,22,0 days 00:01:40.271318181,0 days 00:01:37.392000
bahrain,HAD,3.0,HARD,29,0 days 00:01:42.780379310,0 days 00:01:36.952000
bahrain,HAM,1.0,MEDIUM,17,0 days 00:01:39.679235294,0 days 00:01:38.419000
bahrain,HAM,2.0,MEDIUM,15,0 days 00:01:40.225600,0 days 00:01:36.798000
bahrain,HAM,3.0,HARD,24,0 days 00:01:40.720958333,0 days 00:01:36.235000
bahrain,HUL,1.0,SOFT,5,0 days 00:01:42.384400,0 days 00:01:39.829000
bahrain,HUL,2.0,MEDIUM,22,0 days 00:01:40.388590909,0 days 00:01:37.950000
bahrain,HUL,3.0,MEDIUM,30,0 days 00:01:42.414533333,0 days 00:01:37.338000
bahrain,LAW,1.0,MEDIUM,14,0 days 00:01:40.851285714,0 days 00:01:39.609000
bahrain,LAW,2.0,HARD,18,0 days 00:01:42.060000,0 days 00:01:37.860000
bahrain,LAW,3.0,SOFT,24,0 days 00:01:39.489916666,0 days 00:01:37.380000
bahrain,LEC,1.0,MEDIUM,17,0 days 00:01:39.083000,0 days 00:01:38.048000
bahrain,LEC,2.0,MEDIUM,15,0 days 00:01:39.858533333,0 days 00:01:36.876000
bahrain,LEC,3.0,HARD,24,0 days 00:01:40.781458333,0 days 00:01:36.132000
bahrain,NOR,1.0,SOFT,10,0 days 00:01:39.023600,0 days 00:01:37.910000
bahrain,NOR,2.0,MEDIUM,22,0 days 00:01:39.759590909,0 days 00:01:37.453000
bahrain,NOR,3.0,MEDIUM,24,0 days 00:01:40.589875,0 days 00:01:35.728000
bahrain,OCO,1.0,SOFT,8,0 days 00:01:40.392000,0 days 00:01:38.726000
bahrain,OCO,2.0,MEDIUM,19,0 days 00:01:39.757052631,0 days 00:01:37.553000
bahrain,OCO,3.0,HARD,30,0 days 00:01:42.838633333,0 days 00:01:37.098000
bahrain,PIA,1.0,SOFT,14,0 days 00:01:38.642142857,0 days 00:01:37.492000
bahrain,PIA,2.0,MEDIUM,18,0 days 00:01:39.465277777,0 days 00:01:37.142000
bahrain,PIA,3.0,MEDIUM,24,0 days 00:01:40.083333333,0 days 00:01:35.140000
bahrain,RUS,1.0,SOFT,13,0 days 00:01:38.979461538,0 days 00:01:37.817000
bahrain,RUS,2.0,MEDIUM,19,0 days 00:01:39.690578947,0 days 00:01:37.653000
bahrain,RUS,3.0,SOFT,24,0 days 00:01:40.678166666,0 days 00:01:35.518000
bahrain,SAI,1.0,SOFT,14,0 days 00:01:40.268071428,0 days 00:01:38.185000
bahrain,SAI,2.0,MEDIUM,18,0 days 00:01:41.153166666,0 days 00:01:36.954000
bahrain,SAI,3.0,HARD,11,0 days 00:01:44.362727272,0 days 00:01:37.832000
bahrain,SAI,4.0,SOFT,1,0 days 00:02:12.350000,0 days 00:02:12.350000
bahrain,STR,1.0,SOFT,12,0 days 00:01:41.053666666,0 days 00:01:39.708000
bahrain,STR,2.0,MEDIUM,20,0 days 00:01:41.857000,0 days 00:01:38.667000
bahrain,STR,3.0,HARD,24,0 days 00:01:40.105000,0 days 00:01:38.064000
bahrain,TSU,1.0,SOFT,11,0 days 00:01:40.106818181,0 days 00:01:38.565000
bahrain,TSU,2.0,MEDIUM,21,0 days 00:01:41.170904761,0 days 00:01:38.009000
bahrain,TSU,3.0,SOFT,24,0 days 00:01:40.300916666,0 days 00:01:37.225000
bahrain,VER,1.0,SOFT,10,0 days 00:01:39.793400,0 days 00:01:38.403000
bahrain,VER,2.0,HARD,16,0 days 00:01:40.333562500,0 days 00:01:37.204000
bahrain,VER,3.0,MEDIUM,31,0 days 00:01:42.276096774,0 days 00:01:36.167000
belgian,ALB,1.0,INTERMEDIATE,9,0 days 00:02:10.665777777,0 days 00:02:01.326000
belgian,ALB,2.0,MEDIUM,32,0 days 00:01:48.212250,0 days 00:01:46.813000
belgian,ALO,1.0,INTERMEDIATE,8,0 days 00:02:16.521625,0 days 00:02:02.757000
belgian,ALO,2.0,MEDIUM,18,0 days 00:01:50.691277777,0 days 00:01:47.872000
belgian,ANT,1.0,INTERMEDIATE,9,0 days 00:02:14.852111111,0 days 00:02:02.188000
belgian,ANT,2.0,MEDIUM,18,0 days 00:01:49.774000,0 days 00:01:47.002000
belgian,BEA,1.0,INTERMEDIATE,9,0 days 00:02:12.477000,0 days 00:02:01.707000
belgian,BEA,2.0,MEDIUM,32,0 days 00:01:48.944875,0 days 00:01:46.709000
belgian,BOR,1.0,INTERMEDIATE,9,0 days 00:02:12.199444444,0 days 00:02:01.165000
belgian,BOR,2.0,MEDIUM,32,0 days 00:01:48.453375,0 days 00:01:46.966000
belgian,COL,1.0,INTERMEDIATE,9,0 days 00:02:13.803000,0 days 00:02:02.275000
belgian,COL,2.0,MEDIUM,16,0 days 00:01:50.860062500,0 days 00:01:48.423000
belgian,GAS,1.0,INTERMEDIATE,8,0 days 00:02:14.850875,0 days 00:02:02.097000
belgian,GAS,2.0,MEDIUM,33,0 days 00:01:49.120969696,0 days 00:01:47.177000
belgian,HAD,1.0,INTERMEDIATE,10,0 days 00:02:10.794900,0 days 00:02:01.255000
belgian,HAD,2.0,MEDIUM,7,0 days 00:01:53.856857142,0 days 00:01:50.008000
belgian,HAD,3.0,HARD,23,0 days 00:01:49.160130434,0 days 00:01:47.667000
belgian,HAM,1.0,INTERMEDIATE,8,0 days 00:02:15.249125,0 days 00:02:01.599000
belgian,HAM,2.0,MEDIUM,33,0 days 00:01:48.241969696,0 days 00:01:46.534000
belgian,HUL,1.0,INTERMEDIATE,8,0 days 00:02:15.104875,0 days 00:02:02.049000
belgian,HUL,2.0,MEDIUM,21,0 days 00:01:50.031476190,0 days 00:01:47.656000
belgian,LAW,1.0,INTERMEDIATE,9,0 days 00:02:11.949000,0 days 00:02:01.212000
belgian,LAW,2.0,MEDIUM,32,0 days 00:01:48.382781250,0 days 00:01:46.649000
belgian,LEC,1.0,INTERMEDIATE,9,0 days 00:02:09.742888888,0 days 00:02:00.142000
belgian,LEC,2.0,MEDIUM,32,0 days 00:01:47.791937500,0 days 00:01:46.174000
belgian,NOR,1.0,INTERMEDIATE,10,0 days 00:02:07.405100,0 days 00:01:59.136000
belgian,NOR,2.0,HARD,31,0 days 00:01:47.204483870,0 days 00:01:45.257000
belgian,OCO,1.0,INTERMEDIATE,10,0 days 00:02:12.112400,0 days 00:02:01.578000
belgian,OCO,2.0,MEDIUM,31,0 days 00:01:48.717967741,0 days 00:01:46.744000
belgian,PIA,1.0,INTERMEDIATE,9,0 days 00:02:08.360222222,0 days 00:01:59.092000
belgian,PIA,2.0,MEDIUM,32,0 days 00:01:47.478812500,0 days 00:01:45.706000
belgian,RUS,1.0,INTERMEDIATE,9,0 days 00:02:10.686444444,0 days 00:01:59.891000
belgian,RUS,2.0,MEDIUM,32,0 days 00:01:48.105656250,0 days 00:01:46.566000
belgian,SAI,1.0,INTERMEDIATE,9,0 days 00:02:14.186666666,0 days 00:02:02.267000
belgian,SAI,2.0,MEDIUM,14,0 days 00:01:51.184857142,0 days 00:01:48.431000
belgian,SAI,3.0,HARD,18,0 days 00:01:47.727944444,0 days 00:01:46.073000
belgian,STR,1.0,INTERMEDIATE,9,0 days 00:02:14.317888888,0 days 00:02:03.162000
belgian,STR,2.0,MEDIUM,32,0 days 00:01:48.768843750,0 days 00:01:47.212000
belgian,TSU,1.0,INTERMEDIATE,10,0 days 00:02:10.561600,0 days 00:02:00.831000
belgian,TSU,2.0,MEDIUM,31,0 days 00:01:48.769161290,0 days 00:01:47.241000
belgian,VER,1.0,INTERMEDIATE,9,0 days 00:02:09.946222222,0 days 00:02:00.190000
belgian,VER,2.0,MEDIUM,32,0 days 00:01:47.823531250,0 days 00:01:46.096000
british,ALB,1.0,INTERMEDIATE,12,0 days 00:01:57.359250,0 days 00:01:45.774000
british,ALB,2.0,INTERMEDIATE,25,0 days 00:01:49.299920,0 days 00:01:39.220000
british,ALB,3.0,MEDIUM,10,0 days 00:01:34.918500,0 days 00:01:30.047000
british,ALO,1.0,INTERMEDIATE,11,0 days 00:01:57.428090909,0 days 00:01:45.678000
british,ALO,2.0,INTERMEDIATE,21,0 days 00:01:50.801714285,0 days 00:01:40.138000
british,ALO,3.0,MEDIUM,15,0 days 00:01:38.012800,0 days 00:01:30.353000
british,ANT,1.0,INTERMEDIATE,2,0 days 00:02:02.421000,0 days 00:01:51.613000
british,ANT,2.0,HARD,6,0 days 00:01:55.508333333,0 days 00:01:39.336000
british,ANT,3.0,INTERMEDIATE,7,0 days 00:02:04.493714285,0 days 00:01:47.009000
british,ANT,4.0,INTERMEDIATE,2,0 days 00:01:56.100500,0 days 00:01:55.501000
british,BEA,1.0,HARD,10,0 days 00:02:00.124800,0 days 00:01:42.431000
british,BEA,2.0,INTERMEDIATE,26,0 days 00:01:49.476038461,0 days 00:01:39.875000
british,BEA,3.0,MEDIUM,11,0 days 00:01:36.110636363,0 days 00:01:30.921000
british,BOR,1.0,MEDIUM,3,0 days 00:02:16.367666666,0 days 00:02:15.202000
british,GAS,1.0,INTERMEDIATE,11,0 days 00:01:57.334000,0 days 00:01:45.466000
british,GAS,2.0,INTERMEDIATE,25,0 days 00:01:49.305680,0 days 00:01:41.825000
british,GAS,3.0,MEDIUM,11,0 days 00:01:35.930272727,0 days 00:01:30.751000
british,HAD,1.0,MEDIUM,10,0 days 00:01:59.892400,0 days 00:01:41.705000
british,HAD,2.0,INTERMEDIATE,5,0 days 00:02:06.310000,0 days 00:01:48.339000
british,HAM,1.0,INTERMEDIATE,11,0 days 00:01:57.221909090,0 days 00:01:46.102000
british,HAM,2.0,INTERMEDIATE,25,0 days 00:01:48.647080,0 days 00:01:39.553000
british,HAM,3.0,SOFT,11,0 days 00:01:35.804636363,0 days 00:01:30.016000
british,HUL,1.0,INTERMEDIATE,9,0 days 00:01:59.704111111,0 days 00:01:45.879000
british,HUL,2.0,INTERMEDIATE,27,0 days 00:01:46.431740740,0 days 00:01:38.912000
british,HUL,3.0,MEDIUM,10,0 days 00:01:35.119200,0 days 00:01:30.933000
british,LEC,1.0,MEDIUM,10,0 days 00:01:59.338300,0 days 00:01:40.092000
british,LEC,2.0,INTERMEDIATE,27,0 days 00:01:49.154074074,0 days 00:01:39.616000
british,LEC,3.0,SOFT,10,0 days 00:01:37.350700,0 days 00:01:30.819000
british,NOR,1.0,INTERMEDIATE,11,0 days 00:01:56.289181818,0 days 00:01:44.869000
british,NOR,2.0,INTERMEDIATE,27,0 days 00:01:44.647185185,0 days 00:01:38.778000
british,NOR,3.0,MEDIUM,8,0 days 00:01:33.826125,0 days 00:01:29.734000
british,OCO,1.0,INTERMEDIATE,16,0 days 00:02:01.457875,0 days 00:01:46.266000
british,OCO,2.0,INTERMEDIATE,21,0 days 00:01:44.166952380,0 days 00:01:39.944000
british,OCO,3.0,MEDIUM,10,0 days 00:01:35.977600,0 days 00:01:30.818000
british,PIA,1.0,INTERMEDIATE,11,0 days 00:01:55.595454545,0 days 00:01:44.171000
british,PIA,2.0,INTERMEDIATE,26,0 days 00:01:44.422000,0 days 00:01:37.478000
british,PIA,3.0,MEDIUM,9,0 days 00:01:35.464111111,0 days 00:01:29.337000
british,RUS,1.0,HARD,10,0 days 00:01:58.714500,0 days 00:01:41.287000
british,RUS,2.0,INTERMEDIATE,23,0 days 00:01:50.065304347,0 days 00:01:41.178000
british,RUS,3.0,HARD,14,0 days 00:01:38.101785714,0 days 00:01:30.869000
british,SAI,1.0,INTERMEDIATE,11,0 days 00:01:57.570727272,0 days 00:01:46.016000
british,SAI,2.0,INTERMEDIATE,25,0 days 00:01:49.857040,0 days 00:01:40.264000
british,SAI,3.0,MEDIUM,11,0 days 00:01:36.637636363,0 days 00:01:30.645000
british,STR,1.0,INTERMEDIATE,6,0 days 00:02:03.369666666,0 days 00:01:46.197000
british,STR,2.0,SOFT,4,0 days 00:01:50.199000,0 days 00:01:40.708000
british,STR,3.0,INTERMEDIATE,25,0 days 00:01:47.211240,0 days 00:01:40.951000
british,STR,4.0,SOFT,11,0 days 00:01:36.542909090,0 days 00:01:32.088000
british,TSU,1.0,INTERMEDIATE,11,0 days 00:01:58.243818181,0 days 00:01:46.058000
british,TSU,2.0,INTERMEDIATE,25,0 days 00:01:50.750840,0 days 00:01:43.258000
british,TSU,3.0,MEDIUM,10,0 days 00:01:39.315800,0 days 00:01:30.873000
british,VER,1.0,INTERMEDIATE,11,0 days 00:01:56.416090909,0 days 00:01:44.809000
british,VER,2.0,INTERMEDIATE,24,0 days 00:01:46.994041666,0 days 00:01:39.465000
british,VER,3.0,MEDIUM,11,0 days 00:01:35.868272727,0 days 00:01:30.179000
canadian,ALB,1.0,MEDIUM,23,0 days 00:01:19.456869565,0 days 00:01:17.275000
canadian,ALB,2.0,HARD,23,0 days 00:01:17.198782608,0 days 00:01:16.197000
canadian,ALO,1.0,MEDIUM,15,0 days 00:01:19.137200,0 days 00:01:16.369000
canadian,ALO,2.0,HARD,35,0 days 00:01:17.316857142,0 days 00:01:15.931000
canadian,ALO,3.0,HARD,16,0 days 00:01:17.110250,0 days 00:01:15.024000
canadian,ALO,4.0,HARD,1,0 days 00:01:53.748000,0 days 00:01:53.748000
canadian,ALO,5.0,HARD,1,0 days 00:01:39.322000,0 days 00:01:39.322000
canadian,ALO,6.0,HARD,1,0 days 00:01:36.570000,0 days 00:01:36.570000
canadian,ALO,7.0,HARD,1,0 days 00:01:27.108000,0 days 00:01:27.108000
canadian,ANT,1.0,MEDIUM,14,0 days 00:01:18.240857142,0 days 00:01:16.159000
canadian,ANT,2.0,HARD,24,0 days 00:01:16.592208333,0 days 00:01:15.362000
canadian,ANT,3.0,HARD,29,0 days 00:01:16.094379310,0 days 00:01:14.455000
canadian,ANT,4.0,HARD,1,0 days 00:02:03.303000,0 days 00:02:03.303000
canadian,ANT,5.0,HARD,1,0 days 00:02:03.706000,0 days 00:02:03.706000
canadian,ANT,6.0,HARD,1,0 days 00:02:06.371000,0 days 00:02:06.371000
canadian,BEA,1.0,MEDIUM,18,0 days 00:01:19.646444444,0 days 00:01:17.297000
canadian,BEA,2.0,HARD,48,0 days 00:01:17.846812500,0 days 00:01:15.397000
canadian,BEA,3.0,SOFT,1,0 days 00:01:56.832000,0 days 00:01:56.832000
canadian,BEA,4.0,SOFT,1,0 days 00:01:47.065000,0 days 00:01:47.065000
canadian,BEA,5.0,SOFT,1,0 days 00:02:02.225000,0 days 00:02:02.225000
canadian,BOR,1.0,HARD,49,0 days 00:01:18.385204081,0 days 00:01:16.911000
canadian,BOR,2.0,MEDIUM,17,0 days 00:01:18.541823529,0 days 00:01:15.414000
canadian,BOR,3.0,MEDIUM,1,0 days 00:01:57.562000,0 days 00:01:57.562000
canadian,BOR,4.0,MEDIUM,1,0 days 00:01:46.030000,0 days 00:01:46.030000
canadian,BOR,5.0,MEDIUM,1,0 days 00:02:00.889000,0 days 00:02:00.889000
canadian,COL,1.0,MEDIUM,14,0 days 00:01:19.704928571,0 days 00:01:17.262000
canadian,COL,2.0,HARD,52,0 days 00:01:18.063384615,0 days 00:01:16.076000
canadian,COL,3.0,HARD,1,0 days 00:01:56.920000,0 days 00:01:56.920000
canadian,COL,4.0,HARD,1,0 days 00:01:45.834000,0 days 00:01:45.834000
canadian,COL,5.0,HARD,1,0 days 00:02:01.787000,0 days 00:02:01.787000
canadian,GAS,1.0,HARD,53,0 days 00:01:18.344886792,0 days 00:01:16.409000
canadian,GAS,2.0,MEDIUM,13,0 days 00:01:19.018615384,0 days 00:01:14.993000
canadian,GAS,3.0,MEDIUM,1,0 days 00:01:55.427000,0 days 00:01:55.427000
canadian,GAS,4.0,MEDIUM,1,0 days 00:01:46.730000,0 days 00:01:46.730000
canadian,GAS,5.0,MEDIUM,1,0 days 00:01:58.960000,0 days 00:01:58.960000
canadian,HAD,1.0,MEDIUM,13,0 days 00:01:20.127076923,0 days 00:01:17.198000
canadian,HAD,2.0,HARD,53,0 days 00:01:18.190792452,0 days 00:01:16.292000
canadian,HAD,3.0,SOFT,1,0 days 00:01:55.651000,0 days 00:01:55.651000
canadian,HAD,4.0,SOFT,1,0 days 00:01:42.898000,0 days 00:01:42.898000
canadian,HAD,5.0,SOFT,1,0 days 00:01:57.112000,0 days 00:01:57.112000
canadian,HAM,1.0,MEDIUM,15,0 days 00:01:18.593266666,0 days 00:01:16.433000
canadian,HAM,2.0,HARD,30,0 days 00:01:17.019666666,0 days 00:01:15.748000
canadian,HAM,3.0,HARD,22,0 days 00:01:17.718772727,0 days 00:01:14.805000
canadian,HAM,4.0,HARD,1,0 days 00:01:50.618000,0 days 00:01:50.618000
canadian,HAM,5.0,HARD,1,0 days 00:01:37.731000,0 days 00:01:37.731000
canadian,HAM,6.0,HARD,1,0 days 00:01:55.750000,0 days 00:01:55.750000
canadian,HUL,1.0,MEDIUM,19,0 days 00:01:19.037105263,0 days 00:01:16.987000
canadian,HUL,2.0,HARD,47,0 days 00:01:17.220829787,0 days 00:01:15.372000
canadian,HUL,3.0,HARD,1,0 days 00:01:52.362000,0 days 00:01:52.362000
canadian,HUL,4.0,HARD,1,0 days 00:01:39.180000,0 days 00:01:39.180000
canadian,HUL,5.0,HARD,1,0 days 00:01:36.855000,0 days 00:01:36.855000
canadian,HUL,6.0,HARD,1,0 days 00:01:28.571000,0 days 00:01:28.571000
canadian,LAW,1.0,HARD,38,0 days 00:01:18.768368421,0 days 00:01:17.352000
canadian,LAW,2.0,MEDIUM,15,0 days 00:01:17.538266666,0 days 00:01:16.320000
canadian,LEC,1.0,HARD,28,0 days 00:01:17.591178571,0 days 00:01:16.019000
canadian,LEC,2.0,HARD,25,0 days 00:01:16.164640,0 days 00:01:14.971000
canadian,LEC,3.0,MEDIUM,14,0 days 00:01:17.909285714,0 days 00:01:14.261000
canadian,LEC,4.0,MEDIUM,1,0 days 00:01:54.938000,0 days 00:01:54.938000
canadian,LEC,5.0,MEDIUM,1,0 days 00:01:50.800000,0 days 00:01:50.800000
canadian,LEC,6.0,MEDIUM,1,0 days 00:02:02.993000,0 days 00:02:02.993000
canadian,NOR,1.0,HARD,29,0 days 00:01:17.449482758,0 days 00:01:16.141000
canadian,NOR,2.0,MEDIUM,18,0 days 00:01:16.276000,0 days 00:01:14.725000
canadian,NOR,3.0,HARD,19,0 days 00:01:14.656157894,0 days 00:01:14.229000
canadian,OCO,1.0,HARD,57,0 days 00:01:17.834280701,0 days 00:01:16.384000
canadian,OCO,2.0,MEDIUM,9,0 days 00:01:19.065777777,0 days 00:01:14.593000
canadian,OCO,3.0,MEDIUM,1,0 days 00:01:57.088000,0 days 00:01:57.088000
canadian,OCO,4.0,MEDIUM,1,0 days 00:02:03.241000,0 days 00:02:03.241000
canadian,OCO,5.0,MEDIUM,1,0 days 00:02:05.686000,0 days 00:02:05.686000
canadian,PIA,1.0,MEDIUM,16,0 days 00:01:18.197875,0 days 00:01:16.209000
canadian,PIA,2.0,HARD,29,0 days 00:01:16.325000,0 days 00:01:15.203000
canadian,PIA,3.0,HARD,22,0 days 00:01:16.560636363,0 days 00:01:14.255000
canadian,PIA,4.0,SOFT,1,0 days 00:01:58.447000,0 days 00:01:58.447000
canadian,PIA,5.0,SOFT,1,0 days 00:02:03.935000,0 days 00:02:03.935000
canadian,PIA,6.0,SOFT,1,0 days 00:02:03.490000,0 days 00:02:03.490000
canadian,RUS,1.0,MEDIUM,13,0 days 00:01:17.991307692,0 days 00:01:15.808000
canadian,RUS,2.0,HARD,29,0 days 00:01:16.438793103,0 days 00:01:15.299000
canadian,RUS,3.0,HARD,25,0 days 00:01:16.158160,0 days 00:01:14.119000
canadian,RUS,4.0,HARD,1,0 days 00:02:06.769000,0 days 00:02:06.769000
canadian,RUS,5.0,HARD,1,0 days 00:02:03.817000,0 days 00:02:03.817000
canadian,RUS,6.0,HARD,1,0 days 00:02:07.536000,0 days 00:02:07.536000
canadian,SAI,1.0,HARD,57,0 days 00:01:17.902596491,0 days 00:01:16.426000
canadian,SAI,2.0,MEDIUM,9,0 days 00:01:18.694888888,0 days 00:01:14.389000
canadian,SAI,3.0,MEDIUM,1,0 days 00:01:57.479000,0 days 00:01:57.479000
canadian,SAI,4.0,MEDIUM,1,0 days 00:02:03.540000,0 days 00:02:03.540000
canadian,SAI,5.0,MEDIUM,1,0 days 00:02:04.853000,0 days 00:02:04.853000
canadian,STR,1.0,HARD,24,0 days 00:01:19.345208333,0 days 00:01:17.394000
canadian,STR,2.0,HARD,27,0 days 00:01:17.945740740,0 days 00:01:16.217000
canadian,STR,3.0,MEDIUM,15,0 days 00:01:18.643933333,0 days 00:01:14.902000
canadian,STR,4.0,SOFT,1,0 days 00:01:55.934000,0 days 00:01:55.934000
canadian,STR,5.0,SOFT,1,0 days 00:01:41.811000,0 days 00:01:41.811000
canadian,STR,6.0,SOFT,1,0 days 00:01:55.527000,0 days 00:01:55.527000
canadian,TSU,1.0,HARD,56,0 days 00:01:18.052964285,0 days 00:01:16.557000
canadian,TSU,2.0,MEDIUM,10,0 days 00:01:20.168300,0 days 00:01:15.358000
canadian,TSU,3.0,MEDIUM,1,0 days 00:01:57.242000,0 days 00:01:57.242000
canadian,TSU,4.0,MEDIUM,1,0 days 00:01:46.349000,0 days 00:01:46.349000
canadian,TSU,5.0,MEDIUM,1,0 days 00:02:01.904000,0 days 00:02:01.904000
canadian,VER,1.0,MEDIUM,12,0 days 00:01:18.350083333,0 days 00:01:15.901000
canadian,VER,2.0,HARD,25,0 days 00:01:16.687880,0 days 00:01:15.464000
canadian,VER,3.0,HARD,30,0 days 00:01:15.993800,0 days 00:01:14.287000
canadian,VER,4.0,HARD,1,0 days 00:02:05.276000,0 days 00:02:05.276000
canadian,VER,5.0,HARD,1,0 days 00:02:03.745000,0 days 00:02:03.745000
canadian,VER,6.0,HARD,1,0 days 00:02:06.683000,0 days 00:02:06.683000
chinese,ALB,1.0,MEDIUM,20,0 days 00:01:39.562750,0 days 00:01:38.311000
chinese,ALB,2.0,HARD,36,0 days 00:01:37.780333333,0 days 00:01:36.254000
chinese,ALO,1.0,MEDIUM,4,0 days 00:01:51.393500,0 days 00:01:39.256000
chinese,ANT,1.0,MEDIUM,12,0 days 00:01:39.703166666,0 days 00:01:38.347000
chinese,ANT,2.0,HARD,44,0 days 00:01:38.007636363,0 days 00:01:36.046000
chinese,BEA,1.0,HARD,26,0 days 00:01:39.675730769,0 days 00:01:38.371000
chinese,BEA,2.0,MEDIUM,30,0 days 00:01:37.492000,0 days 00:01:36.363000
chinese,BOR,1.0,MEDIUM,1,0 days 00:02:03.657000,0 days 00:02:03.657000
chinese,BOR,2.0,HARD,25,0 days 00:01:40.104520,0 days 00:01:37.965000
chinese,BOR,3.0,HARD,29,0 days 00:01:37.914206896,0 days 00:01:35.874000
chinese,DOO,1.0,MEDIUM,11,0 days 00:01:40.634818181,0 days 00:01:39.179000
chinese,DOO,2.0,HARD,45,0 days 00:01:38.365422222,0 days 00:01:36.424000
chinese,GAS,1.0,MEDIUM,10,0 days 00:01:40.336200,0 days 00:01:38.528000
chinese,GAS,2.0,HARD,46,0 days 00:01:38.236065217,0 days 00:01:36.425000
chinese,HAD,1.0,MEDIUM,12,0 days 00:01:39.886916666,0 days 00:01:38.746000
chinese,HAD,2.0,HARD,21,0 days 00:01:39.417714285,0 days 00:01:37.675000
chinese,HAD,3.0,HARD,23,0 days 00:01:37.716782608,0 days 00:01:35.868000
chinese,HAM,1.0,MEDIUM,13,0 days 00:01:38.937307692,0 days 00:01:37.802000
chinese,HAM,2.0,HARD,24,0 days 00:01:38.451125,0 days 00:01:36.957000
chinese,HAM,3.0,HARD,19,0 days 00:01:36.389210526,0 days 00:01:35.069000
chinese,HUL,1.0,MEDIUM,20,0 days 00:01:40.973750,0 days 00:01:39.459000
chinese,HUL,2.0,HARD,35,0 days 00:01:38.736485714,0 days 00:01:37.275000
chinese,LAW,1.0,HARD,18,0 days 00:01:40.257555555,0 days 00:01:38.801000
chinese,LAW,2.0,MEDIUM,12,0 days 00:01:39.839333333,0 days 00:01:37.626000
chinese,LAW,3.0,HARD,26,0 days 00:01:37.440961538,0 days 00:01:35.985000
chinese,LEC,1.0,MEDIUM,15,0 days 00:01:38.860200,0 days 00:01:37.648000
chinese,LEC,2.0,HARD,41,0 days 00:01:37.447170731,0 days 00:01:36.157000
chinese,NOR,1.0,MEDIUM,15,0 days 00:01:38.512200,0 days 00:01:37.597000
chinese,NOR,2.0,HARD,41,0 days 00:01:37.246121951,0 days 00:01:35.454000
chinese,OCO,1.0,MEDIUM,11,0 days 00:01:40.089545454,0 days 00:01:38.906000
chinese,OCO,2.0,HARD,45,0 days 00:01:37.866888888,0 days 00:01:35.740000
chinese,PIA,1.0,MEDIUM,14,0 days 00:01:38.293642857,0 days 00:01:37.539000
chinese,PIA,2.0,HARD,42,0 days 00:01:37.117023809,0 days 00:01:35.520000
chinese,RUS,1.0,MEDIUM,14,0 days 00:01:38.688785714,0 days 00:01:37.463000
chinese,RUS,2.0,HARD,42,0 days 00:01:37.249523809,0 days 00:01:35.816000
chinese,SAI,1.0,MEDIUM,17,0 days 00:01:40.047352941,0 days 00:01:38.787000
chinese,SAI,2.0,HARD,39,0 days 00:01:38.220717948,0 days 00:01:36.779000
chinese,STR,1.0,HARD,36,0 days 00:01:39.222333333,0 days 00:01:37.867000
chinese,STR,2.0,MEDIUM,20,0 days 00:01:37.661300,0 days 00:01:36.044000
chinese,TSU,1.0,MEDIUM,11,0 days 00:01:39.868727272,0 days 00:01:38.748000
chinese,TSU,2.0,HARD,24,0 days 00:01:39.079958333,0 days 00:01:37.646000
chinese,TSU,3.0,HARD,11,0 days 00:01:39.394272727,0 days 00:01:36.499000
chinese,TSU,4.0,MEDIUM,9,0 days 00:01:40.969444444,0 days 00:01:35.871000
chinese,VER,1.0,MEDIUM,13,0 days 00:01:39.354076923,0 days 00:01:38.302000
chinese,VER,2.0,HARD,43,0 days 00:01:37.211139534,0 days 00:01:35.488000
dutch,ALB,1.0,MEDIUM,23,0 days 00:01:18.126782608,0 days 00:01:16.511000
dutch,ALB,2.0,HARD,30,0 days 00:01:20.197100,0 days 00:01:15.244000
dutch,ALB,3.0,SOFT,19,0 days 00:01:30.176157894,0 days 00:01:13.687000
dutch,ALO,1.0,MEDIUM,18,0 days 00:01:17.584611111,0 days 00:01:16.726000
dutch,ALO,2.0,HARD,22,0 days 00:01:22.686681818,0 days 00:01:15.053000
dutch,ALO,3.0,HARD,32,0 days 00:01:24.560250,0 days 00:01:13.719000
dutch,ANT,1.0,MEDIUM,23,0 days 00:01:18.277260869,0 days 00:01:16.236000
dutch,ANT,2.0,HARD,28,0 days 00:01:19.401214285,0 days 00:01:14.692000
dutch,ANT,3.0,SOFT,2,0 days 00:01:37.113000,0 days 00:01:29.067000
dutch,ANT,4.0,SOFT,19,0 days 00:01:29.423210526,0 days 00:01:13.480000
dutch,BEA,1.0,HARD,53,0 days 00:01:19.891792452,0 days 00:01:15.744000
dutch,BEA,2.0,MEDIUM,19,0 days 00:01:28.664631578,0 days 00:01:13.950000
dutch,BOR,1.0,MEDIUM,22,0 days 00:01:17.905545454,0 days 00:01:16.593000
dutch,BOR,2.0,HARD,38,0 days 00:01:23.774921052,0 days 00:01:15.653000
dutch,BOR,3.0,SOFT,12,0 days 00:01:26.170416666,0 days 00:01:14.307000
dutch,COL,1.0,SOFT,19,0 days 00:01:17.726368421,0 days 00:01:16.606000
dutch,COL,2.0,HARD,34,0 days 00:01:21.415058823,0 days 00:01:15.340000
dutch,COL,3.0,MEDIUM,12,0 days 00:01:27.164333333,0 days 00:01:14.760000
dutch,COL,4.0,SOFT,7,0 days 00:01:30.496428571,0 days 00:01:13.049000
dutch,GAS,1.0,MEDIUM,23,0 days 00:01:18.557173913,0 days 00:01:16.690000
dutch,GAS,2.0,HARD,49,0 days 00:01:24.217612244,0 days 00:01:15.248000
dutch,HAD,1.0,MEDIUM,23,0 days 00:01:17.092217391,0 days 00:01:15.539000
dutch,HAD,2.0,HARD,30,0 days 00:01:20.234100,0 days 00:01:14.533000
dutch,HAD,3.0,SOFT,19,0 days 00:01:31.207263157,0 days 00:01:13.327000
dutch,HAM,1.0,MEDIUM,22,0 days 00:01:16.612636363,0 days 00:01:15.684000
dutch,HUL,1.0,SOFT,19,0 days 00:01:17.777631578,0 days 00:01:16.598000
dutch,HUL,2.0,HARD,34,0 days 00:01:21.401176470,0 days 00:01:15.335000
dutch,HUL,3.0,MEDIUM,19,0 days 00:01:28.639947368,0 days 00:01:14.912000
dutch,LAW,1.0,MEDIUM,23,0 days 00:01:17.770086956,0 days 00:01:16.153000
dutch,LAW,2.0,HARD,4,0 days 00:01:53.258750,0 days 00:01:36.652000
dutch,LAW,3.0,SOFT,25,0 days 00:01:19.076280,0 days 00:01:15.370000
dutch,LAW,4.0,SOFT,20,0 days 00:01:25.412900,0 days 00:01:13.879000
dutch,LEC,1.0,MEDIUM,22,0 days 00:01:16.591954545,0 days 00:01:15.362000
dutch,LEC,2.0,HARD,30,0 days 00:01:20.399833333,0 days 00:01:14.557000
dutch,NOR,1.0,MEDIUM,23,0 days 00:01:16.105782608,0 days 00:01:14.708000
dutch,NOR,2.0,HARD,30,0 days 00:01:20.428133333,0 days 00:01:13.908000
dutch,NOR,3.0,HARD,11,0 days 00:01:31.382727272,0 days 00:01:12.379000
dutch,OCO,1.0,HARD,52,0 days 00:01:19.478884615,0 days 00:01:15.634000
dutch,OCO,2.0,MEDIUM,20,0 days 00:01:29.550500,0 days 00:01:13.986000
dutch,PIA,1.0,MEDIUM,23,0 days 00:01:15.873869565,0 days 00:01:14.901000
dutch,PIA,2.0,HARD,30,0 days 00:01:20.457700,0 days 00:01:13.965000
dutch,PIA,3.0,HARD,19,0 days 00:01:32.158894736,0 days 00:01:12.271000
dutch,RUS,1.0,MEDIUM,23,0 days 00:01:17.236695652,0 days 00:01:15.957000
dutch,RUS,2.0,HARD,30,0 days 00:01:20.760866666,0 days 00:01:15.056000
dutch,RUS,3.0,SOFT,19,0 days 00:01:30.328052631,0 days 00:01:13.728000
dutch,SAI,1.0,MEDIUM,23,0 days 00:01:17.827173913,0 days 00:01:16.185000
dutch,SAI,2.0,HARD,4,0 days 00:01:52.675750,0 days 00:01:37.211000
dutch,SAI,3.0,SOFT,24,0 days 00:01:18.172125,0 days 00:01:14.913000
dutch,SAI,4.0,SOFT,14,0 days 00:01:25.233214285,0 days 00:01:13.808000
dutch,SAI,5.0,SOFT,7,0 days 00:01:28.157285714,0 days 00:01:13.841000
dutch,STR,1.0,MEDIUM,8,0 days 00:01:18.887375,0 days 00:01:16.491000
dutch,STR,2.0,HARD,44,0 days 00:01:19.538068181,0 days 00:01:15.242000
dutch,STR,3.0,HARD,20,0 days 00:01:29.428600,0 days 00:01:13.822000
dutch,TSU,1.0,SOFT,19,0 days 00:01:17.518315789,0 days 00:01:16.636000
dutch,TSU,2.0,HARD,34,0 days 00:01:21.247970588,0 days 00:01:15.319000
dutch,TSU,3.0,SOFT,19,0 days 00:01:28.850894736,0 days 00:01:14.354000
dutch,VER,1.0,SOFT,23,0 days 00:01:16.941304347,0 days 00:01:15.648000
dutch,VER,2.0,MEDIUM,30,0 days 00:01:20.212333333,0 days 00:01:14.741000
dutch,VER,3.0,SOFT,19,0 days 00:01:31.321052631,0 days 00:01:12.921000
emilia_romagna,ALB,1.0,MEDIUM,29,0 days 00:01:22.940931034,0 days 00:01:21.583000
emilia_romagna,ALB,2.0,HARD,18,0 days 00:01:27.361277777,0 days 00:01:20.384000
emilia_romagna,ALB,3.0,HARD,16,0 days 00:01:35.834625,0 days 00:01:18.289000
emilia_romagna,ALO,1.0,MEDIUM,12,0 days 00:01:22.791750,0 days 00:01:21.401000
emilia_romagna,ALO,2.0,HARD,34,0 days 00:01:26.010970588,0 days 00:01:21.367000
emilia_romagna,ALO,3.0,MEDIUM,17,0 days 00:01:34.269117647,0 days 00:01:19.894000
emilia_romagna,ANT,1.0,HARD,29,0 days 00:01:23.366103448,0 days 00:01:21.239000
emilia_romagna,ANT,2.0,MEDIUM,15,0 days 00:01:24.808466666,0 days 00:01:20.620000
emilia_romagna,BEA,1.0,HARD,29,0 days 00:01:23.802655172,0 days 00:01:21.885000
emilia_romagna,BEA,2.0,MEDIUM,2,0 days 00:01:51.143500,0 days 00:01:28.912000
emilia_romagna,BEA,3.0,HARD,32,0 days 00:01:29.826343750,0 days 00:01:19.521000
emilia_romagna,BOR,1.0,MEDIUM,12,0 days 00:01:23.374333333,0 days 00:01:21.582000
emilia_romagna,BOR,2.0,HARD,17,0 days 00:01:25.698117647,0 days 00:01:21.886000
emilia_romagna,BOR,3.0,HARD,17,0 days 00:01:26.743058823,0 days 00:01:21.039000
emilia_romagna,BOR,4.0,MEDIUM,17,0 days 00:01:34.104647058,0 days 00:01:20.630000
emilia_romagna,COL,1.0,MEDIUM,22,0 days 00:01:23.274409090,0 days 00:01:21.914000
emilia_romagna,COL,2.0,HARD,24,0 days 00:01:27.332625,0 days 00:01:20.798000
emilia_romagna,COL,3.0,HARD,17,0 days 00:01:34.034705882,0 days 00:01:20.345000
emilia_romagna,GAS,1.0,MEDIUM,9,0 days 00:01:23.619333333,0 days 00:01:21.541000
emilia_romagna,GAS,2.0,HARD,20,0 days 00:01:24.933000,0 days 00:01:21.243000
emilia_romagna,GAS,3.0,HARD,34,0 days 00:01:30.393794117,0 days 00:01:20.398000
emilia_romagna,HAD,1.0,MEDIUM,29,0 days 00:01:23.342413793,0 days 00:01:21.233000
emilia_romagna,HAD,2.0,HARD,17,0 days 00:01:26.225529411,0 days 00:01:20.295000
emilia_romagna,HAD,3.0,HARD,17,0 days 00:01:36.118882352,0 days 00:01:19.473000
emilia_romagna,HAM,1.0,HARD,29,0 days 00:01:23.383103448,0 days 00:01:21.230000
emilia_romagna,HAM,2.0,MEDIUM,17,0 days 00:01:25.556352941,0 days 00:01:19.473000
emilia_romagna,HAM,3.0,HARD,17,0 days 00:01:36.175705882,0 days 00:01:18.265000
emilia_romagna,HUL,1.0,HARD,29,0 days 00:01:23.731379310,0 days 00:01:21.922000
emilia_romagna,HUL,2.0,MEDIUM,34,0 days 00:01:31.037794117,0 days 00:01:20.401000
emilia_romagna,LAW,1.0,MEDIUM,10,0 days 00:01:23.563900,0 days 00:01:21.798000
emilia_romagna,LAW,2.0,HARD,19,0 days 00:01:25.212315789,0 days 00:01:21.245000
emilia_romagna,LAW,3.0,HARD,34,0 days 00:01:30.324617647,0 days 00:01:20.473000
emilia_romagna,LEC,1.0,MEDIUM,10,0 days 00:01:23.023200,0 days 00:01:21.428000
emilia_romagna,LEC,2.0,HARD,19,0 days 00:01:23.848105263,0 days 00:01:20.505000
emilia_romagna,LEC,3.0,HARD,34,0 days 00:01:30.900794117,0 days 00:01:19.048000
emilia_romagna,NOR,1.0,MEDIUM,28,0 days 00:01:21.826714285,0 days 00:01:20.829000
emilia_romagna,NOR,2.0,HARD,18,0 days 00:01:26.013388888,0 days 00:01:19.466000
emilia_romagna,NOR,3.0,HARD,17,0 days 00:01:37.642294117,0 days 00:01:18.311000
emilia_romagna,OCO,1.0,MEDIUM,1,0 days 00:01:36.497000,0 days 00:01:36.497000
emilia_romagna,OCO,2.0,HARD,26,0 days 00:01:23.301461538,0 days 00:01:21.413000
emilia_romagna,PIA,1.0,MEDIUM,13,0 days 00:01:21.979615384,0 days 00:01:21.096000
emilia_romagna,PIA,2.0,HARD,17,0 days 00:01:25.934764705,0 days 00:01:20.698000
emilia_romagna,PIA,3.0,HARD,33,0 days 00:01:30.288757575,0 days 00:01:18.894000
emilia_romagna,RUS,1.0,MEDIUM,11,0 days 00:01:22.832818181,0 days 00:01:21.385000
emilia_romagna,RUS,2.0,HARD,18,0 days 00:01:24.416500,0 days 00:01:21.334000
emilia_romagna,RUS,3.0,HARD,34,0 days 00:01:30.722794117,0 days 00:01:19.733000
emilia_romagna,SAI,1.0,MEDIUM,11,0 days 00:01:22.945545454,0 days 00:01:21.380000
emilia_romagna,SAI,2.0,HARD,18,0 days 00:01:24.745722222,0 days 00:01:21.268000
emilia_romagna,SAI,3.0,HARD,34,0 days 00:01:30.537441176,0 days 00:01:19.836000
emilia_romagna,STR,1.0,MEDIUM,14,0 days 00:01:22.918071428,0 days 00:01:21.527000
emilia_romagna,STR,2.0,HARD,32,0 days 00:01:26.265125,0 days 00:01:21.553000
emilia_romagna,STR,3.0,MEDIUM,17,0 days 00:01:34.403235294,0 days 00:01:20.501000
emilia_romagna,TSU,1.0,HARD,29,0 days 00:01:24.044000,0 days 00:01:21.993000
emilia_romagna,TSU,2.0,MEDIUM,34,0 days 00:01:30.657911764,0 days 00:01:20.039000
emilia_romagna,VER,1.0,MEDIUM,29,0 days 00:01:21.706793103,0 days 00:01:20.856000
emilia_romagna,VER,2.0,HARD,17,0 days 00:01:24.905470588,0 days 00:01:19.513000
emilia_romagna,VER,3.0,HARD,17,0 days 00:01:38.841705882,0 days 00:01:17.988000
hungarian,ALB,1.0,SOFT,14,0 days 00:01:24.909571428,0 days 00:01:23.314000
hungarian,ALB,2.0,MEDIUM,24,0 days 00:01:23.775958333,0 days 00:01:21.772000
hungarian,ALB,3.0,HARD,31,0 days 00:01:22.580161290,0 days 00:01:20.779000
hungarian,ALO,1.0,MEDIUM,39,0 days 00:01:23.305025641,0 days 00:01:21.784000
hungarian,ALO,2.0,HARD,31,0 days 00:01:21.657258064,0 days 00:01:20.113000
hungarian,ANT,1.0,MEDIUM,21,0 days 00:01:24.370333333,0 days 00:01:23.162000
hungarian,ANT,2.0,HARD,48,0 days 00:01:22.439645833,0 days 00:01:20.745000
hungarian,BEA,1.0,MEDIUM,30,0 days 00:01:24.187733333,0 days 00:01:23.114000
hungarian,BEA,2.0,HARD,18,0 days 00:01:24.117611111,0 days 00:01:21.989000
hungarian,BOR,1.0,MEDIUM,40,0 days 00:01:23.425250,0 days 00:01:22.777000
hungarian,BOR,2.0,HARD,30,0 days 00:01:21.679666666,0 days 00:01:20.705000
hungarian,COL,1.0,MEDIUM,13,0 days 00:01:25.115230769,0 days 00:01:23.510000
hungarian,COL,2.0,HARD,22,0 days 00:01:23.890681818,0 days 00:01:21.647000
hungarian,COL,3.0,HARD,34,0 days 00:01:22.838470588,0 days 00:01:20.827000
hungarian,GAS,1.0,HARD,32,0 days 00:01:24.287500,0 days 00:01:23.352000
hungarian,GAS,2.0,MEDIUM,37,0 days 00:01:22.983108108,0 days 00:01:21.433000
hungarian,HAD,1.0,MEDIUM,33,0 days 00:01:24.149121212,0 days 00:01:23.116000
hungarian,HAD,2.0,HARD,36,0 days 00:01:22.022500,0 days 00:01:20.802000
hungarian,HAM,1.0,HARD,42,0 days 00:01:23.839166666,0 days 00:01:22.192000
hungarian,HAM,2.0,MEDIUM,27,0 days 00:01:21.846185185,0 days 00:01:20.022000
hungarian,HUL,1.0,SOFT,5,0 days 00:01:27.244800,0 days 00:01:24.122000
hungarian,HUL,2.0,MEDIUM,36,0 days 00:01:23.520500,0 days 00:01:21.896000
hungarian,HUL,3.0,MEDIUM,28,0 days 00:01:22.483464285,0 days 00:01:20.013000
hungarian,LAW,1.0,MEDIUM,40,0 days 00:01:23.572450,0 days 00:01:22.279000
hungarian,LAW,2.0,HARD,30,0 days 00:01:21.592800,0 days 00:01:20.457000
hungarian,LEC,1.0,MEDIUM,19,0 days 00:01:22.558473684,0 days 00:01:21.740000
hungarian,LEC,2.0,HARD,21,0 days 00:01:22.297333333,0 days 00:01:20.904000
hungarian,LEC,3.0,HARD,30,0 days 00:01:22.064533333,0 days 00:01:20.440000
hungarian,NOR,1.0,MEDIUM,31,0 days 00:01:22.642290322,0 days 00:01:21.440000
hungarian,NOR,2.0,HARD,39,0 days 00:01:21.008205128,0 days 00:01:19.918000
hungarian,OCO,1.0,MEDIUM,14,0 days 00:01:24.857714285,0 days 00:01:23.217000
hungarian,OCO,2.0,HARD,55,0 days 00:01:23.245109090,0 days 00:01:21.916000
hungarian,PIA,1.0,MEDIUM,18,0 days 00:01:22.717722222,0 days 00:01:21.663000
hungarian,PIA,2.0,HARD,27,0 days 00:01:22.088222222,0 days 00:01:20.898000
hungarian,PIA,3.0,HARD,25,0 days 00:01:20.665120,0 days 00:01:19.412000
hungarian,RUS,1.0,MEDIUM,19,0 days 00:01:22.898368421,0 days 00:01:21.931000
hungarian,RUS,2.0,HARD,24,0 days 00:01:22.376333333,0 days 00:01:20.850000
hungarian,RUS,3.0,HARD,27,0 days 00:01:21.149851851,0 days 00:01:19.409000
hungarian,SAI,1.0,SOFT,15,0 days 00:01:24.614733333,0 days 00:01:23.210000
hungarian,SAI,2.0,HARD,36,0 days 00:01:23.480972222,0 days 00:01:21.824000
hungarian,SAI,3.0,MEDIUM,18,0 days 00:01:22.223388888,0 days 00:01:19.790000
hungarian,STR,1.0,MEDIUM,36,0 days 00:01:23.675500,0 days 00:01:22.878000
hungarian,STR,2.0,HARD,34,0 days 00:01:21.679029411,0 days 00:01:20.708000
hungarian,TSU,1.0,MEDIUM,20,0 days 00:01:24.782750,0 days 00:01:23.424000
hungarian,TSU,2.0,SOFT,17,0 days 00:01:23.789529411,0 days 00:01:21.331000
hungarian,TSU,3.0,HARD,32,0 days 00:01:22.753031250,0 days 00:01:21.180000
hungarian,VER,1.0,MEDIUM,17,0 days 00:01:24.048470588,0 days 00:01:23.083000
hungarian,VER,2.0,HARD,31,0 days 00:01:22.922451612,0 days 00:01:21.316000
hungarian,VER,3.0,HARD,22,0 days 00:01:21.566181818,0 days 00:01:19.576000
italian,ALB,1.0,HARD,41,0 days 00:01:24.171024390,0 days 00:01:22.497000
italian,ALB,2.0,MEDIUM,12,0 days 00:01:23.654166666,0 days 00:01:21.368000
italian,ALO,1.0,MEDIUM,20,0 days 00:01:25.052900,0 days 00:01:24.146000
italian,ALO,2.0,HARD,4,0 days 00:01:35.111000,0 days 00:01:23.757000
italian,ANT,1.0,MEDIUM,28,0 days 00:01:24.704000,0 days 00:01:23.295000
italian,ANT,2.0,HARD,25,0 days 00:01:23.495000,0 days 00:01:21.968000
italian,BEA,1.0,MEDIUM,18,0 days 00:01:25.345000,0 days 00:01:24.296000
italian,BEA,2.0,HARD,35,0 days 00:01:23.925800,0 days 00:01:21.820000
italian,BOR,1.0,MEDIUM,20,0 days 00:01:25.035400,0 days 00:01:24.127000
italian,BOR,2.0,HARD,33,0 days 00:01:23.700030303,0 days 00:01:22.139000
italian,COL,1.0,MEDIUM,33,0 days 00:01:25.137636363,0 days 00:01:23.793000
italian,COL,2.0,HARD,19,0 days 00:01:24.327947368,0 days 00:01:22.239000
italian,GAS,1.0,HARD,49,0 days 00:01:24.532244897,0 days 00:01:22.797000
italian,GAS,2.0,SOFT,3,0 days 00:01:29.360666666,0 days 00:01:22.185000
italian,HAD,1.0,HARD,32,0 days 00:01:24.820125,0 days 00:01:23.389000
italian,HAD,2.0,MEDIUM,21,0 days 00:01:23.522476190,0 days 00:01:22.133000
italian,HAM,1.0,MEDIUM,38,0 days 00:01:24.026789473,0 days 00:01:22.878000
italian,HAM,2.0,HARD,15,0 days 00:01:23.250400,0 days 00:01:21.546000
italian,LAW,1.0,SOFT,9,0 days 00:01:26.448222222,0 days 00:01:24.656000
italian,LAW,2.0,HARD,44,0 days 00:01:24.287318181,0 days 00:01:22.777000
italian,LEC,1.0,MEDIUM,33,0 days 00:01:23.920363636,0 days 00:01:22.736000
italian,LEC,2.0,HARD,20,0 days 00:01:23.028850,0 days 00:01:21.294000
italian,NOR,1.0,MEDIUM,46,0 days 00:01:23.299043478,0 days 00:01:22.388000
italian,NOR,2.0,SOFT,7,0 days 00:01:24.539428571,0 days 00:01:20.901000
italian,OCO,1.0,HARD,51,0 days 00:01:24.230098039,0 days 00:01:22.892000
italian,OCO,2.0,SOFT,1,0 days 00:01:50.725000,0 days 00:01:50.725000
italian,PIA,1.0,MEDIUM,45,0 days 00:01:23.378222222,0 days 00:01:22.232000
italian,PIA,2.0,SOFT,8,0 days 00:01:24.207000,0 days 00:01:21.245000
italian,RUS,1.0,MEDIUM,27,0 days 00:01:24.332518518,0 days 00:01:23.432000
italian,RUS,2.0,HARD,26,0 days 00:01:23.085692307,0 days 00:01:21.800000
italian,SAI,1.0,MEDIUM,30,0 days 00:01:24.800200,0 days 00:01:23.552000
italian,SAI,2.0,HARD,23,0 days 00:01:23.686434782,0 days 00:01:21.740000
italian,STR,1.0,HARD,49,0 days 00:01:24.329632653,0 days 00:01:23.003000
italian,STR,2.0,SOFT,3,0 days 00:01:33.824666666,0 days 00:01:22.164000
italian,TSU,1.0,MEDIUM,19,0 days 00:01:25.263157894,0 days 00:01:24.350000
italian,TSU,2.0,HARD,34,0 days 00:01:24.265470588,0 days 00:01:22.712000
italian,VER,1.0,MEDIUM,37,0 days 00:01:23.290000,0 days 00:01:22.651000
italian,VER,2.0,HARD,16,0 days 00:01:22.662187500,0 days 00:01:21.003000
japanese,ALB,1.0,MEDIUM,24,0 days 00:01:34.604250,0 days 00:01:33.805000
japanese,ALB,2.0,HARD,29,0 days 00:01:32.994758620,0 days 00:01:31.125000
japanese,ALO,1.0,MEDIUM,24,0 days 00:01:34.984041666,0 days 00:01:34.111000
japanese,ALO,2.0,HARD,29,0 days 00:01:33.265482758,0 days 00:01:31.770000
japanese,ANT,1.0,MEDIUM,31,0 days 00:01:33.897741935,0 days 00:01:32.961000
japanese,ANT,2.0,HARD,22,0 days 00:01:32.492000,0 days 00:01:30.965000
japanese,BEA,1.0,MEDIUM,23,0 days 00:01:34.877000,0 days 00:01:33.986000
japanese,BEA,2.0,HARD,30,0 days 00:01:33.311366666,0 days 00:01:32.006000
japanese,BOR,1.0,HARD,31,0 days 00:01:35.257290322,0 days 00:01:33.638000
japanese,BOR,2.0,MEDIUM,22,0 days 00:01:33.541090909,0 days 00:01:32.034000
japanese,DOO,1.0,SOFT,15,0 days 00:01:36.093000,0 days 00:01:34.892000
japanese,DOO,2.0,HARD,38,0 days 00:01:33.865842105,0 days 00:01:32.685000
japanese,GAS,1.0,MEDIUM,24,0 days 00:01:35.115708333,0 days 00:01:34.289000
japanese,GAS,2.0,HARD,29,0 days 00:01:33.321655172,0 days 00:01:31.820000
japanese,HAD,1.0,MEDIUM,25,0 days 00:01:34.412040,0 days 00:01:33.637000
japanese,HAD,2.0,HARD,28,0 days 00:01:32.993428571,0 days 00:01:31.317000
japanese,HAM,1.0,HARD,30,0 days 00:01:34.097033333,0 days 00:01:33.040000
japanese,HAM,2.0,MEDIUM,23,0 days 00:01:32.750173913,0 days 00:01:31.406000
japanese,HUL,1.0,MEDIUM,22,0 days 00:01:35.423090909,0 days 00:01:34.312000
japanese,HUL,2.0,HARD,31,0 days 00:01:33.859096774,0 days 00:01:32.572000
japanese,LAW,1.0,MEDIUM,33,0 days 00:01:35.015848484,0 days 00:01:33.959000
japanese,LAW,2.0,SOFT,20,0 days 00:01:33.709700,0 days 00:01:32.043000
japanese,LEC,1.0,MEDIUM,21,0 days 00:01:34.030666666,0 days 00:01:33.413000
japanese,LEC,2.0,HARD,32,0 days 00:01:32.763625,0 days 00:01:31.469000
japanese,NOR,1.0,MEDIUM,21,0 days 00:01:33.735476190,0 days 00:01:32.988000
japanese,NOR,2.0,HARD,32,0 days 00:01:32.498781250,0 days 00:01:31.116000
japanese,OCO,1.0,HARD,32,0 days 00:01:35.133468750,0 days 00:01:33.889000
japanese,OCO,2.0,MEDIUM,21,0 days 00:01:33.626190476,0 days 00:01:31.967000
japanese,PIA,1.0,MEDIUM,20,0 days 00:01:33.908550,0 days 00:01:33.253000
japanese,PIA,2.0,HARD,33,0 days 00:01:32.452757575,0 days 00:01:31.039000
japanese,RUS,1.0,MEDIUM,19,0 days 00:01:34.205000,0 days 00:01:33.603000
japanese,RUS,2.0,HARD,34,0 days 00:01:32.777941176,0 days 00:01:31.357000
japanese,SAI,1.0,MEDIUM,33,0 days 00:01:35.082000,0 days 00:01:33.932000
japanese,SAI,2.0,SOFT,20,0 days 00:01:33.170300,0 days 00:01:31.106000
japanese,STR,1.0,SOFT,9,0 days 00:01:36.985333333,0 days 00:01:35.104000
japanese,STR,2.0,HARD,21,0 days 00:01:35.431333333,0 days 00:01:33.625000
japanese,STR,3.0,MEDIUM,22,0 days 00:01:33.772090909,0 days 00:01:32.052000
japanese,TSU,1.0,MEDIUM,23,0 days 00:01:35.152391304,0 days 00:01:34.020000
japanese,TSU,2.0,HARD,30,0 days 00:01:33.229300,0 days 00:01:31.871000
japanese,VER,1.0,MEDIUM,21,0 days 00:01:33.672190476,0 days 00:01:33.064000
japanese,VER,2.0,HARD,32,0 days 00:01:32.495843750,0 days 00:01:31.041000
las_vegas,ALB,1.0,HARD,13,0 days 00:01:43.385538461,0 days 00:01:37.269000
las_vegas,ALB,2.0,MEDIUM,1,0 days 00:02:02.604000,0 days 00:02:02.604000
las_vegas,ALB,3.0,HARD,20,0 days 00:01:38.510300,0 days 00:01:35.184000
las_vegas,ALB,4.0,MEDIUM,1,0 days 00:02:11.179000,0 days 00:02:11.179000
las_vegas,ALO,1.0,MEDIUM,16,0 days 00:01:43.325937500,0 days 00:01:37.372000
las_vegas,ALO,2.0,HARD,34,0 days 00:01:37.074176470,0 days 00:01:35.629000
las_vegas,ANT,1.0,SOFT,2,0 days 00:01:56.810500,0 days 00:01:51.048000
las_vegas,ANT,2.0,HARD,48,0 days 00:01:37.089500,0 days 00:01:33.998000
las_vegas,BEA,1.0,MEDIUM,17,0 days 00:01:42.973000,0 days 00:01:37.189000
las_vegas,BEA,2.0,HARD,33,0 days 00:01:36.619303030,0 days 00:01:34.519000
las_vegas,BOR,1.0,HARD,1,0 days 00:02:10.427000,0 days 00:02:10.427000
las_vegas,COL,1.0,HARD,25,0 days 00:01:41.916920,0 days 00:01:36.946000
las_vegas,COL,2.0,MEDIUM,24,0 days 00:01:37.123541666,0 days 00:01:35.780000
las_vegas,GAS,1.0,MEDIUM,2,0 days 00:02:02.009000,0 days 00:01:55.532000
las_vegas,GAS,2.0,HARD,48,0 days 00:01:38.252354166,0 days 00:01:35.674000
las_vegas,HAD,1.0,MEDIUM,20,0 days 00:01:41.777950,0 days 00:01:37.012000
las_vegas,HAD,2.0,HARD,30,0 days 00:01:35.937566666,0 days 00:01:34.620000
las_vegas,HAM,1.0,HARD,29,0 days 00:01:40.197000,0 days 00:01:35.753000
las_vegas,HAM,2.0,MEDIUM,21,0 days 00:01:36.289761904,0 days 00:01:34.553000
las_vegas,HUL,1.0,HARD,30,0 days 00:01:40.052966666,0 days 00:01:35.883000
las_vegas,HUL,2.0,MEDIUM,20,0 days 00:01:35.898700,0 days 00:01:34.592000
las_vegas,LAW,1.0,MEDIUM,2,0 days 00:02:01.760500,0 days 00:01:46.144000
las_vegas,LAW,2.0,HARD,26,0 days 00:01:39.996269230,0 days 00:01:36.713000
las_vegas,LAW,3.0,HARD,21,0 days 00:01:36.585523809,0 days 00:01:34.837000
las_vegas,LEC,1.0,MEDIUM,24,0 days 00:01:40.694583333,0 days 00:01:36.225000
las_vegas,LEC,2.0,HARD,26,0 days 00:01:35.478346153,0 days 00:01:34.304000
las_vegas,NOR,1.0,MEDIUM,22,0 days 00:01:40.383181818,0 days 00:01:35.591000
las_vegas,NOR,2.0,HARD,28,0 days 00:01:35.740714285,0 days 00:01:33.965000
las_vegas,OCO,1.0,MEDIUM,27,0 days 00:01:40.784000,0 days 00:01:36.234000
las_vegas,OCO,2.0,HARD,23,0 days 00:01:35.995478260,0 days 00:01:34.557000
las_vegas,PIA,1.0,MEDIUM,21,0 days 00:01:41.295142857,0 days 00:01:36.282000
las_vegas,PIA,2.0,HARD,29,0 days 00:01:35.478655172,0 days 00:01:34.086000
las_vegas,RUS,1.0,MEDIUM,17,0 days 00:01:41.592941176,0 days 00:01:36.183000
las_vegas,RUS,2.0,HARD,33,0 days 00:01:35.905909090,0 days 00:01:34.592000
las_vegas,SAI,1.0,MEDIUM,22,0 days 00:01:41.045681818,0 days 00:01:36.350000
las_vegas,SAI,2.0,HARD,28,0 days 00:01:35.726714285,0 days 00:01:34.496000
las_vegas,TSU,1.0,MEDIUM,1,0 days 00:01:57.698000,0 days 00:01:57.698000
las_vegas,TSU,2.0,HARD,26,0 days 00:01:40.939846153,0 days 00:01:36.434000
las_vegas,TSU,3.0,MEDIUM,23,0 days 00:01:36.229086956,0 days 00:01:34.967000
las_vegas,VER,1.0,MEDIUM,25,0 days 00:01:39.668040,0 days 00:01:35.574000
las_vegas,VER,2.0,HARD,25,0 days 00:01:35.069120,0 days 00:01:33.365000
mexico_city,ALB,1.0,HARD,41,0 days 00:01:24.472024390,0 days 00:01:23.332000
mexico_city,ALB,2.0,SOFT,29,0 days 00:01:23.367965517,0 days 00:01:20.480000
mexico_city,ALO,1.0,SOFT,20,0 days 00:01:24.803450,0 days 00:01:22.884000
mexico_city,ALO,2.0,MEDIUM,14,0 days 00:01:25.045285714,0 days 00:01:21.708000
mexico_city,ANT,1.0,SOFT,22,0 days 00:01:23.792272727,0 days 00:01:22.774000
mexico_city,ANT,2.0,MEDIUM,25,0 days 00:01:23.414280,0 days 00:01:21.845000
mexico_city,ANT,3.0,SOFT,24,0 days 00:01:23.234333333,0 days 00:01:20.826000
mexico_city,BEA,1.0,SOFT,24,0 days 00:01:23.599041666,0 days 00:01:22.696000
mexico_city,BEA,2.0,MEDIUM,24,0 days 00:01:23.333916666,0 days 00:01:21.809000
mexico_city,BEA,3.0,SOFT,23,0 days 00:01:23.179913043,0 days 00:01:20.705000
mexico_city,BOR,1.0,MEDIUM,37,0 days 00:01:24.333405405,0 days 00:01:23.231000
mexico_city,BOR,2.0,SOFT,34,0 days 00:01:23.385323529,0 days 00:01:21.121000
mexico_city,COL,1.0,HARD,48,0 days 00:01:24.840479166,0 days 00:01:23.590000
mexico_city,COL,2.0,SOFT,22,0 days 00:01:24.118500,0 days 00:01:21.342000
mexico_city,GAS,1.0,MEDIUM,33,0 days 00:01:25.138969696,0 days 00:01:23.831000
mexico_city,GAS,2.0,SOFT,37,0 days 00:01:24.136972972,0 days 00:01:22.271000
mexico_city,HAD,1.0,MEDIUM,34,0 days 00:01:24.329500,0 days 00:01:22.974000
mexico_city,HAD,2.0,SOFT,36,0 days 00:01:23.834083333,0 days 00:01:21.714000
mexico_city,HAM,1.0,SOFT,23,0 days 00:01:23.565086956,0 days 00:01:22.546000
mexico_city,HAM,2.0,MEDIUM,24,0 days 00:01:23.780000,0 days 00:01:21.711000
mexico_city,HAM,3.0,SOFT,24,0 days 00:01:23.429291666,0 days 00:01:20.601000
mexico_city,HUL,1.0,SOFT,25,0 days 00:01:25.005360,0 days 00:01:23.091000
mexico_city,LAW,1.0,SOFT,2,0 days 00:01:32.425000,0 days 00:01:31.076000
mexico_city,LAW,2.0,HARD,3,0 days 00:01:39.024000,0 days 00:01:25.124000
mexico_city,LEC,1.0,SOFT,31,0 days 00:01:23.273548387,0 days 00:01:22.475000
mexico_city,LEC,2.0,MEDIUM,40,0 days 00:01:23.185450,0 days 00:01:21.588000
mexico_city,NOR,1.0,SOFT,34,0 days 00:01:22.731029411,0 days 00:01:22.076000
mexico_city,NOR,2.0,MEDIUM,37,0 days 00:01:22.857270270,0 days 00:01:20.764000
mexico_city,OCO,1.0,SOFT,27,0 days 00:01:24.222666666,0 days 00:01:22.908000
mexico_city,OCO,2.0,MEDIUM,44,0 days 00:01:23.636954545,0 days 00:01:21.869000
mexico_city,PIA,1.0,SOFT,24,0 days 00:01:23.879416666,0 days 00:01:22.892000
mexico_city,PIA,2.0,MEDIUM,23,0 days 00:01:23.320086956,0 days 00:01:21.533000
mexico_city,PIA,3.0,SOFT,24,0 days 00:01:22.965458333,0 days 00:01:20.422000
mexico_city,RUS,1.0,SOFT,25,0 days 00:01:23.799400,0 days 00:01:22.622000
mexico_city,RUS,2.0,MEDIUM,23,0 days 00:01:23.209695652,0 days 00:01:21.342000
mexico_city,RUS,3.0,SOFT,23,0 days 00:01:23.480565217,0 days 00:01:20.052000
mexico_city,SAI,1.0,MEDIUM,17,0 days 00:01:24.769529411,0 days 00:01:23.322000
mexico_city,SAI,2.0,SOFT,29,0 days 00:01:23.470241379,0 days 00:01:21.690000
mexico_city,SAI,3.0,SOFT,10,0 days 00:01:24.082600,0 days 00:01:20.098000
mexico_city,SAI,4.0,SOFT,11,0 days 00:01:22.871545454,0 days 00:01:21.145000
mexico_city,STR,1.0,SOFT,26,0 days 00:01:24.562769230,0 days 00:01:22.898000
mexico_city,STR,2.0,MEDIUM,17,0 days 00:01:23.835117647,0 days 00:01:22.079000
mexico_city,STR,3.0,SOFT,27,0 days 00:01:23.769629629,0 days 00:01:20.593000
mexico_city,TSU,1.0,MEDIUM,36,0 days 00:01:24.142972222,0 days 00:01:22.832000
mexico_city,TSU,2.0,SOFT,35,0 days 00:01:23.670714285,0 days 00:01:21.486000
mexico_city,VER,1.0,MEDIUM,37,0 days 00:01:23.630621621,0 days 00:01:22.538000
mexico_city,VER,2.0,SOFT,34,0 days 00:01:22.802647058,0 days 00:01:21.108000
miami,ALB,1.0,MEDIUM,8,0 days 00:01:38.865500,0 days 00:01:31.071000
miami,ALB,2.0,HARD,25,0 days 00:01:32.081800,0 days 00:01:30.482000
miami,ALO,1.0,HARD,9,0 days 00:01:39.661555555,0 days 00:01:32.823000
miami,ALO,2.0,MEDIUM,24,0 days 00:01:33.135791666,0 days 00:01:31.287000
miami,ANT,1.0,MEDIUM,8,0 days 00:01:39.403750,0 days 00:01:30.795000
miami,ANT,2.0,HARD,25,0 days 00:01:32.300920,0 days 00:01:30.807000
miami,BEA,1.0,HARD,4,0 days 00:01:33.369500,0 days 00:01:32.680000
miami,BOR,1.0,MEDIUM,19,0 days 00:01:37.088210526,0 days 00:01:33.134000
miami,BOR,2.0,HARD,11,0 days 00:01:39.889363636,0 days 00:01:32.328000
miami,GAS,1.0,HARD,9,0 days 00:01:37.903666666,0 days 00:01:32.523000
miami,GAS,2.0,MEDIUM,25,0 days 00:01:32.927720,0 days 00:01:31.159000
miami,HAD,1.0,MEDIUM,22,0 days 00:01:36.409772727,0 days 00:01:32.963000
miami,HAD,2.0,HARD,35,0 days 00:01:33.862114285,0 days 00:01:30.971000
miami,HAM,1.0,HARD,9,0 days 00:01:37.616555555,0 days 00:01:30.620000
miami,HAM,2.0,MEDIUM,25,0 days 00:01:32.240360,0 days 00:01:30.562000
miami,HUL,1.0,HARD,13,0 days 00:01:38.331230769,0 days 00:01:32.441000
miami,HUL,2.0,MEDIUM,20,0 days 00:01:32.035500,0 days 00:01:31.015000
miami,LAW,1.0,HARD,8,0 days 00:01:39.729125,0 days 00:01:31.770000
miami,LAW,2.0,MEDIUM,5,0 days 00:01:41.266400,0 days 00:01:32.855000
miami,LEC,1.0,MEDIUM,8,0 days 00:01:39.113000,0 days 00:01:31.641000
miami,LEC,2.0,HARD,25,0 days 00:01:32.155080,0 days 00:01:30.461000
miami,NOR,1.0,MEDIUM,8,0 days 00:01:37.261500,0 days 00:01:30.375000
miami,NOR,2.0,HARD,25,0 days 00:01:31.324400,0 days 00:01:29.746000
miami,OCO,1.0,MEDIUM,23,0 days 00:01:36.223826086,0 days 00:01:32.670000
miami,OCO,2.0,HARD,34,0 days 00:01:34.130735294,0 days 00:01:31.122000
miami,PIA,1.0,MEDIUM,8,0 days 00:01:37.413625,0 days 00:01:30.170000
miami,PIA,2.0,HARD,25,0 days 00:01:31.436120,0 days 00:01:29.822000
miami,RUS,1.0,HARD,8,0 days 00:01:38.085375,0 days 00:01:30.318000
miami,RUS,2.0,MEDIUM,25,0 days 00:01:31.956000,0 days 00:01:30.516000
miami,SAI,1.0,MEDIUM,8,0 days 00:01:39.201500,0 days 00:01:31.198000
miami,SAI,2.0,HARD,25,0 days 00:01:32.324360,0 days 00:01:30.703000
miami,STR,1.0,MEDIUM,20,0 days 00:01:37.115200,0 days 00:01:33.212000
miami,STR,2.0,HARD,36,0 days 00:01:34.845694444,0 days 00:01:31.769000
miami,TSU,1.0,MEDIUM,8,0 days 00:01:39.578375,0 days 00:01:31.531000
miami,TSU,2.0,HARD,25,0 days 00:01:32.379720,0 days 00:01:30.964000
miami,VER,1.0,MEDIUM,8,0 days 00:01:38.873750,0 days 00:01:31.025000
miami,VER,2.0,HARD,25,0 days 00:01:31.933800,0 days 00:01:30.466000
monaco,ALB,1.0,MEDIUM,32,0 days 00:01:22.339531250,0 days 00:01:16.556000
monaco,ALB,2.0,MEDIUM,8,0 days 00:01:19.271875,0 days 00:01:15.303000
monaco,ALB,3.0,HARD,36,0 days 00:01:17.129777777,0 days 00:01:14.597000
monaco,ALO,1.0,HARD,16,0 days 00:01:25.286625,0 days 00:01:15.593000
monaco,ALO,2.0,HARD,20,0 days 00:01:17.125800,0 days 00:01:15.823000
monaco,ANT,1.0,HARD,69,0 days 00:01:20.727898550,0 days 00:01:15.019000
monaco,ANT,2.0,MEDIUM,2,0 days 00:01:25.507500,0 days 00:01:19.503000
monaco,ANT,3.0,HARD,4,0 days 00:01:15.253000,0 days 00:01:13.518000
monaco,BEA,1.0,MEDIUM,1,0 days 00:02:19.932000,0 days 00:02:19.932000
monaco,BEA,2.0,HARD,16,0 days 00:01:23.631937500,0 days 00:01:14.855000
monaco,BEA,3.0,MEDIUM,59,0 days 00:01:18.143949152,0 days 00:01:15.355000
monaco,BOR,1.0,MEDIUM,1,0 days 00:02:25.564000,0 days 00:02:25.564000
monaco,BOR,2.0,HARD,25,0 days 00:01:21.520560,0 days 00:01:15.721000
monaco,BOR,3.0,SOFT,9,0 days 00:01:19.813888888,0 days 00:01:15.193000
monaco,BOR,4.0,MEDIUM,41,0 days 00:01:18.057658536,0 days 00:01:14.884000
monaco,COL,1.0,HARD,13,0 days 00:01:28.923692307,0 days 00:01:19.827000
monaco,COL,2.0,MEDIUM,13,0 days 00:01:19.131769230,0 days 00:01:15.435000
monaco,COL,3.0,MEDIUM,50,0 days 00:01:18.124720,0 days 00:01:15.298000
monaco,GAS,1.0,MEDIUM,1,0 days 00:01:52.223000,0 days 00:01:52.223000
monaco,GAS,2.0,MEDIUM,6,0 days 00:01:30.897666666,0 days 00:01:18.054000
monaco,HAD,1.0,MEDIUM,14,0 days 00:01:26.397571428,0 days 00:01:17.088000
monaco,HAD,2.0,SOFT,5,0 days 00:01:20.527800,0 days 00:01:15.981000
monaco,HAD,3.0,HARD,58,0 days 00:01:17.357241379,0 days 00:01:16.044000
monaco,HAM,1.0,HARD,18,0 days 00:01:24.164111111,0 days 00:01:14.977000
monaco,HAM,2.0,HARD,38,0 days 00:01:16.207631578,0 days 00:01:14.533000
monaco,HAM,3.0,MEDIUM,22,0 days 00:01:16.108454545,0 days 00:01:14.090000
monaco,HUL,1.0,MEDIUM,12,0 days 00:01:29.557666666,0 days 00:01:19.404000
monaco,HUL,2.0,HARD,32,0 days 00:01:19.105812500,0 days 00:01:16.106000
monaco,HUL,3.0,SOFT,32,0 days 00:01:18.103406250,0 days 00:01:15.223000
monaco,LAW,1.0,MEDIUM,31,0 days 00:01:22.479000,0 days 00:01:16.607000
monaco,LAW,2.0,SOFT,9,0 days 00:01:18.916111111,0 days 00:01:15.800000
monaco,LAW,3.0,HARD,37,0 days 00:01:16.580945945,0 days 00:01:15.321000
monaco,LEC,1.0,MEDIUM,22,0 days 00:01:22.031727272,0 days 00:01:14.807000
monaco,LEC,2.0,HARD,27,0 days 00:01:15.629481481,0 days 00:01:14.055000
monaco,LEC,3.0,MEDIUM,29,0 days 00:01:15.526896551,0 days 00:01:14.342000
monaco,NOR,1.0,MEDIUM,19,0 days 00:01:22.913947368,0 days 00:01:14.659000
monaco,NOR,2.0,HARD,31,0 days 00:01:15.533096774,0 days 00:01:13.872000
monaco,NOR,3.0,HARD,28,0 days 00:01:15.605428571,0 days 00:01:13.221000
monaco,OCO,1.0,MEDIUM,16,0 days 00:01:25.607750,0 days 00:01:16.453000
monaco,OCO,2.0,MEDIUM,12,0 days 00:01:18.738333333,0 days 00:01:15.774000
monaco,OCO,3.0,HARD,49,0 days 00:01:17.250775510,0 days 00:01:15.157000
monaco,PIA,1.0,MEDIUM,20,0 days 00:01:22.912200,0 days 00:01:14.934000
monaco,PIA,2.0,HARD,28,0 days 00:01:15.782678571,0 days 00:01:13.818000
monaco,PIA,3.0,HARD,30,0 days 00:01:15.244733333,0 days 00:01:13.745000
monaco,RUS,1.0,HARD,53,0 days 00:01:21.072962264,0 days 00:01:15.966000
monaco,RUS,2.0,MEDIUM,15,0 days 00:01:18.347733333,0 days 00:01:13.483000
monaco,RUS,3.0,HARD,8,0 days 00:01:14.450500,0 days 00:01:13.405000
monaco,SAI,1.0,HARD,48,0 days 00:01:21.264250,0 days 00:01:15.516000
monaco,SAI,2.0,MEDIUM,5,0 days 00:01:18.965000,0 days 00:01:14.496000
monaco,SAI,3.0,MEDIUM,23,0 days 00:01:16.242000,0 days 00:01:13.988000
monaco,STR,1.0,HARD,17,0 days 00:01:26.833470588,0 days 00:01:18.472000
monaco,STR,2.0,HARD,47,0 days 00:01:19.019914893,0 days 00:01:16.433000
monaco,STR,3.0,MEDIUM,12,0 days 00:01:16.177750,0 days 00:01:14.877000
monaco,TSU,1.0,SOFT,1,0 days 00:01:50.476000,0 days 00:01:50.476000
monaco,TSU,2.0,HARD,72,0 days 00:01:20.068750,0 days 00:01:15.320000
monaco,TSU,3.0,MEDIUM,3,0 days 00:01:16.755333333,0 days 00:01:14.913000
monaco,VER,1.0,HARD,28,0 days 00:01:20.851642857,0 days 00:01:15.035000
monaco,VER,2.0,MEDIUM,49,0 days 00:01:15.771408163,0 days 00:01:14.230000
monaco,VER,3.0,SOFT,1,0 days 00:01:17.770000,0 days 00:01:17.770000
qatar,ALB,1.0,HARD,7,0 days 00:01:33.047142857,0 days 00:01:28.381000
qatar,ALB,2.0,MEDIUM,25,0 days 00:01:33.531440,0 days 00:01:27.123000
qatar,ALB,3.0,MEDIUM,25,0 days 00:01:26.222240,0 days 00:01:24.261000
qatar,ALO,1.0,MEDIUM,7,0 days 00:01:31.102000,0 days 00:01:27.726000
qatar,ALO,2.0,MEDIUM,25,0 days 00:01:33.493120,0 days 00:01:25.851000
qatar,ALO,3.0,HARD,25,0 days 00:01:26.289760,0 days 00:01:23.940000
qatar,ANT,1.0,MEDIUM,7,0 days 00:01:30.376857142,0 days 00:01:27.305000
qatar,ANT,2.0,MEDIUM,25,0 days 00:01:33.454600,0 days 00:01:26.250000
qatar,ANT,3.0,HARD,25,0 days 00:01:25.502200,0 days 00:01:23.955000
qatar,BEA,1.0,MEDIUM,7,0 days 00:01:32.398285714,0 days 00:01:27.786000
qatar,BEA,2.0,MEDIUM,25,0 days 00:01:33.535320,0 days 00:01:26.817000
qatar,BEA,3.0,HARD,8,0 days 00:01:30.948375,0 days 00:01:24.930000
qatar,BEA,4.0,HARD,1,0 days 00:02:01.134000,0 days 00:02:01.134000
qatar,BOR,1.0,MEDIUM,7,0 days 00:01:33.378428571,0 days 00:01:28.605000
qatar,BOR,2.0,MEDIUM,25,0 days 00:01:33.608760,0 days 00:01:27.179000
qatar,BOR,3.0,SOFT,25,0 days 00:01:26.767400,0 days 00:01:25.233000
qatar,COL,1.0,HARD,7,0 days 00:01:33.533857142,0 days 00:01:28.683000
qatar,COL,2.0,MEDIUM,25,0 days 00:01:33.611280,0 days 00:01:27.257000
qatar,COL,3.0,MEDIUM,24,0 days 00:01:26.937708333,0 days 00:01:25.644000
qatar,GAS,1.0,MEDIUM,7,0 days 00:01:36.865000,0 days 00:01:28.088000
qatar,GAS,2.0,HARD,25,0 days 00:01:32.894560,0 days 00:01:27.198000
qatar,GAS,3.0,MEDIUM,24,0 days 00:01:26.781791666,0 days 00:01:25.376000
qatar,HAD,1.0,MEDIUM,7,0 days 00:01:31.510857142,0 days 00:01:27.917000
qatar,HAD,2.0,MEDIUM,25,0 days 00:01:33.520880,0 days 00:01:26.425000
qatar,HAD,3.0,HARD,22,0 days 00:01:26.127227272,0 days 00:01:24.317000
qatar,HAM,1.0,SOFT,7,0 days 00:01:32.704857142,0 days 00:01:28.266000
qatar,HAM,2.0,MEDIUM,25,0 days 00:01:33.682680,0 days 00:01:27.098000
qatar,HAM,3.0,MEDIUM,25,0 days 00:01:26.598800,0 days 00:01:24.848000
qatar,HUL,1.0,SOFT,6,0 days 00:01:29.414666666,0 days 00:01:28.139000
qatar,LAW,1.0,MEDIUM,7,0 days 00:01:32.597714285,0 days 00:01:28.006000
qatar,LAW,2.0,MEDIUM,25,0 days 00:01:33.543280,0 days 00:01:26.816000
qatar,LAW,3.0,HARD,25,0 days 00:01:26.061920,0 days 00:01:23.971000
qatar,LEC,1.0,MEDIUM,7,0 days 00:01:32.105714285,0 days 00:01:28.042000
qatar,LEC,2.0,MEDIUM,25,0 days 00:01:33.566960,0 days 00:01:26.915000
qatar,LEC,3.0,HARD,25,0 days 00:01:26.044480,0 days 00:01:24.432000
qatar,NOR,1.0,MEDIUM,25,0 days 00:01:33.793600,0 days 00:01:25.615000
qatar,NOR,2.0,MEDIUM,19,0 days 00:01:26.523526315,0 days 00:01:24.607000
qatar,NOR,3.0,HARD,13,0 days 00:01:25.597615384,0 days 00:01:23.197000
qatar,OCO,1.0,MEDIUM,8,0 days 00:01:36.661000,0 days 00:01:28.328000
qatar,OCO,3.0,MEDIUM,25,0 days 00:01:29.466280,0 days 00:01:27.143000
qatar,OCO,4.0,HARD,22,0 days 00:01:26.900590909,0 days 00:01:25.056000
qatar,PIA,1.0,MEDIUM,24,0 days 00:01:33.976625,0 days 00:01:25.068000
qatar,PIA,2.0,MEDIUM,18,0 days 00:01:26.426555555,0 days 00:01:24.143000
qatar,PIA,3.0,HARD,15,0 days 00:01:25.007933333,0 days 00:01:22.996000
qatar,RUS,1.0,MEDIUM,7,0 days 00:01:31.195857142,0 days 00:01:27.772000
qatar,RUS,2.0,MEDIUM,25,0 days 00:01:33.702320,0 days 00:01:26.633000
qatar,RUS,3.0,HARD,25,0 days 00:01:25.836440,0 days 00:01:23.198000
qatar,SAI,1.0,MEDIUM,7,0 days 00:01:30.733142857,0 days 00:01:27.394000
qatar,SAI,2.0,MEDIUM,25,0 days 00:01:33.188640,0 days 00:01:26.165000
qatar,SAI,3.0,HARD,25,0 days 00:01:25.442320,0 days 00:01:23.859000
qatar,STR,1.0,MEDIUM,7,0 days 00:01:33.450571428,0 days 00:01:28.265000
qatar,STR,2.0,MEDIUM,17,0 days 00:01:36.477235294,0 days 00:01:27.529000
qatar,STR,3.0,MEDIUM,25,0 days 00:01:26.961720,0 days 00:01:25.228000
qatar,STR,4.0,SOFT,6,0 days 00:01:31.148833333,0 days 00:01:23.484000
qatar,TSU,1.0,MEDIUM,7,0 days 00:01:32.875428571,0 days 00:01:28.323000
qatar,TSU,2.0,MEDIUM,25,0 days 00:01:33.519880,0 days 00:01:26.974000
qatar,TSU,3.0,HARD,25,0 days 00:01:26.075440,0 days 00:01:24.139000
qatar,VER,1.0,MEDIUM,7,0 days 00:01:29.614428571,0 days 00:01:26.843000
qatar,VER,2.0,MEDIUM,25,0 days 00:01:32.762160,0 days 00:01:25.359000
qatar,VER,3.0,HARD,25,0 days 00:01:25.275440,0 days 00:01:23.498000
saudi_arabian,ALB,1.0,MEDIUM,20,0 days 00:01:37.668450,0 days 00:01:34.892000
saudi_arabian,ALB,2.0,HARD,28,0 days 00:01:34.682535714,0 days 00:01:33.477000
saudi_arabian,ALO,1.0,MEDIUM,17,0 days 00:01:38.454588235,0 days 00:01:35.098000
saudi_arabian,ALO,2.0,HARD,31,0 days 00:01:34.863290322,0 days 00:01:33.009000
saudi_arabian,ANT,1.0,MEDIUM,17,0 days 00:01:37.036470588,0 days 00:01:34.386000
saudi_arabian,ANT,2.0,HARD,31,0 days 00:01:34.076225806,0 days 00:01:32.396000
saudi_arabian,BEA,1.0,MEDIUM,16,0 days 00:01:39.114812500,0 days 00:01:35.057000
saudi_arabian,BEA,2.0,HARD,32,0 days 00:01:34.900656250,0 days 00:01:33.238000
saudi_arabian,BOR,1.0,MEDIUM,1,0 days 00:02:29.952000,0 days 00:02:29.952000
saudi_arabian,BOR,2.0,HARD,46,0 days 00:01:36.003043478,0 days 00:01:34.447000
saudi_arabian,DOO,1.0,MEDIUM,1,0 days 00:02:28.383000,0 days 00:02:28.383000
saudi_arabian,DOO,2.0,HARD,29,0 days 00:01:36.302655172,0 days 00:01:35.407000
saudi_arabian,DOO,3.0,HARD,17,0 days 00:01:35.543647058,0 days 00:01:33.150000
saudi_arabian,HAD,1.0,HARD,32,0 days 00:01:36.644500,0 days 00:01:34.092000
saudi_arabian,HAD,2.0,MEDIUM,16,0 days 00:01:34.714062500,0 days 00:01:33.257000
saudi_arabian,HAM,1.0,MEDIUM,21,0 days 00:01:36.925619047,0 days 00:01:34.444000
saudi_arabian,HAM,2.0,HARD,27,0 days 00:01:33.986333333,0 days 00:01:32.600000
saudi_arabian,HUL,1.0,HARD,31,0 days 00:01:37.638870967,0 days 00:01:35.047000
saudi_arabian,HUL,2.0,MEDIUM,16,0 days 00:01:35.201187500,0 days 00:01:33.446000
saudi_arabian,LAW,1.0,MEDIUM,18,0 days 00:01:38.380222222,0 days 00:01:35.085000
saudi_arabian,LAW,2.0,HARD,30,0 days 00:01:34.675933333,0 days 00:01:32.998000
saudi_arabian,LEC,1.0,MEDIUM,27,0 days 00:01:35.493333333,0 days 00:01:33.368000
saudi_arabian,LEC,2.0,HARD,21,0 days 00:01:33.330523809,0 days 00:01:32.192000
saudi_arabian,NOR,1.0,HARD,32,0 days 00:01:35.437843750,0 days 00:01:32.952000
saudi_arabian,NOR,2.0,MEDIUM,16,0 days 00:01:33.267000,0 days 00:01:31.778000
saudi_arabian,OCO,1.0,MEDIUM,1,0 days 00:02:29.408000,0 days 00:02:29.408000
saudi_arabian,OCO,2.0,HARD,47,0 days 00:01:35.682127659,0 days 00:01:34.309000
saudi_arabian,PIA,1.0,MEDIUM,17,0 days 00:01:35.918882352,0 days 00:01:33.418000
saudi_arabian,PIA,2.0,HARD,31,0 days 00:01:33.447290322,0 days 00:01:32.228000
saudi_arabian,RUS,1.0,MEDIUM,18,0 days 00:01:36.275000,0 days 00:01:33.857000
saudi_arabian,RUS,2.0,HARD,30,0 days 00:01:34.127533333,0 days 00:01:32.893000
saudi_arabian,SAI,1.0,MEDIUM,19,0 days 00:01:37.417789473,0 days 00:01:34.690000
saudi_arabian,SAI,2.0,HARD,29,0 days 00:01:34.776344827,0 days 00:01:32.466000
saudi_arabian,STR,1.0,HARD,37,0 days 00:01:37.194351351,0 days 00:01:35.171000
saudi_arabian,STR,2.0,MEDIUM,10,0 days 00:01:35.374500,0 days 00:01:32.745000
saudi_arabian,TSU,1.0,MEDIUM,1,0 days 00:02:45.662000,0 days 00:02:45.662000
saudi_arabian,VER,1.0,MEDIUM,19,0 days 00:01:35.514526315,0 days 00:01:33.511000
saudi_arabian,VER,2.0,HARD,29,0 days 00:01:33.599000,0 days 00:01:32.280000
singapore,ALB,1.0,MEDIUM,42,0 days 00:01:39.532380952,0 days 00:01:37.694000
singapore,ALB,2.0,SOFT,19,0 days 00:01:38.280368421,0 days 00:01:35.648000
singapore,ALO,1.0,SOFT,27,0 days 00:01:39.107444444,0 days 00:01:37.727000
singapore,ALO,2.0,MEDIUM,35,0 days 00:01:37.918085714,0 days 00:01:35.862000
singapore,ANT,1.0,MEDIUM,25,0 days 00:01:38.450400,0 days 00:01:36.842000
singapore,ANT,2.0,HARD,37,0 days 00:01:37.156432432,0 days 00:01:35.303000
singapore,BEA,1.0,MEDIUM,23,0 days 00:01:39.444652173,0 days 00:01:37.586000
singapore,BEA,2.0,HARD,39,0 days 00:01:38.170948717,0 days 00:01:36.201000
singapore,BOR,1.0,MEDIUM,13,0 days 00:01:40.932076923,0 days 00:01:38.776000
singapore,BOR,2.0,HARD,48,0 days 00:01:39.104229166,0 days 00:01:37.126000
singapore,COL,1.0,SOFT,14,0 days 00:01:40.545857142,0 days 00:01:38.649000
singapore,COL,2.0,MEDIUM,47,0 days 00:01:39.098191489,0 days 00:01:37.182000
singapore,GAS,1.0,MEDIUM,24,0 days 00:01:40.173000,0 days 00:01:38.472000
singapore,GAS,2.0,HARD,27,0 days 00:01:39.412740740,0 days 00:01:36.211000
singapore,GAS,3.0,SOFT,10,0 days 00:01:38.153200,0 days 00:01:34.573000
singapore,HAD,1.0,SOFT,20,0 days 00:01:39.639700,0 days 00:01:38.093000
singapore,HAD,2.0,HARD,41,0 days 00:01:38.705073170,0 days 00:01:36.938000
singapore,HAM,1.0,MEDIUM,24,0 days 00:01:38.736458333,0 days 00:01:37.309000
singapore,HAM,2.0,HARD,22,0 days 00:01:37.325500,0 days 00:01:35.887000
singapore,HAM,3.0,SOFT,16,0 days 00:01:39.486375,0 days 00:01:33.808000
singapore,HUL,1.0,MEDIUM,25,0 days 00:01:39.552240,0 days 00:01:37.935000
singapore,HUL,2.0,HARD,19,0 days 00:01:40.818368421,0 days 00:01:37.859000
singapore,HUL,3.0,SOFT,17,0 days 00:01:38.061882352,0 days 00:01:35.404000
singapore,LAW,1.0,MEDIUM,48,0 days 00:01:39.322104166,0 days 00:01:38.103000
singapore,LAW,2.0,SOFT,13,0 days 00:01:38.619307692,0 days 00:01:35.641000
singapore,LEC,1.0,MEDIUM,21,0 days 00:01:38.679619047,0 days 00:01:37.184000
singapore,LEC,2.0,HARD,41,0 days 00:01:37.465634146,0 days 00:01:35.983000
singapore,NOR,1.0,MEDIUM,26,0 days 00:01:37.914730769,0 days 00:01:36.638000
singapore,NOR,2.0,HARD,36,0 days 00:01:36.740277777,0 days 00:01:35.555000
singapore,OCO,1.0,MEDIUM,30,0 days 00:01:39.603533333,0 days 00:01:38.274000
singapore,OCO,2.0,HARD,31,0 days 00:01:39.399806451,0 days 00:01:36.646000
singapore,PIA,1.0,MEDIUM,27,0 days 00:01:38.044666666,0 days 00:01:36.609000
singapore,PIA,2.0,HARD,35,0 days 00:01:36.665914285,0 days 00:01:35.408000
singapore,RUS,1.0,MEDIUM,25,0 days 00:01:37.610880,0 days 00:01:36.485000
singapore,RUS,2.0,HARD,37,0 days 00:01:36.813378378,0 days 00:01:35.676000
singapore,SAI,1.0,MEDIUM,50,0 days 00:01:39.289520,0 days 00:01:37.797000
singapore,SAI,2.0,SOFT,11,0 days 00:01:37.149545454,0 days 00:01:34.963000
singapore,STR,1.0,SOFT,38,0 days 00:01:39.475921052,0 days 00:01:38.242000
singapore,STR,2.0,MEDIUM,23,0 days 00:01:38.555304347,0 days 00:01:35.851000
singapore,TSU,1.0,SOFT,13,0 days 00:01:41.153769230,0 days 00:01:38.949000
singapore,TSU,2.0,HARD,48,0 days 00:01:38.471604166,0 days 00:01:36.831000
singapore,VER,1.0,SOFT,19,0 days 00:01:38.234368421,0 days 00:01:37.136000
singapore,VER,2.0,HARD,43,0 days 00:01:36.775441860,0 days 00:01:35.649000
spanish,ALB,1.0,SOFT,6,0 days 00:01:24.603333333,0 days 00:01:22.127000
spanish,ALB,2.0,SOFT,20,0 days 00:01:23.665450,0 days 00:01:20.508000
spanish,ALB,3.0,SOFT,1,0 days 00:02:02.219000,0 days 00:02:02.219000
spanish,ALO,1.0,SOFT,15,0 days 00:01:23.799266666,0 days 00:01:21.670000
spanish,ALO,2.0,MEDIUM,27,0 days 00:01:22.427888888,0 days 00:01:20.454000
spanish,ALO,3.0,SOFT,12,0 days 00:01:23.289916666,0 days 00:01:18.997000
spanish,ALO,4.0,SOFT,12,0 days 00:01:33.076500,0 days 00:01:18.128000
spanish,ANT,1.0,SOFT,21,0 days 00:01:22.432523809,0 days 00:01:21.368000
spanish,ANT,2.0,MEDIUM,28,0 days 00:01:21.533178571,0 days 00:01:20.371000
spanish,ANT,3.0,SOFT,4,0 days 00:01:23.980000,0 days 00:01:18.255000
spanish,BEA,1.0,SOFT,8,0 days 00:01:24.083750,0 days 00:01:22.068000
spanish,BEA,2.0,MEDIUM,27,0 days 00:01:22.859777777,0 days 00:01:20.386000
spanish,BEA,3.0,MEDIUM,19,0 days 00:01:22.936157894,0 days 00:01:20.017000
spanish,BEA,4.0,SOFT,12,0 days 00:01:33.230750,0 days 00:01:18.907000
spanish,BOR,1.0,SOFT,19,0 days 00:01:23.587000,0 days 00:01:22.114000
spanish,BOR,2.0,MEDIUM,30,0 days 00:01:22.401466666,0 days 00:01:20.881000
spanish,BOR,3.0,SOFT,17,0 days 00:01:30.774941176,0 days 00:01:18.297000
spanish,COL,1.0,SOFT,14,0 days 00:01:23.937785714,0 days 00:01:22.147000
spanish,COL,2.0,MEDIUM,25,0 days 00:01:23.741600,0 days 00:01:21.386000
spanish,COL,3.0,SOFT,15,0 days 00:01:23.672400,0 days 00:01:18.353000
spanish,COL,4.0,SOFT,12,0 days 00:01:30.416750,0 days 00:01:19.978000
spanish,GAS,1.0,SOFT,10,0 days 00:01:22.963800,0 days 00:01:21.329000
spanish,GAS,2.0,SOFT,21,0 days 00:01:23.191714285,0 days 00:01:21.636000
spanish,GAS,3.0,MEDIUM,24,0 days 00:01:23.793333333,0 days 00:01:20.035000
spanish,GAS,4.0,SOFT,11,0 days 00:01:31.595727272,0 days 00:01:17.896000
spanish,HAD,1.0,SOFT,19,0 days 00:01:22.727000,0 days 00:01:21.647000
spanish,HAD,2.0,MEDIUM,29,0 days 00:01:21.777448275,0 days 00:01:20.651000
spanish,HAD,3.0,SOFT,7,0 days 00:01:27.924000,0 days 00:01:19.595000
spanish,HAD,4.0,SOFT,11,0 days 00:01:34.051818181,0 days 00:01:17.770000
spanish,HAM,1.0,SOFT,16,0 days 00:01:22.143750,0 days 00:01:20.639000
spanish,HAM,2.0,MEDIUM,30,0 days 00:01:21.401133333,0 days 00:01:20.030000
spanish,HAM,3.0,SOFT,9,0 days 00:01:24.068222222,0 days 00:01:18.335000
spanish,HAM,4.0,SOFT,11,0 days 00:01:38.175909090,0 days 00:01:17.706000
spanish,HUL,1.0,SOFT,9,0 days 00:01:23.276222222,0 days 00:01:21.710000
spanish,HUL,2.0,MEDIUM,36,0 days 00:01:22.305000,0 days 00:01:20.709000
spanish,HUL,3.0,SOFT,11,0 days 00:01:27.123272727,0 days 00:01:19.794000
spanish,HUL,4.0,SOFT,10,0 days 00:01:32.020100,0 days 00:01:17.575000
spanish,LAW,1.0,SOFT,18,0 days 00:01:23.190666666,0 days 00:01:21.967000
spanish,LAW,2.0,MEDIUM,26,0 days 00:01:22.371769230,0 days 00:01:20.771000
spanish,LAW,3.0,SOFT,22,0 days 00:01:29.264045454,0 days 00:01:19.424000
spanish,LEC,1.0,SOFT,17,0 days 00:01:21.837470588,0 days 00:01:20.725000
spanish,LEC,2.0,MEDIUM,23,0 days 00:01:21.310260869,0 days 00:01:19.467000
spanish,LEC,3.0,MEDIUM,15,0 days 00:01:22.365733333,0 days 00:01:19.181000
spanish,LEC,4.0,SOFT,11,0 days 00:01:39.179181818,0 days 00:01:17.259000
spanish,NOR,1.0,SOFT,21,0 days 00:01:21.298857142,0 days 00:01:20.531000
spanish,NOR,2.0,MEDIUM,27,0 days 00:01:20.812592592,0 days 00:01:19.449000
spanish,NOR,3.0,SOFT,7,0 days 00:01:22.958428571,0 days 00:01:17.304000
spanish,NOR,4.0,SOFT,11,0 days 00:01:40.901909090,0 days 00:01:16.187000
spanish,OCO,1.0,SOFT,20,0 days 00:01:23.725100,0 days 00:01:22.280000
spanish,OCO,2.0,MEDIUM,23,0 days 00:01:22.596086956,0 days 00:01:20.553000
spanish,OCO,3.0,MEDIUM,23,0 days 00:01:28.493913043,0 days 00:01:18.624000
spanish,PIA,1.0,SOFT,22,0 days 00:01:21.044863636,0 days 00:01:19.866000
spanish,PIA,2.0,MEDIUM,27,0 days 00:01:20.716444444,0 days 00:01:19.235000
spanish,PIA,3.0,SOFT,6,0 days 00:01:23.687166666,0 days 00:01:17.766000
spanish,PIA,4.0,SOFT,11,0 days 00:01:41.174636363,0 days 00:01:15.743000
spanish,RUS,1.0,SOFT,20,0 days 00:01:22.204500,0 days 00:01:21.126000
spanish,RUS,2.0,MEDIUM,21,0 days 00:01:21.372857142,0 days 00:01:19.163000
spanish,RUS,3.0,SOFT,14,0 days 00:01:22.008142857,0 days 00:01:18.437000
spanish,RUS,4.0,SOFT,11,0 days 00:01:38.881818181,0 days 00:01:17.244000
spanish,SAI,1.0,SOFT,9,0 days 00:01:24.318333333,0 days 00:01:22.370000
spanish,SAI,2.0,SOFT,25,0 days 00:01:23.065040,0 days 00:01:21.020000
spanish,SAI,3.0,MEDIUM,21,0 days 00:01:24.792476190,0 days 00:01:20.378000
spanish,SAI,4.0,SOFT,11,0 days 00:01:30.050090909,0 days 00:01:19.317000
spanish,TSU,1.0,MEDIUM,8,0 days 00:01:24.720250,0 days 00:01:22.249000
spanish,TSU,2.0,SOFT,16,0 days 00:01:23.156937500,0 days 00:01:19.888000
spanish,TSU,3.0,SOFT,20,0 days 00:01:22.353600,0 days 00:01:20.192000
spanish,TSU,4.0,SOFT,10,0 days 00:01:23.430300,0 days 00:01:17.998000
spanish,TSU,5.0,SOFT,12,0 days 00:01:33.045750,0 days 00:01:19.526000
spanish,VER,1.0,SOFT,13,0 days 00:01:21.541538461,0 days 00:01:20.083000
spanish,VER,2.0,SOFT,16,0 days 00:01:21.383437500,0 days 00:01:19.450000
spanish,VER,3.0,MEDIUM,18,0 days 00:01:20.609555555,0 days 00:01:18.216000
spanish,VER,4.0,SOFT,8,0 days 00:01:22.579750,0 days 00:01:17.141000
spanish,VER,5.0,HARD,11,0 days 00:01:41.401454545,0 days 00:01:17.019000
são_paulo,ALB,1.0,MEDIUM,35,0 days 00:01:21.803428571,0 days 00:01:14.525000
são_paulo,ALB,2.0,SOFT,20,0 days 00:01:15.728450,0 days 00:01:13.495000
são_paulo,ALB,3.0,MEDIUM,16,0 days 00:01:14.880687500,0 days 00:01:12.400000
são_paulo,ALO,1.0,HARD,28,0 days 00:01:23.396107142,0 days 00:01:14.924000
são_paulo,ALO,2.0,MEDIUM,18,0 days 00:01:16.164000,0 days 00:01:14.343000
são_paulo,ALO,3.0,MEDIUM,25,0 days 00:01:14.852760,0 days 00:01:13.312000
são_paulo,ANT,1.0,SOFT,21,0 days 00:01:25.048523809,0 days 00:01:14.127000
são_paulo,ANT,2.0,MEDIUM,26,0 days 00:01:15.379961538,0 days 00:01:13.672000
são_paulo,ANT,3.0,MEDIUM,24,0 days 00:01:14.420250,0 days 00:01:13.123000
são_paulo,BEA,1.0,SOFT,17,0 days 00:01:27.813000,0 days 00:01:14.312000
são_paulo,BEA,2.0,MEDIUM,25,0 days 00:01:15.625600,0 days 00:01:13.823000
são_paulo,BEA,3.0,MEDIUM,29,0 days 00:01:14.750517241,0 days 00:01:13.483000
são_paulo,COL,1.0,MEDIUM,29,0 days 00:01:23.217241379,0 days 00:01:15.342000
são_paulo,COL,2.0,SOFT,14,0 days 00:01:16.477000,0 days 00:01:14.301000
são_paulo,COL,3.0,MEDIUM,28,0 days 00:01:14.835535714,0 days 00:01:12.816000
são_paulo,GAS,1.0,SOFT,18,0 days 00:01:27.244444444,0 days 00:01:14.672000
são_paulo,GAS,2.0,MEDIUM,21,0 days 00:01:16.016333333,0 days 00:01:14.027000
são_paulo,GAS,3.0,MEDIUM,32,0 days 00:01:15.273968750,0 days 00:01:13.736000
são_paulo,HAD,1.0,SOFT,18,0 days 00:01:27.078166666,0 days 00:01:14.553000
são_paulo,HAD,2.0,MEDIUM,19,0 days 00:01:16.237947368,0 days 00:01:14.254000
são_paulo,HAD,3.0,MEDIUM,34,0 days 00:01:15.251205882,0 days 00:01:13.694000
são_paulo,HAM,1.0,SOFT,2,0 days 00:01:46.352500,0 days 00:01:26.869000
são_paulo,HAM,2.0,HARD,12,0 days 00:01:28.337583333,0 days 00:01:14.982000
são_paulo,HAM,3.0,MEDIUM,18,0 days 00:01:16.731777777,0 days 00:01:14.273000
são_paulo,HAM,4.0,MEDIUM,5,0 days 00:01:21.672200,0 days 00:01:13.844000
são_paulo,HUL,1.0,MEDIUM,36,0 days 00:01:21.546083333,0 days 00:01:14.979000
são_paulo,HUL,2.0,SOFT,35,0 days 00:01:15.407457142,0 days 00:01:13.474000
são_paulo,LAW,1.0,SOFT,19,0 days 00:01:26.619526315,0 days 00:01:14.318000
são_paulo,LAW,2.0,MEDIUM,52,0 days 00:01:15.547442307,0 days 00:01:14.029000
são_paulo,LEC,1.0,MEDIUM,5,0 days 00:01:45.684000,0 days 00:01:19.556000
são_paulo,NOR,1.0,MEDIUM,30,0 days 00:01:21.719066666,0 days 00:01:13.489000
são_paulo,NOR,2.0,SOFT,20,0 days 00:01:15.433150,0 days 00:01:13.968000
são_paulo,NOR,3.0,MEDIUM,21,0 days 00:01:14.350523809,0 days 00:01:13.040000
são_paulo,OCO,1.0,HARD,8,0 days 00:01:42.237000,0 days 00:01:19.208000
são_paulo,OCO,2.0,MEDIUM,39,0 days 00:01:15.867051282,0 days 00:01:13.481000
são_paulo,OCO,3.0,MEDIUM,24,0 days 00:01:14.982541666,0 days 00:01:13.571000
são_paulo,PIA,1.0,MEDIUM,38,0 days 00:01:20.563394736,0 days 00:01:14.133000
são_paulo,PIA,2.0,SOFT,13,0 days 00:01:16.238923076,0 days 00:01:13.156000
são_paulo,PIA,3.0,MEDIUM,20,0 days 00:01:14.241500,0 days 00:01:12.742000
são_paulo,RUS,1.0,MEDIUM,34,0 days 00:01:21.405000,0 days 00:01:14.119000
são_paulo,RUS,2.0,SOFT,14,0 days 00:01:15.422214285,0 days 00:01:13.218000
são_paulo,RUS,3.0,MEDIUM,23,0 days 00:01:14.486173913,0 days 00:01:13.097000
são_paulo,SAI,1.0,SOFT,17,0 days 00:01:28.022411764,0 days 00:01:14.897000
são_paulo,SAI,2.0,MEDIUM,21,0 days 00:01:16.136952380,0 days 00:01:13.683000
são_paulo,SAI,3.0,MEDIUM,33,0 days 00:01:15.204818181,0 days 00:01:13.852000
são_paulo,STR,1.0,HARD,29,0 days 00:01:23.235586206,0 days 00:01:14.536000
são_paulo,STR,2.0,MEDIUM,25,0 days 00:01:15.776680,0 days 00:01:14.279000
são_paulo,STR,3.0,MEDIUM,17,0 days 00:01:14.799647058,0 days 00:01:13.094000
são_paulo,TSU,1.0,HARD,2,0 days 00:01:42.543000,0 days 00:01:25.506000
são_paulo,TSU,2.0,MEDIUM,22,0 days 00:01:23.002363636,0 days 00:01:14.911000
são_paulo,TSU,3.0,MEDIUM,23,0 days 00:01:16.460956521,0 days 00:01:14.019000
são_paulo,TSU,4.0,MEDIUM,24,0 days 00:01:15.043000,0 days 00:01:12.774000
são_paulo,VER,1.0,HARD,7,0 days 00:01:42.439428571,0 days 00:01:18.495000
são_paulo,VER,2.0,MEDIUM,27,0 days 00:01:16.189925925,0 days 00:01:13.049000
são_paulo,VER,3.0,MEDIUM,20,0 days 00:01:14.806650,0 days 00:01:13.307000
são_paulo,VER,4.0,SOFT,17,0 days 00:01:14.235823529,0 days 00:01:12.447000
united_states,ALB,1.0,HARD,7,0 days 00:01:48.169142857,0 days 00:01:41.723000
united_states,ALB,2.0,MEDIUM,29,0 days 00:01:42.033241379,0 days 00:01:39.343000
united_states,ALB,3.0,SOFT,20,0 days 00:01:40.200650,0 days 00:01:38.328000
united_states,ALO,1.0,MEDIUM,30,0 days 00:01:43.352633333,0 days 00:01:40.420000
united_states,ALO,2.0,SOFT,26,0 days 00:01:40.368576923,0 days 00:01:38.789000
united_states,ANT,1.0,MEDIUM,31,0 days 00:01:43.591774193,0 days 00:01:38.875000
united_states,ANT,2.0,SOFT,25,0 days 00:01:40.182480,0 days 00:01:37.577000
united_states,BEA,1.0,MEDIUM,30,0 days 00:01:42.970366666,0 days 00:01:40.207000
united_states,BEA,2.0,SOFT,26,0 days 00:01:40.606615384,0 days 00:01:39.119000
united_states,BOR,1.0,SOFT,14,0 days 00:01:46.283214285,0 days 00:01:40.990000
united_states,BOR,2.0,MEDIUM,22,0 days 00:01:41.857545454,0 days 00:01:40.053000
united_states,BOR,3.0,SOFT,19,0 days 00:01:40.783526315,0 days 00:01:38.275000
united_states,COL,1.0,MEDIUM,32,0 days 00:01:43.786812500,0 days 00:01:40.302000
united_states,COL,2.0,SOFT,23,0 days 00:01:40.925652173,0 days 00:01:39.173000
united_states,GAS,1.0,MEDIUM,27,0 days 00:01:43.991962962,0 days 00:01:40.944000
united_states,GAS,2.0,SOFT,28,0 days 00:01:41.376178571,0 days 00:01:39.270000
united_states,HAD,1.0,HARD,28,0 days 00:01:44.226500,0 days 00:01:41.031000
united_states,HAD,2.0,SOFT,28,0 days 00:01:40.522357142,0 days 00:01:38.724000
united_states,HAM,1.0,MEDIUM,31,0 days 00:01:42.364161290,0 days 00:01:39.355000
united_states,HAM,2.0,SOFT,25,0 days 00:01:39.816320,0 days 00:01:38.361000
united_states,HUL,1.0,MEDIUM,33,0 days 00:01:42.766575757,0 days 00:01:39.810000
united_states,HUL,2.0,SOFT,23,0 days 00:01:40.265782608,0 days 00:01:38.372000
united_states,LAW,1.0,MEDIUM,30,0 days 00:01:43.444300,0 days 00:01:40.789000
united_states,LAW,2.0,SOFT,26,0 days 00:01:40.386192307,0 days 00:01:38.983000
united_states,LEC,1.0,SOFT,22,0 days 00:01:43.165000,0 days 00:01:39.378000
united_states,LEC,2.0,MEDIUM,34,0 days 00:01:39.585411764,0 days 00:01:38.231000
united_states,NOR,1.0,MEDIUM,32,0 days 00:01:42.042468750,0 days 00:01:39.333000
united_states,NOR,2.0,SOFT,24,0 days 00:01:39.281708333,0 days 00:01:37.620000
united_states,OCO,1.0,HARD,24,0 days 00:01:44.587166666,0 days 00:01:40.485000
united_states,OCO,2.0,MEDIUM,32,0 days 00:01:40.409750,0 days 00:01:39.263000
united_states,PIA,1.0,MEDIUM,30,0 days 00:01:42.579933333,0 days 00:01:39.785000
united_states,PIA,2.0,SOFT,26,0 days 00:01:39.709269230,0 days 00:01:38.564000
united_states,RUS,1.0,MEDIUM,33,0 days 00:01:42.463424242,0 days 00:01:40.020000
united_states,RUS,2.0,SOFT,23,0 days 00:01:39.666260869,0 days 00:01:38.224000
united_states,SAI,1.0,MEDIUM,5,0 days 00:01:41.888000,0 days 00:01:40.327000
united_states,STR,1.0,SOFT,28,0 days 00:01:43.776607142,0 days 00:01:40.261000
united_states,STR,2.0,MEDIUM,28,0 days 00:01:40.328357142,0 days 00:01:39.071000
united_states,TSU,1.0,MEDIUM,29,0 days 00:01:42.996862068,0 days 00:01:40.057000
united_states,TSU,2.0,SOFT,27,0 days 00:01:40.220962962,0 days 00:01:38.803000
united_states,VER,1.0,MEDIUM,33,0 days 00:01:41.687757575,0 days 00:01:39.203000
united_states,VER,2.0,SOFT,23,0 days 00:01:39.324565217,0 days 00:01:37.991000
