Race,Driver,Stint,PitLap,Compound
abu_dhabi,ALB,2.0,8,HARD
abu_dhabi,ALB,3.0,33,MEDIUM
abu_dhabi,ALO,2.0,16,HARD
abu_dhabi,ANT,2.0,32,MEDIUM
abu_dhabi,BEA,2.0,14,HARD
abu_dhabi,BOR,2.0,15,HARD
abu_dhabi,COL,2.0,15,HARD
abu_dhabi,COL,3.0,40,MEDIUM
abu_dhabi,GAS,2.0,13,HARD
abu_dhabi,GAS,3.0,40,MEDIUM
abu_dhabi,HAD,2.0,14,HARD
abu_dhabi,HAM,2.0,8,HARD
abu_dhabi,HAM,3.0,31,MEDIUM
abu_dhabi,HUL,2.0,7,HARD
abu_dhabi,HUL,3.0,42,MEDIUM
abu_dhabi,LAW,2.0,21,HARD
abu_dhabi,LEC,2.0,16,HARD
abu_dhabi,LEC,3.0,39,MEDIUM
abu_dhabi,NOR,2.0,16,HARD
abu_dhabi,NOR,3.0,40,HARD
abu_dhabi,OCO,2.0,19,HARD
abu_dhabi,PIA,2.0,41,MEDIUM
abu_dhabi,RUS,2.0,14,HARD
abu_dhabi,SAI,2.0,18,HARD
abu_dhabi,STR,2.0,42,MEDIUM
abu_dhabi,TSU,2.0,32,MEDIUM
abu_dhabi,VER,2.0,23,HARD
australian,ALB,4.0,1,INTERMEDIATE
australian,ALB,5.0,30,MEDIUM
australian,ALB,6.0,41,INTERMEDIATE
australian,ALO,4.0,1,INTERMEDIATE
australian,ANT,4.0,1,INTERMEDIATE
australian,ANT,5.0,30,HARD
australian,ANT,6.0,41,INTERMEDIATE
australian,BEA,4.0,1,INTERMEDIATE
australian,BEA,5.0,35,MEDIUM
australian,BEA,6.0,40,INTERMEDIATE
australian,BOR,4.0,1,INTERMEDIATE
australian,BOR,5.0,30,MEDIUM
australian,BOR,6.0,40,INTERMEDIATE
australian,GAS,4.0,1,INTERMEDIATE
australian,GAS,5.0,30,HARD
australian,GAS,6.0,43,INTERMEDIATE
australian,HAM,4.0,1,INTERMEDIATE
australian,HAM,5.0,30,HARD
australian,HAM,6.0,43,INTERMEDIATE
australian,HUL,4.0,1,INTERMEDIATE
australian,HUL,5.0,30,MEDIUM
australian,HUL,6.0,41,INTERMEDIATE
australian,LAW,4.0,1,INTERMEDIATE
australian,LAW,5.0,30,MEDIUM
australian,LEC,4.0,1,INTERMEDIATE
australian,LEC,5.0,31,HARD
australian,LEC,6.0,43,INTERMEDIATE
australian,NOR,4.0,1,INTERMEDIATE
australian,NOR,5.0,31,HARD
australian,NOR,6.0,40,INTERMEDIATE
australian,OCO,4.0,1,INTERMEDIATE
australian,OCO,5.0,35,MEDIUM
australian,OCO,6.0,42,INTERMEDIATE
australian,PIA,4.0,1,INTERMEDIATE
australian,PIA,5.0,31,HARD
australian,PIA,6.0,39,INTERMEDIATE
australian,RUS,4.0,1,INTERMEDIATE
australian,RUS,5.0,31,HARD
australian,RUS,6.0,40,INTERMEDIATE
australian,STR,4.0,1,INTERMEDIATE
australian,STR,5.0,30,HARD
australian,STR,6.0,41,INTERMEDIATE
australian,TSU,4.0,1,INTERMEDIATE
australian,TSU,5.0,30,MEDIUM
australian,TSU,6.0,43,INTERMEDIATE
australian,VER,4.0,1,INTERMEDIATE
australian,VER,5.0,31,MEDIUM
australian,VER,6.0,42,INTERMEDIATE
austrian,ALB,2.0,13,MEDIUM
austrian,ALO,2.0,33,HARD
austrian,BEA,2.0,11,HARD
austrian,BEA,3.0,39,MEDIUM
austrian,BOR,2.0,21,MEDIUM
austrian,BOR,3.0,49,HARD
austrian,COL,2.0,13,MEDIUM
austrian,COL,3.0,39,HARD
austrian,GAS,2.0,12,HARD
austrian,GAS,3.0,38,MEDIUM
austrian,HAD,2.0,2,MEDIUM
austrian,HAD,3.0,28,HARD
austrian,HAM,2.0,26,HARD
austrian,HAM,3.0,50,MEDIUM
austrian,HUL,2.0,12,MEDIUM
austrian,HUL,3.0,42,MEDIUM
austrian,LAW,2.0,32,HARD
austrian,LEC,2.0,25,HARD
austrian,LEC,3.0,49,MEDIUM
austrian,NOR,2.0,20,HARD
austrian,NOR,3.0,52,MEDIUM
austrian,OCO,2.0,19,HARD
austrian,OCO,3.0,50,HARD
austrian,PIA,2.0,24,HARD
austrian,PIA,3.0,53,MEDIUM
austrian,RUS,2.0,18,MEDIUM
austrian,RUS,3.0,45,HARD
austrian,STR,2.0,26,HARD
austrian,STR,3.0,53,SOFT
austrian,TSU,2.0,18,HARD
austrian,TSU,3.0,30,MEDIUM
austrian,TSU,4.0,60,SOFT
azerbaijan,ALB,2.0,1,MEDIUM
azerbaijan,ALB,3.0,12,HARD
azerbaijan,ALO,2.0,18,HARD
azerbaijan,ANT,2.0,15,HARD
azerbaijan,BEA,2.0,25,MEDIUM
azerbaijan,BOR,2.0,23,MEDIUM
azerbaijan,COL,2.0,13,HARD
azerbaijan,GAS,2.0,32,MEDIUM
azerbaijan,HAD,2.0,26,HARD
azerbaijan,HAM,2.0,33,MEDIUM
azerbaijan,HUL,2.0,33,MEDIUM
azerbaijan,LAW,2.0,17,HARD
azerbaijan,LEC,2.0,16,HARD
azerbaijan,NOR,2.0,34,HARD
azerbaijan,OCO,3.0,1,HARD
azerbaijan,RUS,2.0,36,MEDIUM
azerbaijan,SAI,2.0,24,HARD
azerbaijan,STR,2.0,34,HARD
azerbaijan,TSU,2.0,35,MEDIUM
azerbaijan,VER,2.0,37,MEDIUM
bahrain,ALB,2.0,16,HARD
bahrain,ALB,3.0,32,MEDIUM
bahrain,ALO,2.0,16,MEDIUM
bahrain,ALO,3.0,32,HARD
bahrain,ANT,2.0,12,MEDIUM
bahrain,ANT,3.0,27,SOFT
bahrain,ANT,4.0,32,SOFT
bahrain,BEA,2.0,14,HARD
bahrain,BEA,3.0,32,SOFT
bahrain,BOR,2.0,13,HARD
bahrain,BOR,3.0,32,MEDIUM
bahrain,DOO,2.0,9,MEDIUM
bahrain,DOO,3.0,28,HARD
bahrain,GAS,2.0,10,MEDIUM
bahrain,GAS,3.0,28,HARD
bahrain,HAD,2.0,6,MEDIUM
bahrain,HAD,3.0,28,HARD
bahrain,HAM,2.0,17,MEDIUM
bahrain,HAM,3.0,32,HARD
bahrain,HUL,2.0,5,MEDIUM
bahrain,HUL,3.0,27,MEDIUM
bahrain,LAW,2.0,14,HARD
bahrain,LAW,3.0,32,SOFT
bahrain,LEC,2.0,17,MEDIUM
bahrain,LEC,3.0,32,HARD
bahrain,NOR,2.0,10,MEDIUM
bahrain,NOR,3.0,32,MEDIUM
bahrain,OCO,2.0,8,MEDIUM
bahrain,OCO,3.0,27,HARD
bahrain,PIA,2.0,14,MEDIUM
bahrain,PIA,3.0,32,MEDIUM
bahrain,RUS,2.0,13,MEDIUM
bahrain,RUS,3.0,32,SOFT
bahrain,SAI,2.0,14,MEDIUM
bahrain,SAI,3.0,32,HARD
bahrain,SAI,4.0,43,SOFT
bahrain,STR,2.0,12,MEDIUM
bahrain,STR,3.0,32,HARD
bahrain,TSU,2.0,11,MEDIUM
bahrain,TSU,3.0,32,SOFT
bahrain,VER,2.0,10,HARD
bahrain,VER,3.0,26,MEDIUM
belgian,ALB,2.0,9,MEDIUM
belgian,ALO,2.0,8,MEDIUM
belgian,ANT,2.0,9,MEDIUM
belgian,BEA,2.0,9,MEDIUM
belgian,BOR,2.0,9,MEDIUM
belgian,COL,2.0,9,MEDIUM
belgian,GAS,2.0,8,MEDIUM
belgian,HAD,2.0,10,MEDIUM
belgian,HAD,3.0,17,HARD
belgian,HAM,2.0,8,MEDIUM
belgian,HUL,2.0,8,MEDIUM
belgian,LAW,2.0,9,MEDIUM
belgian,LEC,2.0,9,MEDIUM
belgian,NOR,2.0,10,HARD
belgian,OCO,2.0,10,MEDIUM
belgian,PIA,2.0,9,MEDIUM
belgian,RUS,2.0,9,MEDIUM
belgian,SAI,2.0,9,MEDIUM
belgian,SAI,3.0,23,HARD
belgian,STR,2.0,9,MEDIUM
belgian,TSU,2.0,10,MEDIUM
belgian,VER,2.0,9,MEDIUM
british,ALB,2.0,12,INTERMEDIATE
british,ALB,3.0,37,MEDIUM
british,ALO,2.0,11,INTERMEDIATE
british,ALO,3.0,32,MEDIUM
british,ANT,2.0,2,HARD
british,ANT,3.0,8,INTERMEDIATE
british,ANT,4.0,15,INTERMEDIATE
british,BEA,2.0,10,INTERMEDIATE
british,BEA,3.0,36,MEDIUM
british,GAS,2.0,11,INTERMEDIATE
british,GAS,3.0,36,MEDIUM
british,HAD,2.0,10,INTERMEDIATE
british,HAM,2.0,11,INTERMEDIATE
british,HAM,3.0,36,SOFT
british,HUL,2.0,9,INTERMEDIATE
british,HUL,3.0,36,MEDIUM
british,LEC,2.0,10,INTERMEDIATE
british,LEC,3.0,37,SOFT
british,NOR,2.0,11,INTERMEDIATE
british,NOR,3.0,38,MEDIUM
british,OCO,2.0,16,INTERMEDIATE
british,OCO,3.0,37,MEDIUM
british,PIA,2.0,11,INTERMEDIATE
british,PIA,3.0,37,MEDIUM
british,RUS,2.0,10,INTERMEDIATE
british,RUS,3.0,33,HARD
british,SAI,2.0,11,INTERMEDIATE
british,SAI,3.0,36,MEDIUM
british,STR,2.0,6,SOFT
british,STR,3.0,10,INTERMEDIATE
british,STR,4.0,35,SOFT
british,TSU,2.0,11,INTERMEDIATE
british,TSU,3.0,36,MEDIUM
british,VER,2.0,11,INTERMEDIATE
british,VER,3.0,35,MEDIUM
canadian,ALB,2.0,23,HARD
canadian,ALO,2.0,15,HARD
canadian,ALO,3.0,50,HARD
canadian,ALO,4.0,66,HARD
canadian,ALO,5.0,67,HARD
canadian,ALO,6.0,68,HARD
canadian,ALO,7.0,69,HARD
canadian,ANT,2.0,14,HARD
canadian,ANT,3.0,38,HARD
canadian,ANT,4.0,67,HARD
canadian,ANT,5.0,68,HARD
canadian,ANT,6.0,69,HARD
canadian,BEA,2.0,18,HARD
canadian,BEA,3.0,66,SOFT
canadian,BEA,4.0,67,SOFT
canadian,BEA,5.0,68,SOFT
canadian,BOR,2.0,49,MEDIUM
canadian,BOR,3.0,66,MEDIUM
canadian,BOR,4.0,67,MEDIUM
canadian,BOR,5.0,68,MEDIUM
canadian,COL,2.0,14,HARD
canadian,COL,3.0,66,HARD
canadian,COL,4.0,67,HARD
canadian,COL,5.0,68,HARD
canadian,GAS,2.0,53,MEDIUM
canadian,GAS,3.0,66,MEDIUM
canadian,GAS,4.0,67,MEDIUM
canadian,GAS,5.0,68,MEDIUM
canadian,HAD,2.0,13,HARD
canadian,HAD,3.0,66,SOFT
canadian,HAD,4.0,67,SOFT
canadian,HAD,5.0,68,SOFT
canadian,HAM,2.0,15,HARD
canadian,HAM,3.0,45,HARD
canadian,HAM,4.0,67,HARD
canadian,HAM,5.0,68,HARD
canadian,HAM,6.0,69,HARD
canadian,HUL,2.0,19,HARD
canadian,HUL,3.0,66,HARD
canadian,HUL,4.0,67,HARD
canadian,HUL,5.0,68,HARD
canadian,HUL,6.0,69,HARD
canadian,LAW,2.0,38,MEDIUM
canadian,LEC,2.0,28,HARD
canadian,LEC,3.0,53,MEDIUM
canadian,LEC,4.0,67,MEDIUM
canadian,LEC,5.0,68,MEDIUM
canadian,LEC,6.0,69,MEDIUM
canadian,NOR,2.0,29,MEDIUM
canadian,NOR,3.0,47,HARD
canadian,OCO,2.0,57,MEDIUM
canadian,OCO,3.0,66,MEDIUM
canadian,OCO,4.0,67,MEDIUM
canadian,OCO,5.0,68,MEDIUM
canadian,PIA,2.0,16,HARD
canadian,PIA,3.0,45,HARD
canadian,PIA,4.0,67,SOFT
canadian,PIA,5.0,68,SOFT
canadian,PIA,6.0,69,SOFT
canadian,RUS,2.0,13,HARD
canadian,RUS,3.0,42,HARD
canadian,RUS,4.0,67,HARD
canadian,RUS,5.0,68,HARD
canadian,RUS,6.0,69,HARD
canadian,SAI,2.0,57,MEDIUM
canadian,SAI,3.0,66,MEDIUM
canadian,SAI,4.0,67,MEDIUM
canadian,SAI,5.0,68,MEDIUM
canadian,STR,2.0,24,HARD
canadian,STR,3.0,51,MEDIUM
canadian,STR,4.0,66,SOFT
canadian,STR,5.0,67,SOFT
canadian,STR,6.0,68,SOFT
canadian,TSU,2.0,56,MEDIUM
canadian,TSU,3.0,66,MEDIUM
canadian,TSU,4.0,67,MEDIUM
canadian,TSU,5.0,68,MEDIUM
canadian,VER,2.0,12,HARD
canadian,VER,3.0,37,HARD
canadian,VER,4.0,67,HARD
canadian,VER,5.0,68,HARD
canadian,VER,6.0,69,HARD
chinese,ALB,2.0,20,HARD
chinese,ANT,2.0,12,HARD
chinese,BEA,2.0,26,MEDIUM
chinese,BOR,2.0,1,HARD
chinese,BOR,3.0,26,HARD
chinese,DOO,2.0,11,HARD
chinese,GAS,2.0,10,HARD
chinese,HAD,2.0,12,HARD
chinese,HAD,3.0,33,HARD
chinese,HAM,2.0,13,HARD
chinese,HAM,3.0,37,HARD
chinese,HUL,2.0,20,HARD
chinese,LAW,2.0,18,MEDIUM
chinese,LAW,3.0,30,HARD
chinese,LEC,2.0,15,HARD
chinese,NOR,2.0,15,HARD
chinese,OCO,2.0,11,HARD
chinese,PIA,2.0,14,HARD
chinese,RUS,2.0,14,HARD
chinese,SAI,2.0,17,HARD
chinese,STR,2.0,36,MEDIUM
chinese,TSU,2.0,11,HARD
chinese,TSU,3.0,35,HARD
chinese,TSU,4.0,46,MEDIUM
chinese,VER,2.0,13,HARD
dutch,ALB,2.0,23,HARD
dutch,ALB,3.0,53,SOFT
dutch,ALO,2.0,18,HARD
dutch,ALO,3.0,40,HARD
dutch,ANT,2.0,23,HARD
dutch,ANT,3.0,51,SOFT
dutch,ANT,4.0,53,SOFT
dutch,BEA,2.0,53,MEDIUM
dutch,BOR,2.0,22,HARD
dutch,BOR,3.0,60,SOFT
dutch,COL,2.0,19,HARD
dutch,COL,3.0,53,MEDIUM
dutch,COL,4.0,65,SOFT
dutch,GAS,2.0,23,HARD
dutch,HAD,2.0,23,HARD
dutch,HAD,3.0,53,SOFT
dutch,HUL,2.0,19,HARD
dutch,HUL,3.0,53,MEDIUM
dutch,LAW,2.0,23,HARD
dutch,LAW,3.0,27,SOFT
dutch,LAW,4.0,52,SOFT
dutch,LEC,2.0,22,HARD
dutch,NOR,2.0,23,HARD
dutch,NOR,3.0,53,HARD
dutch,OCO,2.0,52,MEDIUM
dutch,PIA,2.0,23,HARD
dutch,PIA,3.0,53,HARD
dutch,RUS,2.0,23,HARD
dutch,RUS,3.0,53,SOFT
dutch,SAI,2.0,23,HARD
dutch,SAI,3.0,27,SOFT
dutch,SAI,4.0,51,SOFT
dutch,SAI,5.0,65,SOFT
dutch,STR,2.0,8,HARD
dutch,STR,3.0,52,HARD
dutch,TSU,2.0,19,HARD
dutch,TSU,3.0,53,SOFT
dutch,VER,2.0,23,MEDIUM
dutch,VER,3.0,53,SOFT
emilia_romagna,ALB,2.0,29,HARD
emilia_romagna,ALB,3.0,47,HARD
emilia_romagna,ALO,2.0,12,HARD
emilia_romagna,ALO,3.0,46,MEDIUM
emilia_romagna,ANT,2.0,29,MEDIUM
emilia_romagna,BEA,2.0,29,MEDIUM
emilia_romagna,BEA,3.0,31,HARD
emilia_romagna,BOR,2.0,12,HARD
emilia_romagna,BOR,3.0,29,HARD
emilia_romagna,BOR,4.0,46,MEDIUM
emilia_romagna,COL,2.0,22,HARD
emilia_romagna,COL,3.0,46,HARD
emilia_romagna,GAS,2.0,9,HARD
emilia_romagna,GAS,3.0,29,HARD
emilia_romagna,HAD,2.0,29,HARD
emilia_romagna,HAD,3.0,46,HARD
emilia_romagna,HAM,2.0,29,MEDIUM
emilia_romagna,HAM,3.0,46,HARD
emilia_romagna,HUL,2.0,29,MEDIUM
emilia_romagna,LAW,2.0,10,HARD
emilia_romagna,LAW,3.0,29,HARD
emilia_romagna,LEC,2.0,10,HARD
emilia_romagna,LEC,3.0,29,HARD
emilia_romagna,NOR,2.0,28,HARD
emilia_romagna,NOR,3.0,46,HARD
emilia_romagna,OCO,2.0,1,HARD
emilia_romagna,PIA,2.0,13,HARD
emilia_romagna,PIA,3.0,30,HARD
emilia_romagna,RUS,2.0,11,HARD
emilia_romagna,RUS,3.0,29,HARD
emilia_romagna,SAI,2.0,11,HARD
emilia_romagna,SAI,3.0,29,HARD
emilia_romagna,STR,2.0,14,HARD
emilia_romagna,STR,3.0,46,MEDIUM
emilia_romagna,TSU,2.0,29,MEDIUM
emilia_romagna,VER,2.0,29,HARD
emilia_romagna,VER,3.0,46,HARD
hungarian,ALB,2.0,14,MEDIUM
hungarian,ALB,3.0,38,HARD
hungarian,ALO,2.0,39,HARD
hungarian,ANT,2.0,21,HARD
hungarian,BEA,2.0,30,HARD
hungarian,BOR,2.0,40,HARD
hungarian,COL,2.0,13,HARD
hungarian,COL,3.0,35,HARD
hungarian,GAS,2.0,32,MEDIUM
hungarian,HAD,2.0,33,HARD
hungarian,HAM,2.0,42,MEDIUM
hungarian,HUL,2.0,5,MEDIUM
hungarian,HUL,3.0,41,MEDIUM
hungarian,LAW,2.0,40,HARD
hungarian,LEC,2.0,19,HARD
hungarian,LEC,3.0,40,HARD
hungarian,NOR,2.0,31,HARD
hungarian,OCO,2.0,14,HARD
hungarian,PIA,2.0,18,HARD
hungarian,PIA,3.0,45,HARD
hungarian,RUS,2.0,19,HARD
hungarian,RUS,3.0,43,HARD
hungarian,SAI,2.0,15,HARD
hungarian,SAI,3.0,51,MEDIUM
hungarian,STR,2.0,36,HARD
hungarian,TSU,2.0,20,SOFT
hungarian,TSU,3.0,37,HARD
hungarian,VER,2.0,17,HARD
hungarian,VER,3.0,48,HARD
italian,ALB,2.0,41,MEDIUM
italian,ALO,2.0,20,HARD
italian,ANT,2.0,28,HARD
italian,BEA,2.0,18,HARD
italian,BOR,2.0,20,HARD
italian,COL,2.0,33,HARD
italian,GAS,2.0,49,SOFT
italian,HAD,2.0,32,MEDIUM
italian,HAM,2.0,38,HARD
italian,LAW,2.0,9,HARD
italian,LEC,2.0,33,HARD
italian,NOR,2.0,46,SOFT
italian,OCO,2.0,51,SOFT
italian,PIA,2.0,45,SOFT
italian,RUS,2.0,27,HARD
italian,SAI,2.0,30,HARD
italian,STR,2.0,49,SOFT
italian,TSU,2.0,19,HARD
italian,VER,2.0,37,HARD
japanese,ALB,2.0,24,HARD
japanese,ALO,2.0,24,HARD
japanese,ANT,2.0,31,HARD
japanese,BEA,2.0,23,HARD
japanese,BOR,2.0,31,MEDIUM
japanese,DOO,2.0,15,HARD
japanese,GAS,2.0,24,HARD
japanese,HAD,2.0,25,HARD
japanese,HAM,2.0,30,MEDIUM
japanese,HUL,2.0,22,HARD
japanese,LAW,2.0,33,SOFT
japanese,LEC,2.0,21,HARD
japanese,NOR,2.0,21,HARD
japanese,OCO,2.0,32,MEDIUM
japanese,PIA,2.0,20,HARD
japanese,RUS,2.0,19,HARD
japanese,SAI,2.0,33,SOFT
japanese,STR,2.0,9,HARD
japanese,STR,3.0,30,MEDIUM
japanese,TSU,2.0,23,HARD
japanese,VER,2.0,21,HARD
las_vegas,ALB,2.0,13,MEDIUM
las_vegas,ALB,3.0,14,HARD
las_vegas,ALB,4.0,34,MEDIUM
las_vegas,ALO,2.0,16,HARD
las_vegas,ANT,2.0,2,HARD
las_vegas,BEA,2.0,17,HARD
las_vegas,COL,2.0,25,MEDIUM
las_vegas,GAS,2.0,2,HARD
las_vegas,HAD,2.0,20,HARD
las_vegas,HAM,2.0,29,MEDIUM
las_vegas,HUL,2.0,30,MEDIUM
las_vegas,LAW,2.0,2,HARD
las_vegas,LAW,3.0,28,HARD
las_vegas,LEC,2.0,24,HARD
las_vegas,NOR,2.0,22,HARD
las_vegas,OCO,2.0,27,HARD
las_vegas,PIA,2.0,21,HARD
las_vegas,RUS,2.0,17,HARD
las_vegas,SAI,2.0,22,HARD
las_vegas,TSU,2.0,1,HARD
las_vegas,TSU,3.0,27,MEDIUM
las_vegas,VER,2.0,25,HARD
mexico_city,ALB,2.0,41,SOFT
mexico_city,ALO,2.0,20,MEDIUM
mexico_city,ANT,2.0,22,MEDIUM
mexico_city,ANT,3.0,47,SOFT
mexico_city,BEA,2.0,24,MEDIUM
mexico_city,BEA,3.0,48,SOFT
mexico_city,BOR,2.0,37,SOFT
mexico_city,COL,2.0,48,SOFT
mexico_city,GAS,2.0,33,SOFT
mexico_city,HAD,2.0,34,SOFT
mexico_city,HAM,2.0,23,MEDIUM
mexico_city,HAM,3.0,47,SOFT
mexico_city,LAW,2.0,2,HARD
mexico_city,LEC,2.0,31,MEDIUM
mexico_city,NOR,2.0,34,MEDIUM
mexico_city,OCO,2.0,27,MEDIUM
mexico_city,PIA,2.0,24,MEDIUM
mexico_city,PIA,3.0,47,SOFT
mexico_city,RUS,2.0,25,MEDIUM
mexico_city,RUS,3.0,48,SOFT
mexico_city,SAI,2.0,17,SOFT
mexico_city,SAI,3.0,46,SOFT
mexico_city,SAI,4.0,56,SOFT
mexico_city,STR,2.0,26,MEDIUM
mexico_city,STR,3.0,43,SOFT
mexico_city,TSU,2.0,36,SOFT
mexico_city,VER,2.0,37,SOFT
miami,ALB,2.0,8,HARD
miami,ALO,2.0,9,MEDIUM
miami,ANT,2.0,8,HARD
miami,BOR,2.0,19,HARD
miami,GAS,2.0,9,MEDIUM
miami,HAD,2.0,22,HARD
miami,HAM,2.0,9,MEDIUM
miami,HUL,2.0,13,MEDIUM
miami,LAW,2.0,8,MEDIUM
miami,LEC,2.0,8,HARD
miami,NOR,2.0,8,HARD
miami,OCO,2.0,23,HARD
miami,PIA,2.0,8,HARD
miami,RUS,2.0,8,MEDIUM
miami,SAI,2.0,8,HARD
miami,STR,2.0,20,HARD
miami,TSU,2.0,8,HARD
miami,VER,2.0,8,HARD
monaco,ALB,2.0,32,MEDIUM
monaco,ALB,3.0,40,HARD
monaco,ALO,2.0,16,HARD
monaco,ANT,2.0,69,MEDIUM
monaco,ANT,3.0,71,HARD
monaco,BEA,2.0,1,HARD
monaco,BEA,3.0,17,MEDIUM
monaco,BOR,2.0,1,HARD
monaco,BOR,3.0,26,SOFT
monaco,BOR,4.0,35,MEDIUM
monaco,COL,2.0,13,MEDIUM
monaco,COL,3.0,26,MEDIUM
monaco,GAS,2.0,1,MEDIUM
monaco,HAD,2.0,14,SOFT
monaco,HAD,3.0,19,HARD
monaco,HAM,2.0,18,HARD
monaco,HAM,3.0,56,MEDIUM
monaco,HUL,2.0,12,HARD
monaco,HUL,3.0,44,SOFT
monaco,LAW,2.0,31,SOFT
monaco,LAW,3.0,40,HARD
monaco,LEC,2.0,22,HARD
monaco,LEC,3.0,49,MEDIUM
monaco,NOR,2.0,19,HARD
monaco,NOR,3.0,50,HARD
monaco,OCO,2.0,16,MEDIUM
monaco,OCO,3.0,28,HARD
monaco,PIA,2.0,20,HARD
monaco,PIA,3.0,48,HARD
monaco,RUS,2.0,53,MEDIUM
monaco,RUS,3.0,68,HARD
monaco,SAI,2.0,48,MEDIUM
monaco,SAI,3.0,53,MEDIUM
monaco,STR,2.0,17,HARD
monaco,STR,3.0,64,MEDIUM
monaco,TSU,2.0,1,HARD
monaco,TSU,3.0,73,MEDIUM
monaco,VER,2.0,28,MEDIUM
monaco,VER,3.0,77,SOFT
qatar,ALB,2.0,7,MEDIUM
qatar,ALB,3.0,32,MEDIUM
qatar,ALO,2.0,7,MEDIUM
qatar,ALO,3.0,32,HARD
qatar,ANT,2.0,7,MEDIUM
qatar,ANT,3.0,32,HARD
qatar,BEA,2.0,7,MEDIUM
qatar,BEA,3.0,32,HARD
qatar,BEA,4.0,40,HARD
qatar,BOR,2.0,7,MEDIUM
qatar,BOR,3.0,32,SOFT
qatar,COL,2.0,7,MEDIUM
qatar,COL,3.0,32,MEDIUM
qatar,GAS,2.0,7,HARD
qatar,GAS,3.0,32,MEDIUM
qatar,HAD,2.0,7,MEDIUM
qatar,HAD,3.0,32,HARD
qatar,HAM,2.0,7,MEDIUM
qatar,HAM,3.0,32,MEDIUM
qatar,LAW,2.0,7,MEDIUM
qatar,LAW,3.0,32,HARD
qatar,LEC,2.0,7,MEDIUM
qatar,LEC,3.0,32,HARD
qatar,NOR,2.0,25,MEDIUM
qatar,NOR,3.0,44,HARD
qatar,OCO,3.0,8,MEDIUM
qatar,OCO,4.0,33,HARD
qatar,PIA,2.0,24,MEDIUM
qatar,PIA,3.0,42,HARD
qatar,RUS,2.0,7,MEDIUM
qatar,RUS,3.0,32,HARD
qatar,SAI,2.0,7,MEDIUM
qatar,SAI,3.0,32,HARD
qatar,STR,2.0,7,MEDIUM
qatar,STR,3.0,24,MEDIUM
qatar,STR,4.0,49,SOFT
qatar,TSU,2.0,7,MEDIUM
qatar,TSU,3.0,32,HARD
qatar,VER,2.0,7,MEDIUM
qatar,VER,3.0,32,HARD
saudi_arabian,ALB,2.0,20,HARD
saudi_arabian,ALO,2.0,17,HARD
saudi_arabian,ANT,2.0,17,HARD
saudi_arabian,BEA,2.0,16,HARD
saudi_arabian,BOR,2.0,1,HARD
saudi_arabian,DOO,2.0,1,HARD
saudi_arabian,DOO,3.0,30,HARD
saudi_arabian,HAD,2.0,32,MEDIUM
saudi_arabian,HAM,2.0,21,HARD
saudi_arabian,HUL,2.0,31,MEDIUM
saudi_arabian,LAW,2.0,18,HARD
saudi_arabian,LEC,2.0,27,HARD
saudi_arabian,NOR,2.0,32,MEDIUM
saudi_arabian,OCO,2.0,1,HARD
saudi_arabian,PIA,2.0,17,HARD
saudi_arabian,RUS,2.0,18,HARD
saudi_arabian,SAI,2.0,19,HARD
saudi_arabian,STR,2.0,37,MEDIUM
saudi_arabian,VER,2.0,19,HARD
singapore,ALB,2.0,42,SOFT
singapore,ALO,2.0,27,MEDIUM
singapore,ANT,2.0,25,HARD
singapore,BEA,2.0,23,HARD
singapore,BOR,2.0,13,HARD
singapore,COL,2.0,14,MEDIUM
singapore,GAS,2.0,24,HARD
singapore,GAS,3.0,51,SOFT
singapore,HAD,2.0,20,HARD
singapore,HAM,2.0,24,HARD
singapore,HAM,3.0,46,SOFT
singapore,HUL,2.0,25,HARD
singapore,HUL,3.0,44,SOFT
singapore,LAW,2.0,48,SOFT
singapore,LEC,2.0,21,HARD
singapore,NOR,2.0,26,HARD
singapore,OCO,2.0,30,HARD
singapore,PIA,2.0,27,HARD
singapore,RUS,2.0,25,HARD
singapore,SAI,2.0,50,SOFT
singapore,STR,2.0,38,MEDIUM
singapore,TSU,2.0,13,HARD
singapore,VER,2.0,19,HARD
spanish,ALB,2.0,6,SOFT
spanish,ALB,3.0,26,SOFT
spanish,ALO,2.0,15,MEDIUM
spanish,ALO,3.0,42,SOFT
spanish,ALO,4.0,54,SOFT
spanish,ANT,2.0,21,MEDIUM
spanish,ANT,3.0,49,SOFT
spanish,BEA,2.0,8,MEDIUM
spanish,BEA,3.0,35,MEDIUM
spanish,BEA,4.0,54,SOFT
spanish,BOR,2.0,19,MEDIUM
spanish,BOR,3.0,49,SOFT
spanish,COL,2.0,14,MEDIUM
spanish,COL,3.0,39,SOFT
spanish,COL,4.0,54,SOFT
spanish,GAS,2.0,10,SOFT
spanish,GAS,3.0,31,MEDIUM
spanish,GAS,4.0,55,SOFT
spanish,HAD,2.0,19,MEDIUM
spanish,HAD,3.0,48,SOFT
spanish,HAD,4.0,55,SOFT
spanish,HAM,2.0,16,MEDIUM
spanish,HAM,3.0,46,SOFT
spanish,HAM,4.0,55,SOFT
spanish,HUL,2.0,9,MEDIUM
spanish,HUL,3.0,45,SOFT
spanish,HUL,4.0,56,SOFT
spanish,LAW,2.0,18,MEDIUM
spanish,LAW,3.0,44,SOFT
spanish,LEC,2.0,17,MEDIUM
spanish,LEC,3.0,40,MEDIUM
spanish,LEC,4.0,55,SOFT
spanish,NOR,2.0,21,MEDIUM
spanish,NOR,3.0,48,SOFT
spanish,NOR,4.0,55,SOFT
spanish,OCO,2.0,20,MEDIUM
spanish,OCO,3.0,43,MEDIUM
spanish,PIA,2.0,22,MEDIUM
spanish,PIA,3.0,49,SOFT
spanish,PIA,4.0,55,SOFT
spanish,RUS,2.0,20,MEDIUM
spanish,RUS,3.0,41,SOFT
spanish,RUS,4.0,55,SOFT
spanish,SAI,2.0,9,SOFT
spanish,SAI,3.0,34,MEDIUM
spanish,SAI,4.0,55,SOFT
spanish,TSU,2.0,8,SOFT
spanish,TSU,3.0,24,SOFT
spanish,TSU,4.0,44,SOFT
spanish,TSU,5.0,54,SOFT
spanish,VER,2.0,13,SOFT
spanish,VER,3.0,29,MEDIUM
spanish,VER,4.0,47,SOFT
spanish,VER,5.0,55,HARD
são_paulo,ALB,2.0,35,SOFT
são_paulo,ALB,3.0,55,MEDIUM
são_paulo,ALO,2.0,28,MEDIUM
são_paulo,ALO,3.0,46,MEDIUM
são_paulo,ANT,2.0,21,MEDIUM
são_paulo,ANT,3.0,47,MEDIUM
são_paulo,BEA,2.0,17,MEDIUM
são_paulo,BEA,3.0,42,MEDIUM
são_paulo,COL,2.0,29,SOFT
são_paulo,COL,3.0,43,MEDIUM
são_paulo,GAS,2.0,18,MEDIUM
são_paulo,GAS,3.0,39,MEDIUM
são_paulo,HAD,2.0,18,MEDIUM
são_paulo,HAD,3.0,37,MEDIUM
são_paulo,HAM,2.0,2,HARD
são_paulo,HAM,3.0,14,MEDIUM
são_paulo,HAM,4.0,32,MEDIUM
são_paulo,HUL,2.0,36,SOFT
são_paulo,LAW,2.0,19,MEDIUM
são_paulo,NOR,2.0,30,SOFT
são_paulo,NOR,3.0,50,MEDIUM
são_paulo,OCO,2.0,8,MEDIUM
são_paulo,OCO,3.0,47,MEDIUM
são_paulo,PIA,2.0,38,SOFT
são_paulo,PIA,3.0,51,MEDIUM
são_paulo,RUS,2.0,34,SOFT
são_paulo,RUS,3.0,48,MEDIUM
são_paulo,SAI,2.0,17,MEDIUM
são_paulo,SAI,3.0,38,MEDIUM
são_paulo,STR,2.0,29,MEDIUM
são_paulo,STR,3.0,54,MEDIUM
são_paulo,TSU,2.0,2,MEDIUM
são_paulo,TSU,3.0,24,MEDIUM
são_paulo,TSU,4.0,47,MEDIUM
são_paulo,VER,2.0,7,MEDIUM
são_paulo,VER,3.0,34,MEDIUM
são_paulo,VER,4.0,54,SOFT
united_states,ALB,2.0,7,MEDIUM
united_states,ALB,3.0,36,SOFT
united_states,ALO,2.0,30,SOFT
united_states,ANT,2.0,31,SOFT
united_states,BEA,2.0,30,SOFT
united_states,BOR,2.0,14,MEDIUM
united_states,BOR,3.0,36,SOFT
united_states,COL,2.0,32,SOFT
united_states,GAS,2.0,27,SOFT
united_states,HAD,2.0,28,SOFT
united_states,HAM,2.0,31,SOFT
united_states,HUL,2.0,33,SOFT
united_states,LAW,2.0,30,SOFT
united_states,LEC,2.0,22,MEDIUM
united_states,NOR,2.0,32,SOFT
united_states,OCO,2.0,24,MEDIUM
united_states,PIA,2.0,30,SOFT
united_states,RUS,2.0,33,SOFT
united_states,STR,2.0,28,MEDIUM
united_states,TSU,2.0,29,SOFT
united_states,VER,2.0,33,SOFT
