Race,Driver,RepresentativePace,RelativePace,FastestLapDelta,PaceStdDev
abu_dhabi,VER,88.464,0.98589650003622,0.9000000000000057,2.801133974689917
abu_dhabi,PIA,89.28,0.9949904992226637,0.04000000000000625,2.8103736413388605
abu_dhabi,NOR,88.4045,0.985233395928875,0.09300000000000352,4.021385614791924
abu_dhabi,LEC,88.622,0.9876573479179088,0.0,4.000870197238123
abu_dhabi,RUS,89.402,0.9963501412578918,1.8740000000000094,2.791247115063493
abu_dhabi,ALO,89.9755,1.0027415732841485,1.554000000000002,2.95959218267987
abu_dhabi,OCO,89.709,0.9997715355596544,1.9300000000000068,2.8993262461282625
abu_dhabi,HAM,89.49199999999999,0.9973531558740435,1.3689999999999998,3.808569428175322
abu_dhabi,HUL,89.7145,0.999832830897308,0.32500000000000284,3.847041975699631
abu_dhabi,STR,90.0035,1.0030536222758402,0.9010000000000105,3.0524147480827977
abu_dhabi,BOR,90.0885,1.0040009138577612,2.38900000000001,2.7210951164538284
abu_dhabi,BEA,89.8015,1.0008024116929215,2.2510000000000048,2.9662042153851136
abu_dhabi,SAI,89.906,1.0019670231083424,2.3270000000000124,2.892089346469311
abu_dhabi,TSU,90.10300000000001,1.0041625106570304,1.8320000000000078,3.517588395833791
abu_dhabi,ANT,90.1645,1.0048479039780673,1.304000000000002,3.24778343939486
abu_dhabi,ALB,89.813,1.0009305746716521,1.6420000000000101,3.87415856703631
abu_dhabi,HAD,90.197,1.0052101037005667,2.6500000000000057,2.84108419717078
abu_dhabi,LAW,89.814,1.000941719278498,2.1610000000000014,3.9568747420547408
abu_dhabi,GAS,89.955,1.0025131088438026,1.0420000000000016,4.315788386304804
abu_dhabi,COL,89.852,1.001365214338651,0.9849999999999994,4.313972926479837
australian,VER,90.7655,0.9879775770109938,0.9140000000000015,4.584655792844123
australian,GAS,92.34100000000001,1.0051268096222925,2.8529999999999944,4.7993903783256755
australian,ANT,91.309,0.9938935452269511,2.7339999999999947,2.8712525406878466
australian,ALO,92.521,1.0070860999238054,6.652000000000001,2.2654822834590136
australian,LEC,91.355,0.9943942527484488,3.103999999999999,2.5674304389454305
australian,STR,92.3715,1.0054588004789375,3.370999999999995,2.4048771043047656
australian,TSU,92.07249999999999,1.002204201589202,2.027000000000001,2.9683300658247456
australian,ALB,91.9765,1.0011592467617285,2.4299999999999926,2.4657783838626752
australian,HUL,92.61699999999999,1.0081310547512787,3.0759999999999934,2.6407385075805787
australian,LAW,93.4995,1.0177370197017523,0.8029999999999973,3.670155865633274
australian,OCO,93.5295,1.0180635680853378,4.596999999999994,2.664472782497386
australian,NOR,89.952,0.9791226733427669,0.0,2.581869060137923
australian,HAM,92.21,1.0037008816806356,2.051000000000002,2.689111163281439
australian,BOR,93.328,1.0158702514422553,2.0249999999999915,3.187693836349721
australian,RUS,91.078,0.9913791226733427,2.897999999999996,2.2998943337736333
australian,PIA,90.143,0.9812016980515946,1.0750000000000028,3.007689638746859
australian,BEA,93.395,1.016599542832263,5.435999999999993,2.9707008445105605
austrian,NOR,69.661,0.9841904492794574,0.347999999999999,3.1361751693382645
austrian,PIA,69.6755,0.9843953094094376,0.0,3.222948469718611
austrian,LEC,69.8505,0.9868677592540265,0.840999999999994,3.1787171004817503
austrian,HAM,70.17150000000001,0.9914029386832439,0.7039999999999935,2.988462713265483
austrian,RUS,70.5885,0.9972944334557784,1.4479999999999933,3.031004697915838
austrian,LAW,70.824,1.0006216445323537,2.0529999999999973,2.421186625601312
austrian,ALO,70.966,1.0026278609776773,2.0109999999999957,2.311364835417345
austrian,BOR,70.872,1.0012998022040125,1.3229999999999933,3.339023125150297
austrian,HUL,70.861,1.0011443910709241,1.5349999999999966,3.007306868439192
austrian,OCO,70.815,1.0004944899689177,1.6259999999999906,3.2330818481038275
austrian,BEA,71.19,1.005792596778751,2.035999999999987,3.088819171002707
austrian,HAD,71.381,1.0084910991805596,2.279999999999987,2.2757012949097355
austrian,GAS,71.146,1.0051709522463972,2.2269999999999897,3.2434142962494605
austrian,STR,71.083,1.0042808703023454,1.289999999999992,3.300473772663323
austrian,COL,71.068,1.004068946029952,1.6969999999999885,3.240258473857271
austrian,TSU,70.9175,1.0019426391636055,1.8780000000000001,5.364072210949048
austrian,ALB,71.35849999999999,1.0081732127719694,2.7169999999999987,5.019050353101639
azerbaijan,VER,104.9885,0.9897992372997205,0.0,2.7056657228304823
azerbaijan,RUS,105.277,0.9925191264300631,0.36599999999999966,2.6527874222070107
azerbaijan,SAI,105.362,0.9933204802466284,0.583999999999989,2.886817037111737
azerbaijan,ANT,105.197,0.9917649110732957,0.7029999999999887,1.1135914845502821
azerbaijan,LAW,105.607,0.9956302647767287,1.1430000000000007,2.9157267167589107
azerbaijan,TSU,105.617,0.9957245416963247,1.0459999999999923,2.9436517276860714
azerbaijan,NOR,105.4905,0.9945319386634361,0.7669999999999959,2.8550174204250025
azerbaijan,HAM,105.9055,0.9984444308266672,0.5889999999999986,2.7891613692583674
azerbaijan,LEC,105.605,0.9956114093928096,0.8859999999999957,2.885293961581688
azerbaijan,HAD,106.1645,1.0008862030442018,0.4959999999999951,3.108042645229727
azerbaijan,BOR,106.628,1.005255938267473,1.5420000000000016,2.9988236836682125
azerbaijan,BEA,106.56649999999999,1.004676135211958,0.8999999999999915,3.2337950374258937
azerbaijan,ALB,105.719,0.9966861662762031,0.7639999999999958,3.138486304715017
azerbaijan,OCO,107.0395,1.0091354335088456,2.0,1.5566858335435514
azerbaijan,ALO,106.471,1.003775790629817,1.61399999999999,3.6939979129483547
azerbaijan,HUL,107.08449999999999,1.0095596796470272,0.9819999999999993,2.8943988771308926
azerbaijan,STR,107.077,1.0094889719573303,1.6949999999999932,3.158767569083997
azerbaijan,GAS,107.26,1.0112142395859358,2.103999999999999,3.0503391331526615
azerbaijan,COL,106.845,1.0073017474227048,2.6670000000000016,1.2924643359879082
bahrain,PIA,97.556,0.990134784020786,0.0,3.1808167210737572
bahrain,RUS,97.841,0.9930273627801235,0.3780000000000001,2.892758821007498
bahrain,NOR,97.861,0.993230350763235,0.5879999999999939,3.6219622895000203
bahrain,LEC,97.666,0.9912512179278987,0.9920000000000044,2.980080814281999
bahrain,HAM,98.01,0.9947426112374149,1.0949999999999989,3.0536567207079
bahrain,VER,98.398,0.998680578109776,1.027000000000001,4.421099386897381
bahrain,GAS,98.204,0.9967115946735954,1.3910000000000053,4.005147405099437
bahrain,OCO,98.4,0.9987008769080872,1.9579999999999984,4.017837788979119
bahrain,TSU,98.565,1.000375527768756,2.0849999999999937,3.2906123697238163
bahrain,BEA,98.643,1.0011671809028906,2.1629999999999967,2.92710418998745
bahrain,ANT,98.564,1.0003653783696005,1.5499999999999972,4.1690358224269595
bahrain,ALB,98.698,1.0017253978564469,2.0010000000000048,3.2175461798470706
bahrain,HAD,98.849,1.0032579571289382,1.8119999999999976,4.0715032877914235
bahrain,DOO,98.714,1.001887788242936,1.5420000000000016,3.9356363332509803
bahrain,ALO,98.702,1.0017659954530693,2.7660000000000053,2.9546226727970994
bahrain,LAW,99.035,1.005145745371874,2.239999999999995,3.4464068321913675
bahrain,STR,99.226,1.007084280610588,2.9239999999999924,2.9448728545002947
bahrain,BOR,99.265,1.0074801071776551,2.8659999999999997,3.127323020229796
bahrain,SAI,99.212,1.00694218902241,1.813999999999993,6.044806402011967
bahrain,HUL,99.119,1.005998294900942,2.1979999999999933,4.0755787500722676
belgian,PIA,106.492,0.9871613040777923,0.8449999999999989,6.813129679391486
belgian,NOR,106.487,0.9871149549950406,0.3960000000000008,7.066990441255377
belgian,LEC,106.8195,0.9901971689980256,1.3130000000000024,7.632670037915455
belgian,VER,106.845,0.990433549320059,1.2349999999999994,7.66088253334716
belgian,RUS,107.257,0.9942527137387952,1.7049999999999983,7.328645364734963
belgian,ALB,107.4025,0.9956014720468682,1.9519999999999982,7.334511481818205
belgian,HAM,107.378,0.9953743615413851,1.6730000000000018,7.3619842836227045
belgian,LAW,107.5935,0.9973720070079815,1.7879999999999967,7.524789592381662
belgian,BOR,107.5675,0.9971309917776727,2.1049999999999898,7.440379517090061
belgian,GAS,108.1,1.0020671690907237,2.3160000000000025,7.597039613036862
belgian,BEA,108.012,1.0012514252342946,1.847999999999999,7.4049381873404805
belgian,HUL,108.30199999999999,1.0039396720338905,0.20699999999999363,7.7638571516453005
belgian,TSU,108.119,1.00224329560518,2.3799999999999955,7.246676103831755
belgian,STR,108.12100000000001,1.0022618352382808,2.350999999999999,7.530195891482673
belgian,OCO,108.21199999999999,1.0031053885443606,1.8829999999999956,7.790442223713983
belgian,ANT,108.031,1.001427551748751,0.0,7.660481716417321
belgian,ALO,108.22149999999999,1.0031934518015888,0.9879999999999995,7.61599243288887
belgian,SAI,108.6855,1.0074946466809422,1.211999999999989,8.051662358657403
belgian,COL,108.8545,1.0090612456779482,1.242999999999995,7.554995016713385
belgian,HAD,109.323,1.0134041547317778,2.8059999999999974,7.389033526983619
british,VER,103.923,1.0073083969021703,0.8419999999999987,7.571878555848352
british,GAS,103.8895,1.0069836869602302,1.4140000000000015,7.66493722852584
british,ANT,107.72399999999999,1.0441508592697417,9.998999999999995,9.416524427834297
british,ALO,103.771,1.005835086120831,1.0159999999999911,9.905986211507697
british,LEC,103.2045,1.0003440956101155,1.4819999999999993,7.424673990820046
british,STR,103.41,1.00233597301515,2.7509999999999906,6.804174884397907
british,TSU,104.662,1.0144714012930243,1.5360000000000014,7.483126981804227
british,ALB,104.07249999999999,1.0087574755982902,0.7099999999999937,6.632477692212889
british,HUL,103.23400000000001,1.0006300342157044,1.5960000000000036,6.871589783831544
british,OCO,103.918,1.0072599327317315,1.4809999999999945,6.587258802510344
british,NOR,101.6225,0.9850100320832809,0.39699999999999136,8.187559741655964
british,HAM,102.922,0.9976058699803235,0.679000000000002,7.54756568033195
british,SAI,104.247,1.010448875146604,1.3079999999999927,7.612722444443186
british,HAD,103.759,1.0057187721117777,12.367999999999995,11.837728549008043
british,RUS,102.6485,0.9949548798573215,1.5319999999999965,6.961715328966889
british,PIA,101.581,0.9846077794686389,0.0,6.934266188290998
british,BEA,103.163,0.9999418429954734,1.5840000000000032,7.485173758878604
canadian,VER,75.7715,0.9851649601820252,0.16800000000000637,3.1858640412742236
canadian,GAS,77.699,1.0102259060620835,0.8739999999999952,3.0770969482251025
canadian,ANT,75.6115,0.9830846741426947,0.3359999999999985,3.164884515433659
canadian,ALO,76.661,0.9967300503819276,0.9050000000000011,3.36826617174478
canadian,LEC,76.019,0.9883829026491144,0.1419999999999959,3.216863232853359
canadian,STR,77.394,1.0062603607996101,0.7830000000000013,4.48279949562462
canadian,TSU,77.394,1.0062603607996101,1.2390000000000043,2.8708296858221045
canadian,ALB,77.44149999999999,1.006877945717536,2.078000000000003,3.5629385519031453
canadian,HUL,77.1325,1.0028603933040794,1.2530000000000001,2.7023609988315695
canadian,LAW,77.729,1.010615959694458,2.2009999999999934,3.1808698044624797
canadian,OCO,77.279,1.0047651552088412,0.47400000000000375,2.8302217605745486
canadian,NOR,75.608,0.9830391678855844,0.10999999999999943,3.2322874760584983
canadian,COL,77.405,1.006403380464814,1.9569999999999936,2.731102700949498
canadian,HAM,76.22,0.9909962619860231,0.686000000000007,3.3215101944709136
canadian,BOR,77.572,1.0085746790183652,1.2950000000000017,2.7993192153872797
canadian,SAI,77.283,1.0048171623598245,0.269999999999996,2.8403018836149365
canadian,HAD,77.344,1.0056102714123192,2.173000000000002,2.941510012582291
canadian,RUS,75.618,0.9831691857630425,0.0,3.1277977455556774
canadian,PIA,75.678,0.9839492930277913,0.13599999999999568,3.171040631950988
canadian,BEA,77.183,1.003516983585243,1.2780000000000058,2.9206397719368535
chinese,PIA,96.81,0.9907434413521025,0.4509999999999934,3.022070844057462
chinese,NOR,96.952,0.9921966545395003,0.3849999999999909,2.8316675349168174
chinese,RUS,96.983,0.9925139053057634,0.7469999999999999,2.6083650757994405
chinese,VER,97.1,0.9937112711010138,0.41899999999999693,2.7758232705745134
chinese,OCO,97.8215,1.0010950268383916,0.6709999999999923,2.729820330940424
chinese,ANT,97.819,1.0010694420991768,0.9770000000000039,2.9492328165297126
chinese,ALB,97.7095,0.9999488305215707,1.1850000000000023,3.1263651596121655
chinese,BEA,97.461,0.9974057074436241,1.293999999999997,2.7496182224365913
chinese,STR,98.217,1.0051425325821655,0.9749999999999943,2.5648447683821805
chinese,SAI,98.054,1.0034744075853637,1.7099999999999937,2.812014258774934
chinese,HAD,97.92099999999999,1.0021132994591386,0.7989999999999924,3.6707555372399807
chinese,LAW,97.634,0.9991761713972851,0.9159999999999968,3.8181382717717316
chinese,DOO,98.3015,1.0060072967676241,1.355000000000004,2.662575867534496
chinese,BOR,98.195,1.0049173868770755,0.8049999999999926,2.862516221377105
chinese,HUL,98.576,1.008816501133404,2.206000000000003,3.030673403846794
chinese,TSU,97.903,1.0019290893367925,0.8019999999999925,6.495187172294363
chinese,LEC,97.18,0.994529982755886,1.0879999999999939,2.6475254477287944
chinese,HAM,97.346,0.9962288094397456,0.0,3.7574261031855096
chinese,GAS,97.9915,1.002834789104995,1.3559999999999945,2.7272465417472054
dutch,VER,75.03649999999999,0.9851188131810422,0.6500000000000057,1.212394661644638
dutch,GAS,76.732,1.0073782329000918,2.977000000000004,1.4549861600461798
dutch,ANT,75.3125,0.9887422869896284,1.2090000000000032,2.4865594907369553
dutch,ALO,76.24600000000001,1.0009977681501905,1.4479999999999933,3.101141255683286
dutch,LEC,75.675,0.9935013784954706,2.2860000000000014,1.2424564480304836
dutch,STR,76.21199999999999,1.000551398188263,1.551000000000002,2.8003271737199236
dutch,TSU,76.5395,1.004850991203886,2.0829999999999984,2.692224286471184
dutch,ALB,75.75450000000001,0.994545096494683,1.4159999999999968,1.5358456767713167
dutch,HUL,76.753,1.0076539319942235,2.6410000000000053,2.9412562246844933
dutch,LAW,76.203,1.0004332414336352,1.608000000000004,7.713942376931058
dutch,OCO,76.713,1.0071287908625441,1.7150000000000034,1.686402969190152
dutch,NOR,74.82050000000001,0.9822830510699752,0.10800000000000409,1.2469450710360077
dutch,COL,76.606,1.0057240383353026,0.7780000000000058,2.753356475860691
dutch,HAM,76.4015,1.003039254299593,3.4129999999999967,1.466173820184931
dutch,BOR,76.9975,1.0108638571616122,2.0360000000000014,2.6216866615515784
dutch,SAI,76.204,1.0004463699619273,1.5370000000000061,7.673674897706458
dutch,HAD,75.1315,0.9863660233687803,1.0559999999999974,1.2803777912443224
dutch,RUS,75.78,0.9948798739661284,1.4569999999999936,1.2740005503423961
dutch,PIA,74.78049999999999,0.9817579099382957,0.0,1.1262002959036659
dutch,BEA,76.5425,1.004890376788762,1.679000000000002,2.2495664131493895
emilia_romagna,VER,81.0005,0.9921121447249969,0.0,1.215321443553675
emilia_romagna,GAS,81.668,1.0002878332282028,2.4099999999999966,3.5852925050359103
emilia_romagna,ANT,82.198,1.0067793911408607,2.632000000000005,1.3793987537877586
emilia_romagna,ALO,81.9785,1.0040909063072223,1.906000000000006,3.4087499130015035
emilia_romagna,LEC,80.958,0.9915915952697365,1.0600000000000023,3.39671065291229
emilia_romagna,STR,82.0925,1.0054872036695675,2.5130000000000052,3.5130099547893368
emilia_romagna,TSU,82.26,1.007538780934417,2.051000000000002,2.073526082522706
emilia_romagna,ALB,81.666,1.0002633367832494,0.30100000000000193,1.3409117270006414
emilia_romagna,HUL,82.3045,1.0080838268346308,2.4129999999999967,1.6202687493129042
emilia_romagna,LAW,81.992,1.004256257310658,2.4849999999999994,3.6553288552468146
emilia_romagna,OCO,82.434,1.009669971645365,3.424999999999997,4.987783113514899
emilia_romagna,NOR,80.8755,0.9905811169154077,0.3230000000000075,1.6015047227760224
emilia_romagna,COL,82.245,1.0073550575972663,2.3569999999999993,3.76945304827335
emilia_romagna,HAM,81.649,1.0000551170011454,0.277000000000001,1.8133580946982981
emilia_romagna,BOR,81.98,1.0041092786409374,2.641999999999996,3.679410459917326
emilia_romagna,SAI,81.458,0.997715706508093,1.847999999999999,3.444153519841312
emilia_romagna,HAD,81.759,1.0014024214735837,1.4849999999999994,1.4182257061996484
emilia_romagna,RUS,81.41,0.9971277918292109,1.7450000000000045,3.450529371833017
emilia_romagna,PIA,80.912,0.9910281770358078,0.9060000000000059,3.617514587440789
emilia_romagna,BEA,82.045,1.0049054131019237,1.6610000000000014,7.108927869525592
hungarian,NOR,81.0325,0.9833205916973071,0.5090000000000003,2.6770473672346964
hungarian,PIA,81.1585,0.9848495880204351,0.0030000000000001137,3.1985682061120935
hungarian,RUS,81.446,0.9883383693132863,0.0,3.248807979550611
hungarian,LEC,81.685,0.991238608370648,1.0309999999999917,2.9889526091234573
hungarian,ALO,82.603,1.0023784387248653,0.7039999999999935,2.795016436393558
hungarian,BOR,82.87450000000001,1.0056730617544627,1.2959999999999923,2.620603925780813
hungarian,STR,82.9325,1.0063768854587596,1.2989999999999924,2.623445510148915
hungarian,LAW,83.042,1.0077056560729063,1.0479999999999876,2.8231418204373435
hungarian,VER,82.00800000000001,0.995158178310095,0.16699999999998738,3.2599171185592706
hungarian,ANT,82.584,1.002147875787251,1.3359999999999985,3.103414274471592
hungarian,HAD,83.194,1.0095501595738225,1.3930000000000007,2.748010062946069
hungarian,HAM,83.198,1.009598699139636,0.6129999999999995,3.0657288323753105
hungarian,HUL,82.464,1.0006916888128434,0.6039999999999992,4.294891224864557
hungarian,SAI,82.842,1.0052786777822271,0.3810000000000002,3.323800005050248
hungarian,ALB,82.676,1.0032642858009635,1.3699999999999903,3.6286291362379055
hungarian,OCO,83.092,1.0083124006455761,2.506999999999991,2.865135143637093
hungarian,TSU,82.789,1.004635528535197,1.7710000000000008,3.704767897326434
hungarian,COL,82.337,0.9991505575982622,1.4179999999999922,4.718995926163836
hungarian,GAS,83.44,1.012535342871358,2.024000000000001,2.8033469252620082
hungarian,BEA,83.6905,1.0155751331804335,2.5799999999999983,3.0355945325789815
italian,VER,82.919,0.9909650433223782,0.10200000000000387,3.0065310060260613
italian,NOR,82.9825,0.991723931879295,0.0,3.259803404566807
italian,PIA,83.002,0.9919569763967732,0.3440000000000083,2.808917024728562
italian,LEC,83.20750000000001,0.9944129070809682,0.3930000000000007,3.03901347977289
italian,RUS,83.524,0.9981953988646549,0.8990000000000009,3.208601405893298
italian,HAM,83.4675,0.9975201673140126,0.6450000000000102,3.070618956868557
italian,ALB,83.732,1.0006812070510906,0.46699999999999875,3.1671344781068695
italian,BOR,83.76599999999999,1.0010875410815656,1.2379999999999995,3.497040051769531
italian,ANT,83.694,1.0002270690170303,1.0670000000000073,3.225506182872171
italian,HAD,83.8835,1.0024917836868839,1.2319999999999993,3.3035046461613544
italian,SAI,83.84700000000001,1.002055572154168,0.8389999999999986,3.258297307878905
italian,BEA,83.441,0.99720346579026,0.9189999999999969,3.3654208705782533
italian,TSU,84.1685,1.0058978189423364,1.811000000000007,3.235805823718173
italian,LAW,83.83500000000001,1.0019121601434122,1.8760000000000048,3.3692772331624
italian,OCO,83.974,1.0035733492680012,1.9909999999999997,4.008408239746868
italian,GAS,84.249,1.0068598745144905,1.284000000000006,3.2787121648000515
italian,COL,84.414,1.0088317896623842,1.338000000000008,3.377658403768656
italian,STR,84.081,1.004852106363908,1.2630000000000052,4.879591658421962
italian,ALO,84.5415,1.0103555422766657,2.8560000000000088,6.1891262307372585
japanese,VER,92.448,0.9901571218953162,0.0759999999999934,3.128415809559789
japanese,NOR,92.238,0.9879079332098064,0.15099999999999625,3.2399452473916575
japanese,PIA,92.386,0.9894930757119752,0.07399999999999807,3.054016300523078
japanese,LEC,92.503,0.9907461951224736,0.5039999999999907,3.072830923177896
japanese,RUS,92.488,0.9905855387877943,0.3919999999999959,3.0314965814300474
japanese,ANT,93.147,0.9976437070913706,0.0,3.446659082701066
japanese,HAM,93.215,0.9983720158085834,0.4410000000000025,3.0341784882721976
japanese,HAD,93.637,1.002891814024227,0.35199999999998965,3.4165046996667088
japanese,ALB,93.693,1.0034915976736962,0.1599999999999966,3.4950877420149506
japanese,BEA,93.375,1.0000856833784955,1.0409999999999968,3.2847298703973227
japanese,ALO,93.018,0.9962620626131288,0.8049999999999926,3.579472369717818
japanese,TSU,93.125,0.9974080778005077,0.9059999999999917,3.3828585454193014
japanese,GAS,93.169,0.9978793363822335,0.8549999999999898,4.052213101006061
japanese,SAI,94.427,1.011353047650669,0.14099999999999113,3.2886058382263226
japanese,DOO,93.484,1.0012531194104983,1.7199999999999989,3.393226152293651
japanese,HUL,93.529,1.0017350884145362,1.6069999999999993,3.3161862802884423
japanese,LAW,94.342,1.0104426617541529,1.078000000000003,3.258199349111196
japanese,OCO,94.208,1.0090074651643515,1.0019999999999953,3.435155465665948
japanese,BOR,94.204,1.0089646234751035,1.0690000000000026,3.5856770268568363
japanese,STR,94.1215,1.0080810136343674,1.0870000000000033,4.479631162768812
las_vegas,VER,95.127,0.9891031972965947,0.0,2.6769502476293496
las_vegas,RUS,95.482,0.9927943852352483,1.2270000000000039,2.4997532874225423
las_vegas,ANT,95.615,0.9941772809981804,0.6330000000000098,1.0912753635961545
las_vegas,LEC,95.393,0.9918689888224591,0.9390000000000072,2.689256659714387
las_vegas,SAI,95.49,0.9928775669352742,1.1310000000000002,2.941798571684275
las_vegas,HAD,95.7,0.9950610865609566,1.2550000000000097,2.8183081360090756
las_vegas,HUL,96.18,1.0000519885625163,1.2270000000000039,2.8775964898828077
las_vegas,HAM,95.994,0.9981180140369119,1.1880000000000024,3.2567421605033458
las_vegas,OCO,96.1055,0.9992773589810243,1.1920000000000073,2.927966690431236
las_vegas,BEA,96.53,1.0036911879386536,1.1540000000000106,2.8710823976931454
las_vegas,ALO,96.956,1.0081206134650378,2.26400000000001,2.3631494528200347
las_vegas,TSU,96.434,1.0026930075383416,1.6020000000000039,2.5648720225226045
las_vegas,GAS,96.997,1.0085469196776709,2.3090000000000117,0.6291469027600192
las_vegas,LAW,96.86449999999999,1.0071692227709903,1.4720000000000084,2.9032144926946
las_vegas,COL,97.2445,1.011120353522225,2.4150000000000063,2.993912619244288
las_vegas,ALB,96.431,1.002661814400832,1.8190000000000026,7.774032525914623
las_vegas,NOR,95.68,0.9948531323108917,0.6000000000000085,2.7567692357525893
las_vegas,PIA,95.418,0.9921289316350403,0.7210000000000036,2.6859733681374127
mexico_city,VER,82.936,1.0022356225302413,1.0559999999999974,2.622387932990763
mexico_city,GAS,84.1,1.0163019178015975,2.218999999999994,2.877270233508597
mexico_city,ANT,82.51750000000001,0.9971782818334523,0.7739999999999867,3.5762105688331656
mexico_city,ALO,83.8845,1.0136977196650192,1.6559999999999917,4.7077902998175745
mexico_city,LEC,82.34,0.9950332926490314,1.5359999999999872,2.5282230597516793
mexico_city,STR,82.6995,0.9993776510253652,0.5409999999999968,3.929992370319468
mexico_city,TSU,83.374,1.007528609926164,1.4339999999999975,3.609767282152419
mexico_city,ALB,83.642,1.0107672414834865,0.42799999999999727,2.918529665617759
mexico_city,HUL,84.235,1.017933318026368,3.0389999999999873,2.5442795341365483
mexico_city,OCO,82.689,0.9992507643412163,1.816999999999993,2.6562374240317412
mexico_city,NOR,82.129,0.9924834745199453,0.7119999999999891,2.498958360654663
mexico_city,COL,84.336,1.019153847083419,1.289999999999992,3.2751055816803603
mexico_city,HAM,82.3715,0.9954139527014778,0.5489999999999924,4.478382290889941
mexico_city,BOR,83.606,1.0103322014235476,1.0689999999999884,2.5792568951468113
mexico_city,SAI,82.733,0.9997824799700306,0.04599999999999227,4.546096467342573
mexico_city,HAD,83.655,1.0109243392829088,1.661999999999992,2.625321360903964
mexico_city,RUS,82.414,0.995927541661128,0.0,3.33778224012854
mexico_city,PIA,82.4335,0.9961631883602614,0.36999999999999034,3.518336970766181
mexico_city,BEA,82.4805,0.9967311573274039,0.6529999999999916,3.437409767919358
miami,VER,91.6935,0.9930739822165423,0.7199999999999989,2.346124667077473
miami,GAS,92.78399999999999,1.004884494167849,1.413000000000011,1.000805945430064
miami,ANT,91.786,0.9940757908873318,1.0490000000000066,2.528166238639398
miami,ALO,92.982,1.0070289062415387,1.541000000000011,1.331020776630902
miami,LEC,92.29,0.9995342943476331,0.7150000000000034,1.0700945059968798
miami,STR,92.804,1.0051011014480198,2.0230000000000103,2.19635021443662
miami,TSU,91.6275,0.992359178191979,1.2180000000000035,1.163479958870747
miami,ALB,91.389,0.9897761363759435,0.7360000000000042,2.2445368378510944
miami,HUL,93.128,1.0086101393867848,1.2690000000000055,2.1580964970654715
miami,LAW,94.351,1.0218556745692222,2.024000000000001,2.5763528279505254
miami,OCO,91.8615,0.9948934833699762,1.3760000000000048,2.3982850917321095
miami,NOR,91.131,0.9869819024617418,0.0,1.1782938667100542
miami,HAM,91.958,0.9959386134967996,0.8160000000000025,1.1096307009762387
miami,BOR,93.402,1.0115776591251233,2.582000000000008,5.412947457408642
miami,SAI,91.597,0.9920288520897187,0.9570000000000078,2.268772993250308
miami,HAD,91.7005,0.9931497947646021,1.2250000000000085,2.312614506288041
miami,RUS,91.208,0.9878158404903988,0.5720000000000027,1.0358683862950393
miami,PIA,91.0765,0.9863916476232766,0.07600000000000762,0.8778847353562024
miami,BEA,93.60849999999999,1.0138141292928855,2.9340000000000117,0.3791170878559118
monaco,VER,75.33,0.9747670807453416,1.0090000000000003,3.17652068328248
monaco,ANT,78.9875,1.0220949792960663,0.29699999999999704,2.9095178902376677
monaco,ALO,77.2465,0.9995665113871635,2.372,3.5021821874474326
monaco,LEC,75.369,0.9752717391304347,0.8340000000000032,3.0741336097434258
monaco,STR,78.615,1.017274844720497,1.6559999999999917,3.641432665273573
monaco,TSU,78.827,1.020018115942029,1.691999999999993,2.129923386059683
monaco,ALB,77.185,0.9987707039337475,1.3759999999999906,3.2799617693660608
monaco,HUL,78.575,1.0167572463768115,2.0019999999999953,3.363156091661408
monaco,LAW,76.90350000000001,0.9951281055900622,2.0999999999999943,3.163943918359652
monaco,OCO,77.37950000000001,1.0012875258799172,1.9359999999999928,3.1313754520825468
monaco,NOR,75.28,0.974120082815735,0.0,2.9486202821321696
monaco,COL,78.426,1.0148291925465838,2.076999999999998,3.343948680178438
monaco,HAM,75.75,0.9802018633540373,0.8689999999999998,3.1919797745402723
monaco,BOR,78.35,1.0138457556935816,1.7489999999999952,3.37070511488414
monaco,SAI,77.461,1.002342132505176,0.7669999999999959,3.277499556702968
monaco,HAD,77.274,0.9999223602484472,2.759999999999991,2.977686507141281
monaco,RUS,78.494,1.0157091097308488,0.1839999999999975,3.5836199859890416
monaco,PIA,75.181,0.9728390269151138,0.5240000000000009,3.1479493578910303
monaco,BEA,78.386,1.0143115942028984,1.6340000000000003,2.874365294735566
qatar,VER,85.431,0.9870710571923743,0.5020000000000095,3.2068375022134066
qatar,GAS,87.4145,1.00998844598498,2.3800000000000097,3.811767646298306
qatar,ANT,86.509,0.999526285384171,0.9590000000000032,3.5533443955411457
qatar,ALO,86.459,0.99894858463316,0.9440000000000026,3.498071696050721
qatar,LEC,87.155,1.0069901790872329,1.436000000000007,3.498793239193207
qatar,STR,87.4,1.0098209127671867,0.48799999999999955,5.130000687612232
qatar,TSU,87.299,1.0086539572501445,1.1430000000000007,3.6520256721660176
qatar,ALB,87.373,1.0095089543616407,1.2650000000000006,3.5791984392240646
qatar,HUL,88.382,1.0211669555170422,5.143000000000001,2.4904481256727027
qatar,LAW,87.208,1.0076025418833046,0.9750000000000085,3.6141042798019845
qatar,OCO,87.4365,1.0102426343154245,2.0600000000000023,3.5338318480854443
qatar,NOR,85.615,0.9891969959560947,0.20100000000000762,4.467708208595912
qatar,COL,87.4,1.0098209127671867,2.6480000000000103,3.6101056090224874
qatar,HAM,87.189,1.0073830155979202,1.8520000000000039,3.3614871878282138
qatar,BOR,87.465,1.010571923743501,2.237000000000009,3.4848675245991503
qatar,SAI,86.262,0.9966724436741768,0.8629999999999995,3.389064796656468
qatar,HAD,86.733,1.0021143847487002,1.320999999999998,3.4219739514627805
qatar,RUS,86.855,1.003523974581167,0.20199999999999818,3.482378695803622
qatar,PIA,85.228,0.9847255921432697,0.0,4.4826756045326
qatar,BEA,87.573,1.0118197573656846,1.9340000000000117,8.314659331493914
saudi_arabian,PIA,92.987,0.9845363826464438,0.44999999999998863,2.635697582876519
saudi_arabian,VER,93.067,0.9853834140660155,0.5019999999999953,3.3756549357337127
saudi_arabian,LEC,93.513,0.990105614230128,0.41399999999998727,2.6792841998025794
saudi_arabian,NOR,93.443,0.9893644617380026,0.0,2.6803357018404608
saudi_arabian,RUS,93.89,0.9940972497948597,1.1149999999999949,2.5149885579875915
saudi_arabian,ANT,93.797,0.9931125757696075,0.617999999999995,2.8094933007297813
saudi_arabian,HAM,93.876,0.9939490192964346,0.8219999999999885,2.8106926151525835
saudi_arabian,SAI,94.632,1.0019534662113874,0.6879999999999882,3.2295691726146765
saudi_arabian,ALB,94.46,1.0001323486593081,1.698999999999998,2.9360092461106095
saudi_arabian,HAD,94.873,1.0045051483628473,1.4789999999999992,2.5039415304253967
saudi_arabian,ALO,94.741,1.003107546520554,1.2309999999999945,2.82843975632046
saudi_arabian,LAW,94.755,1.003255777018979,1.2199999999999989,2.7469080614833783
saudi_arabian,BEA,94.743,1.003128722306043,1.4599999999999937,2.918861001450897
saudi_arabian,OCO,95.602,1.0122237221736945,2.5309999999999917,1.13577006278677
saudi_arabian,HUL,95.524,1.0113978665396122,1.6679999999999922,2.424179852645223
saudi_arabian,STR,95.614,1.0123507768866302,0.9669999999999987,2.529259747445547
saudi_arabian,DOO,95.88550000000001,1.0152253897668018,1.3719999999999999,2.921639083097715
saudi_arabian,BOR,95.988,1.016310648773128,2.668999999999997,1.0355986343178347
singapore,RUS,96.6425,0.9853737369617749,1.867999999999995,2.5220433131582665
singapore,VER,96.53,0.9842266790378988,1.840999999999994,2.595342800420576
singapore,NOR,96.689,0.985847854236977,1.7469999999999999,2.4984069152410493
singapore,PIA,96.7195,0.9861588343852279,1.5999999999999943,3.0601759494390897
singapore,ANT,97.0035,0.989054518388613,1.4949999999999903,2.8513579530236437
singapore,LEC,97.369,0.9927811821324062,2.174999999999997,2.8420883632298937
singapore,ALO,97.8685,0.9978741193144162,2.053999999999988,3.8379162688893627
singapore,HAM,97.05799999999999,0.9896102042272907,0.0,5.519464688154578
singapore,BEA,98.30799999999999,1.002355292270359,2.3929999999999865,2.941500920299753
singapore,SAI,98.477,1.0040784281737818,1.154999999999987,3.4136117250430322
singapore,HAD,98.379,1.0030792132712054,3.1299999999999955,2.955687631635593
singapore,TSU,98.365,1.002936468285123,3.022999999999996,3.5233811315121684
singapore,STR,98.647,1.005811760147639,2.042999999999992,3.1717241219726193
singapore,ALB,98.507,1.0043843102868155,1.8399999999999892,3.790802646132966
singapore,LAW,98.678,1.0061278383311072,1.8329999999999984,3.187415922407937
singapore,COL,98.645,1.0057913680067703,3.3739999999999952,2.97296323856927
singapore,BOR,98.65,1.0058423483589425,3.317999999999998,4.003787503827299
singapore,OCO,98.617,1.0055058780346056,2.837999999999994,3.2417346621092777
singapore,GAS,98.713,1.0064847007963131,0.7649999999999864,4.13463590298626
singapore,HUL,98.42,1.003497252159018,1.5959999999999894,4.343053881894665
spanish,VER,79.9605,0.9842079674066231,1.2760000000000105,3.9558730982185266
spanish,GAS,81.802,1.0068743961055346,2.153000000000006,3.5778872065303307
spanish,ANT,81.289,1.000560044803584,2.5120000000000005,3.8892001850123563
spanish,ALO,81.67,1.00524965074129,2.385000000000005,3.8730945008188913
spanish,LEC,80.0975,0.9858942561558769,1.5160000000000053,3.69863827606528
spanish,TSU,81.433,1.002332494291851,2.2550000000000097,4.404495252199856
spanish,ALB,82.346,1.0135703163945422,4.765000000000001,9.092175758620211
spanish,HUL,81.61,1.0045111301211789,1.8320000000000078,3.6379534145136914
spanish,LAW,81.494,1.0030833235889638,3.6810000000000116,3.7004096019349455
spanish,OCO,81.692,1.0055204416353305,2.8810000000000002,3.6879900162586354
spanish,NOR,80.04650000000001,0.9852665136287826,0.4440000000000026,3.626284209540337
spanish,COL,82.5775,1.016419775120471,2.6099999999999994,3.7140449173257033
spanish,HAM,80.64349999999999,0.9926147937988883,1.963000000000008,3.787057734056011
spanish,BOR,81.666,1.0052004160332826,2.554000000000002,3.7227982725867936
spanish,SAI,81.614,1.0045603648291863,3.573999999999998,4.51436598902609
spanish,HAD,81.11,0.9983567916202526,2.027000000000001,3.5656594113017905
spanish,RUS,80.52850000000001,0.9911992959436755,1.5010000000000048,3.3159821561472573
spanish,PIA,80.135,0.9863558315434465,0.0,3.6731588239229067
spanish,BEA,81.902,1.0081052638057197,3.1640000000000015,3.464261615583324
são_paulo,VER,73.844,0.9868036856136786,0.046999999999997044,3.155569540257337
são_paulo,GAS,74.87,1.0005144892191122,1.3359999999999985,3.190067638972352
são_paulo,ANT,74.359,0.9936858141290765,0.722999999999999,3.4340162581202653
são_paulo,ALO,74.746,0.9988574330328804,0.9119999999999919,3.3416270688821514
são_paulo,STR,74.846,1.0001937686669384,0.6939999999999884,3.3041734751393808
são_paulo,TSU,74.929,1.0013029272432064,0.3739999999999952,5.253070785397365
são_paulo,ALB,75.285,1.0060602821004523,0.0,3.177956511718464
são_paulo,HUL,75.189,1.0047773998917566,1.073999999999998,2.2751069583180032
são_paulo,LAW,75.305,1.0063275492272639,1.6289999999999907,2.290555770179614
são_paulo,OCO,75.144,1.0041760488564309,1.0809999999999889,3.3670167312032717
são_paulo,NOR,74.357,0.9936590874163954,0.6400000000000006,3.374510979496503
são_paulo,COL,74.745,0.9988440696765399,0.4159999999999968,3.525217599585019
são_paulo,HAM,75.612,1.0104300996238214,1.4439999999999884,5.909575452356421
são_paulo,SAI,74.985,1.0020512751982786,1.2830000000000013,3.2495791610629117
são_paulo,HAD,74.773,0.9992182436540761,1.293999999999997,3.373302334666289
são_paulo,RUS,74.365,0.99376599426712,0.6969999999999885,3.141337521578216
são_paulo,PIA,74.319,0.9931512798754535,0.34199999999999875,4.384739369267635
são_paulo,BEA,74.487,0.9953963237406706,1.0829999999999984,3.363009573842037
united_states,VER,99.458,0.9931895346514878,0.5300000000000011,2.7995859166115626
united_states,GAS,101.152,1.0101058518074695,1.6929999999999978,3.1084230482575523
united_states,ANT,99.917,0.9977731176353106,0.0,3.309555600639684
united_states,ALO,100.557,1.0041641701617736,1.2120000000000033,2.9049422925657664
united_states,LEC,99.39699999999999,0.9925803874575593,0.6539999999999964,2.9903370529430426
united_states,STR,100.261,1.0012083083682843,1.4939999999999998,2.8022538573056366
united_states,TSU,100.057,0.9991711603754744,1.225999999999999,2.9123660920491528
united_states,ALB,100.167,1.0002696225284602,0.7510000000000048,2.8370698431483765
united_states,HUL,100.31,1.0016976233273418,0.7950000000000017,0.8483866640658052
united_states,LAW,100.806,1.0066506890353504,1.406000000000006,2.851075661611824
united_states,OCO,99.969,0.9982923906530856,1.686000000000007,3.0102957053627626
united_states,NOR,99.59,0.9945076892350709,0.15800000000000125,2.975083948395405
united_states,COL,101.1745,1.010330537247853,1.5960000000000036,3.0266611830092085
united_states,HAM,99.913,0.9977331735570202,0.784000000000006,2.9848013408295175
united_states,BOR,100.78399999999999,1.0064309966047533,0.6980000000000075,4.035864902372734
united_states,HAD,100.907,1.0076592770121828,1.1470000000000056,2.8654736600552773
united_states,RUS,100.152,1.0001198322348712,0.6470000000000056,0.9236378693652025
united_states,PIA,99.9445,0.9980477331735571,0.9869999999999948,2.866946107634678
united_states,BEA,100.513,1.0037247853005793,1.5420000000000016,2.6728821249949744
