Race,Driver,NumBrakingEvents,AvgBrakeDistance,AvgEntrySpeed,AvgExitSpeed,AvgSpeedReduction
abu_dhabi,ALB,408,94.48486034044603,252.74264705882354,120.91976226272435,131.82288479609917
abu_dhabi,ALO,423,87.70576071009403,242.58156028368793,126.97162084241874,115.60993944126923
abu_dhabi,ANT,575,100.19409844950009,257.3530434782609,169.3603939025301,87.99264957573091
abu_dhabi,BEA,436,99.02579812917551,253.07798165137615,123.12583654376719,129.952145107609
abu_dhabi,BOR,433,94.80368345390566,247.66743648960738,118.9605094869261,128.70692700268128
abu_dhabi,COL,410,86.1869421095374,243.13170731707316,126.59056811133713,116.5411392057361
abu_dhabi,GAS,364,108.92927229734227,253.9835164835165,124.691723888666,129.2917925948505
abu_dhabi,HAD,406,95.76712321955442,248.6847290640394,122.42524008952552,126.25948897451386
abu_dhabi,HAM,475,93.43269565947529,243.8,125.30767440059367,118.49232559940634
abu_dhabi,HUL,409,92.45451688219767,253.73349633251834,120.76498578867984,132.96851054383845
abu_dhabi,LAW,378,103.57299454860267,256.4232804232804,123.60266080183838,132.820619621442
abu_dhabi,LEC,439,81.37660470326448,242.03872437357631,122.17341054074566,119.86531383283062
abu_dhabi,NOR,368,93.09555000546057,259.0108695652174,125.4590947390018,133.55177482621556
abu_dhabi,OCO,633,79.26817710444313,231.84518167456557,142.11824254263922,89.7269391319262
abu_dhabi,PIA,352,97.28414378248259,265.05965909090907,124.72102077877534,140.33863831213364
abu_dhabi,RUS,366,101.18327765120628,263.79234972677597,125.5171966459373,138.2751530808386
abu_dhabi,SAI,384,118.27179949520531,269.7135416666667,122.81871373527794,146.89482793138868
abu_dhabi,STR,395,95.3628730679488,256.9341772151899,126.15363051905489,130.780546696135
abu_dhabi,TSU,414,99.82966121976293,253.975845410628,124.6142118139834,129.3616335966446
abu_dhabi,VER,368,92.89314416321565,263.29619565217394,129.21743695990247,134.07875869227144
australian,ALB,913,62.41931363764227,189.94523548740418,129.7138320943801,60.23140339302407
australian,ALO,380,73.86834382187513,205.9657894736842,128.2265822370825,77.73920723660184
australian,ANT,661,68.62584809395932,204.50983358547654,126.89479121246261,77.61504237301395
australian,BEA,879,58.8718737471424,190.73606370875996,129.64400584903842,61.092057859721656
australian,BOR,582,67.26918549343887,199.10996563573883,130.7700179702385,68.33994766550038
australian,DOO,9,53.12582952433161,137.0,79.7900202624553,57.2099797375447
australian,GAS,735,71.04415778196307,191.96190476190475,115.79704365993925,76.16486110196546
australian,HAM,906,73.68771102059256,187.59271523178808,119.9884565723929,67.60425865939517
australian,HUL,665,77.21573786168545,206.61203007518796,122.95521862990681,83.65681144528122
australian,LAW,508,72.91704301046674,204.19094488188978,125.38829329491766,78.80265158697205
australian,LEC,727,76.36657921964596,195.73727647867952,122.13070103939752,73.60657543928198
australian,NOR,670,63.670643189276326,198.69701492537314,127.42595844679106,71.27105647858207
australian,OCO,1034,61.5956365957457,176.77369439071566,122.81607342051794,53.95762097019786
australian,PIA,658,65.1120799354235,199.08662613981764,121.92257085920177,77.16405528061584
australian,RUS,596,75.52065909018262,214.33389261744966,127.38323988880285,86.95065272864674
australian,SAI,13,90.83669046789774,169.15384615384616,99.26924478304883,69.88460137079733
australian,STR,757,69.65661669776296,201.85204755614268,131.06654651177655,70.78550104436606
australian,TSU,787,66.61282878938239,190.93519695044472,120.85039297965714,70.0848039707877
australian,VER,729,73.53151251164213,198.79012345679013,121.34113971548878,77.4489837413013
austrian,ALB,125,84.74353471644275,227.144,133.26368978110023,93.88031021889981
austrian,ALO,507,91.09007795786995,255.16173570019723,150.54745151583649,104.6142841843608
austrian,ANT,2,135.72555921347598,247.5,71.41182024054207,176.08817975945794
austrian,BEA,517,89.49270848655391,257.2050290135397,148.83617990115275,108.36884911238688
austrian,BOR,533,86.06322907176866,249.45403377110694,147.37958161202795,102.07445215907906
austrian,COL,519,85.77504578168775,246.3776493256262,152.11777239530153,94.2598769303248
austrian,GAS,497,92.17051083174947,254.9456740442656,149.9803956917559,104.96527835250976
austrian,HAD,500,82.69734919616943,255.008,152.85191180358822,102.15608819641174
austrian,HAM,518,90.82924955471258,254.86486486486487,150.87827301234373,103.98659185252113
austrian,HUL,503,79.90776347538375,252.99403578528828,151.33450740972836,101.65952837555979
austrian,LAW,508,82.30438922446241,254.07677165354332,151.24709818944524,102.82967346409808
austrian,LEC,516,83.74026083106675,255.1996124031008,152.3928652416966,102.80674716140386
austrian,NOR,514,81.85673317114798,257.2548638132296,158.1015198071737,99.15334400605585
austrian,OCO,556,90.77976424729324,247.14208633093526,143.90324061118756,103.23884571974766
austrian,PIA,500,85.04063761613115,264.186,158.15572388130965,106.03027611869057
austrian,RUS,511,83.28870438649248,253.96868884540118,154.08744384559526,99.88124499980589
austrian,STR,498,88.20922599897574,252.2309236947791,151.1401843640904,101.0907393306888
austrian,TSU,498,92.37670546460444,254.90963855421685,147.69310323243408,107.21653532178284
austrian,VER,7,37.303800103334474,93.71428571428571,40.90567242790998,52.80861328637574
azerbaijan,ALB,654,76.4765205225483,205.78593272171253,98.5845377564144,107.20139496529815
azerbaijan,ALO,643,73.92364414630347,207.27838258164851,104.02871729987972,103.24966528176874
azerbaijan,ANT,648,70.21890063791791,209.21913580246914,106.86934177620269,102.34979402626642
azerbaijan,BEA,680,75.05305063682393,204.37205882352941,101.01810789720976,103.3539509263197
azerbaijan,BOR,684,73.47725973107467,199.05847953216374,97.28971071149269,101.76876882067099
azerbaijan,COL,649,69.22490121744548,198.6456086286595,102.8603365725434,95.78527205611617
azerbaijan,GAS,608,75.01932259375931,207.2253289473684,100.68651166337156,106.53881728399683
azerbaijan,HAD,611,68.87591877461124,206.46644844517186,99.23947471486954,107.2269737303023
azerbaijan,HAM,685,75.6684195389955,200.57664233576642,97.68155533482053,102.89508700094582
azerbaijan,HUL,676,69.71812238456846,201.82988165680473,98.13505802370378,103.69482363310094
azerbaijan,LAW,640,70.37970632626244,199.059375,99.2376955056297,99.8216794943703
azerbaijan,LEC,690,72.86550885589472,201.57246376811594,100.67336792652262,100.89909584159334
azerbaijan,NOR,605,76.29569408165494,212.69421487603304,103.82802738650416,108.86618748952888
azerbaijan,OCO,715,73.29541214117204,197.33706293706294,98.60151328484454,98.73554965221837
azerbaijan,PIA,9,67.00164319584829,177.0,88.4644095029277,88.53559049707229
azerbaijan,RUS,612,72.77682620483826,215.63071895424838,107.04185056691306,108.5888683873353
azerbaijan,SAI,645,76.64708894625349,205.29457364341084,101.66487818640755,103.62969545700327
azerbaijan,STR,659,70.70163918909101,204.2443095599393,104.19186754544123,100.05244201449806
azerbaijan,TSU,644,71.89736882609498,202.52329192546583,99.8669016616682,102.65639026379769
azerbaijan,VER,653,69.3620136828127,204.73506891271057,103.20578150929605,101.52928740341454
bahrain,ALB,510,102.04491096522021,242.48627450980393,109.93488769137996,132.55138681842394
bahrain,ALO,496,95.26884345897281,239.3125,114.30316163493478,125.00933836506519
bahrain,ANT,479,103.14149021121311,248.10020876826724,112.00885482681107,136.09135394145608
bahrain,BEA,539,96.79515891131047,244.49721706864565,118.07587093832045,126.4213461303252
bahrain,BOR,495,115.05992404355742,249.91313131313132,108.6344621236614,141.2786691894699
bahrain,DOO,489,100.00510900810984,248.14519427402863,116.80959802955913,131.3355962444695
bahrain,GAS,511,97.74987637772233,239.8962818003914,116.18657435798266,123.70970744240871
bahrain,HAD,489,104.61634051717179,247.16564417177915,111.25669407878868,135.90895009299047
bahrain,HAM,507,103.73911020779383,244.83234714003945,110.41898801194829,134.41335912809117
bahrain,HUL,496,99.42088645209454,242.34072580645162,108.78478080411604,133.55594500233553
bahrain,LAW,481,109.1546997921448,244.97089397089397,108.83811871384577,136.13277525704825
bahrain,LEC,499,95.29586621308108,246.33667334669337,114.55771161851374,131.77896172817958
bahrain,NOR,503,101.11960913727951,244.00198807157057,116.74171657617663,127.26027149539394
bahrain,OCO,615,93.19002282068493,233.53658536585365,121.21054058995257,112.32604477590107
bahrain,PIA,476,96.68701525534397,246.90546218487395,119.6882200222297,127.21724216264421
bahrain,RUS,369,93.97764538074881,241.1409214092141,114.17135350797498,126.96956790123907
bahrain,SAI,412,97.50691964485259,241.11165048543688,108.12600820244579,132.98564228299114
bahrain,STR,500,106.03552809486136,243.086,113.82289456874801,129.26310543125197
bahrain,TSU,510,91.99534824590715,236.88823529411764,113.65508499308518,123.23315030103244
bahrain,VER,500,103.51773085024155,246.556,115.0939417442116,131.46205825578832
belgian,ALB,528,74.28753038546738,217.72727272727272,136.58330800643,81.1439647208427
belgian,ALO,488,81.53548398942087,222.54303278688525,139.659624719088,82.88340806779742
belgian,ANT,478,80.36866053800566,234.23849372384936,147.17318865793823,87.06530506591119
belgian,BEA,523,75.07962190155001,224.76481835564053,139.84000830501975,84.92481005062083
belgian,BOR,475,79.18577092798755,214.73052631578946,125.11743729412609,89.61308902166338
belgian,COL,484,75.53384210247133,220.86776859504133,135.24542280807907,85.6223457869622
belgian,GAS,435,90.81815755910122,233.05977011494252,135.51810093879104,97.54166917615157
belgian,HAD,406,80.94781356176411,226.73399014778326,133.81308409670714,92.92090605107607
belgian,HAM,555,73.37580196210092,209.4900900900901,131.33306309224406,78.15702699784586
belgian,HUL,446,78.28169355917322,225.75112107623318,132.04058792713792,93.71053314909524
belgian,LAW,421,82.09796096956146,230.0142517814727,137.0445802670452,92.96967151442753
belgian,LEC,508,72.72285308410716,218.33070866141733,134.55841566587387,83.7722929955434
belgian,NOR,421,76.58077991024626,228.92399049881234,134.61087424872355,94.31311625008877
belgian,OCO,696,68.69364787736576,205.63793103448276,140.3469891801339,65.29094185434882
belgian,PIA,361,86.32632235606341,235.3545706371191,128.8841846205205,106.47038601659868
belgian,RUS,435,80.94604299997154,241.3310344827586,146.30715380711283,95.02388067564573
belgian,SAI,502,77.91640351572774,220.6414342629482,135.6481152013769,84.99331906157133
belgian,STR,517,74.58215343692991,220.6615087040619,142.41273388307633,78.24877482098557
belgian,TSU,493,71.80128346307288,216.19878296146044,133.0540817498353,83.14470121162509
belgian,VER,443,83.86941984609506,218.14672686230247,125.15273418253273,92.99399267976978
british,ALB,761,75.34798614036843,208.4244415243101,145.88694609183665,62.537495432473456
british,ALO,715,72.80220998076607,205.17482517482517,144.16303315695959,61.01179201786541
british,ANT,346,76.92457892332195,192.01156069364163,133.52281774296955,58.48874295067203
british,BEA,757,72.64453851532569,211.75693527080583,146.75804730885136,64.99888796195444
british,BOR,61,80.73403968016538,170.91803278688525,114.22854567052852,56.6894871163567
british,GAS,711,78.43154345058481,203.0239099859353,139.01985291647992,64.00405706945526
british,HAD,277,71.62700661478928,192.82671480144404,133.7294471078878,59.09726769355608
british,HAM,879,72.55412579563907,196.452787258248,139.37046204268938,57.08232521555851
british,HUL,700,69.88970961820019,208.93571428571428,145.55239795247988,63.38331633323441
british,LAW,17,28.569214639181656,75.58823529411765,51.64546341333334,23.942771880784306
british,LEC,740,70.54426272494136,206.00675675675674,144.5587891336959,61.44796762306079
british,NOR,692,65.44851303918712,206.48554913294797,145.50513456288488,60.980414570063026
british,OCO,989,66.7050354790556,190.70273003033367,139.3266799086301,51.376050121703535
british,PIA,616,67.92325530449159,218.27272727272728,149.61691035680542,68.65581691592169
british,RUS,686,70.62506261025318,208.47667638483966,144.45171490089368,64.02496148394592
british,SAI,758,79.82455662487305,207.08047493403694,145.62762002153448,61.45285491250246
british,STR,752,70.44128303053574,205.23670212765958,146.419275734628,58.817426393031724
british,TSU,732,72.15246119811422,204.2554644808743,142.17115436171895,62.084310119155354
british,VER,705,84.03164364172908,214.45248226950355,143.5392035806954,70.91327868880794
canadian,ALB,345,90.51403469242611,237.81739130434784,110.4088145228554,127.40857678149243
canadian,ALO,502,89.85543335646983,238.57171314741035,110.49608331558098,128.07562983182936
canadian,ANT,508,83.98716211210967,238.08858267716536,115.8536183790545,122.23496429811084
canadian,BEA,505,99.80589784886098,244.35445544554455,107.46887612726961,136.88557931827492
canadian,BOR,527,85.5656402931786,232.08159392789375,107.91339412960525,124.1681997982885
canadian,COL,525,76.14802213906418,224.39619047619047,112.81009861514683,111.58609186104364
canadian,GAS,493,87.06514517168948,236.01014198782963,109.89194205956966,126.11819992826001
canadian,HAD,495,94.94530227219384,242.17171717171718,110.17736445701155,131.99435271470554
canadian,HAM,481,99.90782986272453,247.6153846153846,105.85703730989921,141.75834730548527
canadian,HUL,500,87.75950527347575,242.766,109.05900048159059,133.70699951840942
canadian,LAW,383,88.64802108578114,239.70496083550913,107.72219770265497,131.98276313285425
canadian,LEC,498,90.82066850570469,238.04016064257027,109.0732792078907,128.96688143467952
canadian,NOR,472,84.13210666649113,242.87076271186442,114.77430603417653,128.09645667768785
canadian,OCO,554,83.32324580622944,228.48014440433212,108.30373538066198,120.17640902367009
canadian,PIA,483,94.74126366259402,247.44513457556937,111.20251532591891,136.2426192496504
canadian,RUS,518,77.66138362295528,233.9015444015444,113.85296376995609,120.04858063158828
canadian,SAI,518,92.61857862964543,235.35714285714286,108.49078497253599,126.86635788460684
canadian,STR,539,81.2802411954196,228.57884972170686,112.66957589828365,115.90927382342323
canadian,TSU,486,94.41523260042644,239.7469135802469,106.8475685952565,132.8993449849904
canadian,VER,519,82.358466189675,237.626204238921,114.12792826667501,123.49827597224598
chinese,ALB,545,82.20720160477362,218.14128440366972,118.07081222945175,100.070472174218
chinese,ALO,46,58.37396430864232,197.02173913043478,128.5731059306606,68.44863319977414
chinese,ANT,537,84.6395444986798,215.24208566108007,120.18345807670453,95.05862758437553
chinese,BEA,570,81.81854664053934,226.91052631578947,129.1137869135358,97.79673940225375
chinese,BOR,484,90.90108149029561,222.92768595041323,113.44103598578491,109.48664996462833
chinese,DOO,554,86.7663715559208,220.82490974729242,119.3650221719362,101.45988757535616
chinese,GAS,488,87.5377261750569,225.9405737704918,117.65210459276021,108.2884691777316
chinese,HAD,588,78.21405505525856,213.9234693877551,118.79960705424713,95.12386233350799
chinese,HAM,530,93.1813389509536,222.5566037735849,109.14571426036773,113.41088951321719
chinese,HUL,538,82.98576414037399,217.0539033457249,116.49260189650288,100.56130144922206
chinese,LAW,532,80.94144382558036,223.84962406015038,121.83780560499075,102.01181845515964
chinese,LEC,603,72.47225230099956,214.6849087893864,118.28542176131096,96.3994870280755
chinese,NOR,565,66.6987563878737,213.0654867256637,128.68509622971857,84.38039049594526
chinese,OCO,683,76.25630651033741,198.72767203513908,112.96048563162738,85.76718640351173
chinese,PIA,492,90.85996409004325,226.10162601626016,121.54203504303648,104.55959097322376
chinese,RUS,559,79.30777293440718,220.12343470483006,120.54652272017576,99.57691198465432
chinese,SAI,542,83.43200064581147,216.03136531365314,113.95514780718412,102.07621750646899
chinese,STR,536,81.80094267780633,217.3955223880597,118.06233468747416,99.33318770058553
chinese,TSU,567,78.36564858313784,210.93298059964727,119.4703915844879,91.46258901515941
chinese,VER,509,92.21808049433247,227.82514734774068,121.95431960996514,105.87082773777554
dutch,ALB,824,65.5404231304412,204.50606796116506,141.8477083829437,62.658359578221216
dutch,ALO,806,65.7824719758206,208.22952853598014,138.97439449396038,69.25513404201986
dutch,ANT,775,67.3755480167613,209.4683870967742,143.72869666021205,65.73969043656217
dutch,BEA,883,62.223064344524886,205.58437146092865,142.79626108172945,62.78811037919899
dutch,BOR,837,67.6746142538045,205.9952210274791,140.28349856593994,65.71172246153913
dutch,COL,784,67.57574067660914,206.23469387755102,139.51476802438978,66.7199258531612
dutch,GAS,727,74.38972471182913,217.18707015130673,143.24677234184406,73.94029780946278
dutch,HAD,787,63.84231053791754,208.55654383735705,145.5647241798747,62.991819657482175
dutch,HAM,239,81.55234236498,217.418410041841,143.24926315458484,74.16914688725613
dutch,HUL,772,67.3258497116544,209.75518134715026,141.5704630473285,68.18471829982192
dutch,LAW,772,69.35080087997895,208.57642487046633,140.2395815823539,68.33684328811252
dutch,LEC,597,66.84691997449023,209.79564489112227,143.81881017385126,65.97683471727062
dutch,NOR,733,56.024818201646134,205.11732605729878,147.68568472770818,57.431641329590605
dutch,OCO,1022,60.28995273190935,190.33365949119374,133.49931029360613,56.834349197587706
dutch,PIA,745,58.60751723801816,210.2711409395973,150.2966298878948,59.97451105170258
dutch,RUS,799,57.336762179620216,207.6107634543179,146.6264949522905,60.98426850202749
dutch,SAI,781,82.6321151872317,211.76696542893725,140.5605143141843,71.20645111475295
dutch,STR,792,57.84418093447032,210.6401515151515,148.7216651119681,61.91848640318334
dutch,TSU,797,64.19133319320589,207.16687578419072,142.44977637282156,64.7170994113692
dutch,VER,801,62.2666455101878,209.32334581772784,146.64213469866448,62.68121111906341
emilia_romagna,ALB,610,77.26349654968962,226.86065573770492,138.21152173837564,88.64913399932927
emilia_romagna,ALO,594,74.13426897622459,224.63299663299662,134.53274761322194,90.10024901977464
emilia_romagna,ANT,400,75.79018662347745,232.155,140.2483505839833,91.90664941601673
emilia_romagna,BEA,636,81.47287590713537,225.95911949685535,135.549436949543,90.4096825473124
emilia_romagna,BOR,577,86.71780065403513,226.8838821490468,132.14221707755593,94.74166507149094
emilia_romagna,COL,603,84.72368615072672,227.17578772802653,131.31156341815367,95.86422430987277
emilia_romagna,GAS,579,83.9427473308292,230.92055267702935,134.65724702810627,96.26330564892324
emilia_romagna,HAD,577,83.94028819490754,231.46100519930675,137.39656386464944,94.06444133465754
emilia_romagna,HAM,662,93.09994881387824,219.34441087613294,128.7087069410832,90.63570393504969
emilia_romagna,HUL,620,75.00757644381163,223.93225806451613,136.7575453004498,87.17471276406633
emilia_romagna,LAW,559,88.83640994506605,232.08586762075134,131.58579922128715,100.50006839946418
emilia_romagna,LEC,611,80.13039316309064,223.85924713584288,132.93802053627553,90.92122659956728
emilia_romagna,NOR,584,71.88159904893162,228.736301369863,145.31967323739434,83.4166281324687
emilia_romagna,OCO,259,86.56333723801055,231.83011583011583,131.64793342154078,100.18218240857495
emilia_romagna,PIA,517,85.65561150879537,235.93810444874273,137.92749429653426,98.01061015220826
emilia_romagna,RUS,563,76.19913578551618,230.31793960923625,135.9444645014073,94.3734751078289
emilia_romagna,SAI,598,84.17118473830247,225.27591973244148,132.13472287753294,93.14119685490859
emilia_romagna,STR,567,81.68178991846179,228.1410934744268,137.49314259234512,90.64795088208166
emilia_romagna,TSU,566,83.60019841813539,229.19938162431094,134.88734762601172,94.31203399829923
emilia_romagna,VER,676,68.66654564581233,222.17899408284023,145.56100263126035,76.61799145157994
hungarian,ALB,778,72.15708086703133,227.1542416452442,142.6080296237289,84.54621202151547
hungarian,ALO,792,66.77448143043802,223.3838383838384,146.5783365732965,76.80550181054198
hungarian,ANT,767,71.12262522785277,228.75358539765318,146.16341684851133,82.59016854914199
hungarian,BEA,539,74.81231148315997,229.01669758812616,142.8566785937924,86.1600189943336
hungarian,BOR,775,77.21459002257832,229.2683870967742,141.82064744281865,87.4477396539555
hungarian,COL,765,67.9235364685945,224.68627450980392,146.6533347877787,78.03293972202505
hungarian,GAS,783,73.90907148016089,225.56194125159644,142.49971748899094,83.06222376260557
hungarian,HAD,770,73.41669844369913,228.47142857142856,144.06425957908078,84.40716899234799
hungarian,HAM,783,82.81902562801554,230.9029374201788,139.65493218437192,91.24800523580686
hungarian,HUL,810,68.23309854231586,226.24814814814815,142.385092389505,83.86305575864317
hungarian,LAW,777,73.00582117558466,227.53281853281854,143.2056337954741,84.3271847373444
hungarian,LEC,813,67.7609723135958,227.75276752767527,145.82663833830037,81.92612918937508
hungarian,NOR,818,65.72558617352676,223.17359413202934,148.02984285858912,75.14375127344007
hungarian,OCO,878,77.44444376926143,220.56833712984056,140.03598416242716,80.53235296741343
hungarian,PIA,766,68.63680564672339,230.74412532637075,151.08256043963064,79.66156488674008
hungarian,RUS,780,66.90742027557756,229.37948717948717,148.82076823142157,80.55871894806563
hungarian,SAI,791,80.58696636016111,227.81795195954487,137.97339848786612,89.84455347167886
hungarian,STR,743,69.8005970000163,229.9878869448183,148.62684942675767,81.36103751806064
hungarian,TSU,770,71.1305720153126,226.64935064935065,143.49485075844404,83.15449989090659
hungarian,VER,786,67.39011804280982,228.3562340966921,148.37954815385356,79.97668594283856
italian,ALB,301,82.99262682271238,255.89036544850498,145.85396240721332,110.03640304129165
italian,ALO,182,84.21248763335653,253.80769230769232,151.02343657548778,102.78425573220454
italian,ANT,364,89.24359478286416,253.82692307692307,147.33190661004744,106.49501646687561
italian,BEA,357,92.13527591008193,268.84033613445376,147.72874624132768,121.11158989312611
italian,BOR,359,92.7225316828634,264.1309192200557,143.1330631262892,120.99785609376652
italian,COL,365,78.61387713485519,246.91232876712328,147.9146593040808,98.99766946304251
italian,GAS,318,95.88117234897081,277.00314465408803,157.64927373623468,119.35387091785337
italian,HAD,359,89.62022426993968,263.4373259052925,146.48766107878222,116.94966482651017
italian,HAM,376,85.10765971140069,257.93882978723406,145.16159037868934,112.77723940854467
italian,LAW,341,95.5201959682898,266.92961876832845,143.78275458675037,123.14686418157808
italian,LEC,380,78.23038013772766,253.5236842105263,144.73369712076772,108.78998708975863
italian,NOR,360,78.67000585457349,259.85833333333335,156.95179706442593,102.90653626890726
italian,OCO,452,81.39869504927162,235.94911504424778,141.20785362874537,94.74126141550245
italian,PIA,331,86.13292762389052,274.83383685800607,161.7031842281691,113.13065262983692
italian,RUS,376,77.04798651979074,252.88031914893617,150.14972313312788,102.73059601580825
italian,SAI,389,89.27372229178093,254.62982005141387,141.6385873160612,112.99123273535264
italian,STR,329,99.58600680465207,278.7082066869301,155.77971551730687,122.92849116962327
italian,TSU,346,87.91180586979037,264.9942196531792,148.67720793167638,116.31701172150272
italian,VER,352,80.78815845011079,265.19602272727275,156.17539440747328,109.02062831979939
japanese,ALB,540,71.59929163103253,236.62222222222223,161.9525040298783,74.66971819234385
japanese,ALO,522,66.87307251670224,234.58429118773947,162.3458270435153,72.23846414422415
japanese,ANT,496,60.8984815834891,241.61895161290323,168.92171174767628,72.69723986522689
japanese,BEA,657,62.82673785894737,237.6697108066971,175.3200812167589,62.34962958993828
japanese,BOR,510,77.68923390603835,239.31176470588235,158.5546094734186,80.75715523246386
japanese,DOO,403,85.58866404568512,252.66253101736973,160.7637857781975,91.89874523917219
japanese,GAS,399,80.50549722216556,248.56641604010025,157.23911840154165,91.32729763855843
japanese,HAD,466,69.87547324708969,246.07296137339057,166.7076421871391,79.36531918625137
japanese,HAM,578,72.71194237387724,236.92560553633217,163.35034743637385,73.5752580999583
japanese,HUL,530,73.25694941574275,239.50188679245284,161.65546579506596,77.84642099738701
japanese,LAW,391,95.0911381748183,255.17135549872123,155.33168410304995,99.83967139567139
japanese,LEC,536,62.16577483296798,240.9179104477612,169.13361576720501,71.7842946805564
japanese,NOR,469,66.28834429725202,245.67377398720683,170.71817446908088,74.955599518126
japanese,OCO,652,75.48551569794012,231.30368098159508,162.8858712017326,68.41780977986257
japanese,PIA,436,74.43745444797703,250.05733944954127,166.5243404438877,83.53299900565379
japanese,RUS,533,63.54248579479463,239.91369606003752,168.38748980423327,71.52620625580414
japanese,SAI,565,79.56589543528159,238.21592920353982,161.60366180552924,76.61226739801072
japanese,STR,407,77.24469793205591,244.45700245700246,159.98084456991003,84.47615788709257
japanese,TSU,506,70.92406192809743,241.67786561264822,166.62722337845443,75.0506422341938
japanese,VER,504,68.20994842208634,243.5873015873016,172.85684518902764,70.73045639827399
las_vegas,ALB,324,91.12352897285068,232.59567901234567,121.76559146950387,110.83008754284174
las_vegas,ALO,404,91.01765408047267,233.47772277227722,115.05432643952118,118.42339633275603
las_vegas,ANT,431,84.7913598518126,247.08352668213456,136.6492193511284,110.43430733100612
las_vegas,BEA,453,94.45714703958305,239.73068432671081,125.53342298452954,114.19726134218133
las_vegas,BOR,43,67.32297973698245,182.13953488372093,131.1587003285267,50.98083455519429
las_vegas,COL,377,89.40950787099642,235.3501326259947,113.68687049334127,121.66326213265343
las_vegas,GAS,355,100.42052770473254,245.7943661971831,114.03189756367243,131.76246863351062
las_vegas,HAD,369,95.23469726531687,239.12466124661248,107.87220377649854,131.25245747011394
las_vegas,HAM,461,98.1184778349797,237.94577006507592,122.2439308633025,115.70183920177345
las_vegas,HUL,424,85.7253280459999,232.79481132075472,113.56839787403432,119.2264134467204
las_vegas,LAW,344,112.32978760934058,245.75581395348837,109.39625320154609,136.35956075194224
las_vegas,LEC,457,82.66801630515904,229.41575492341357,118.79050152471896,110.62525339869475
las_vegas,NOR,378,87.60269435675163,229.86243386243387,108.69184456937572,121.1705892930581
las_vegas,OCO,552,76.86668817605505,224.8423913043478,132.2141136908867,92.62827761346117
las_vegas,PIA,330,108.66873895004844,253.9,105.70215180273262,148.19784819726746
las_vegas,RUS,353,96.27591408511398,242.26062322946174,106.3020419000546,135.9585813294071
las_vegas,SAI,419,94.31080625493576,233.7470167064439,114.17123039512946,119.57578631131446
las_vegas,STR,7,61.0255486259967,136.42857142857142,82.69849255619047,53.73007887238095
las_vegas,TSU,344,108.60334206912856,248.30279069767442,105.57764779622421,142.72514290145025
las_vegas,VER,372,90.61528323553581,236.5752688172043,111.16228352348126,125.41298529372305
mexico_city,ALB,726,71.21128265792221,194.18044077134985,105.86301274754972,88.31742802380016
mexico_city,ALO,359,70.96045294470011,191.76044568245126,107.0534723581894,84.70697332426185
mexico_city,ANT,676,74.02434989765833,201.70710059171597,110.05345056240088,91.65365002931514
mexico_city,BEA,766,68.62654468106294,198.5691906005222,113.99946690937513,84.56972369114702
mexico_city,BOR,741,74.0577841801502,195.69095816464238,103.52165888659874,92.16929927804368
mexico_city,COL,744,63.97582343349791,190.04435483870967,110.14360512376837,79.90074971494127
mexico_city,GAS,706,71.06515590599436,197.1586402266289,110.65312091614864,86.50551931048028
mexico_city,HAD,719,66.81760231441837,194.326842837274,106.50871856565558,87.81812427161839
mexico_city,HAM,736,73.74689745813482,192.13451086956522,105.8809276420769,86.25358322748832
mexico_city,HUL,279,63.41144105570379,183.7706093189964,106.08125891913313,77.68935039986327
mexico_city,LAW,57,75.36143247438326,177.31578947368422,97.0692815939142,80.24650787977002
mexico_city,LEC,737,64.20810530127363,192.03120759837176,105.91541539644969,86.11579220192218
mexico_city,NOR,676,67.01788612070446,196.66420118343194,110.73267287973974,85.93152830369236
mexico_city,OCO,977,56.295173441748354,178.97031729785056,113.16117142549501,65.8091458723556
mexico_city,PIA,685,74.6606095479575,202.7751824817518,109.95976193597447,92.81542054577744
mexico_city,RUS,726,68.28881906194053,196.21074380165288,109.23417195221735,86.97657184943569
mexico_city,SAI,721,75.56125150081252,199.67961165048544,109.87690588140296,89.80270576908259
mexico_city,STR,719,68.19753723494267,193.82614742698192,110.66486451406351,83.16128291291834
mexico_city,TSU,717,66.19504068459474,194.96513249651326,110.05933741271213,84.90579508380102
mexico_city,VER,724,68.23536517956681,197.15469613259668,110.66628511331766,86.48841101927897
miami,ALB,567,73.14043130365754,212.3968253968254,123.25073656695382,89.14608882987157
miami,ALO,569,71.85468464244242,205.72231985940246,120.75048075563622,84.9718391037663
miami,ANT,516,68.29951433904927,213.71124031007753,127.83814738944392,85.87309292063354
miami,BEA,310,70.04914459255784,207.66129032258064,125.11475141201882,82.54653891056176
miami,BOR,322,75.21218618823038,202.99689440993788,118.10382926960806,84.89306514032981
miami,DOO,3,54.63326010403731,126.0,54.47569555555557,71.52430444444444
miami,GAS,523,70.5475611236494,207.95411089866155,119.61952156562826,88.33458933303336
miami,HAD,571,70.11773889238793,207.9352014010508,122.64608431372226,85.28911708732859
miami,HAM,615,75.45328644157794,210.35934959349592,122.75924457717092,87.6001050163252
miami,HUL,529,69.50754442089385,208.6257088846881,119.34031511753358,89.28539376715447
miami,LAW,349,76.26589920137556,207.93409742120343,119.71558315464492,88.21851426655847
miami,LEC,577,72.55146715025582,211.7209705372617,122.35760963506448,89.36336090219717
miami,NOR,500,70.8209805633721,214.168,121.23457122419971,92.93342877580025
miami,OCO,747,65.17954925438843,195.00803212851406,123.48336359832409,71.52466853019013
miami,PIA,472,73.19360749593132,217.42372881355934,119.44616223430887,97.97756657925045
miami,RUS,510,67.77320014960287,208.10196078431372,119.56955464506781,88.53240613924588
miami,SAI,557,78.7040281995983,217.29802513464992,122.74408975469348,94.5539353799564
miami,STR,522,72.09904671826533,206.06130268199234,117.46513949652041,88.59616318547187
miami,TSU,552,60.60740239042486,200.47282608695653,117.52735026959746,82.94547581735915
miami,VER,535,68.96054849682724,207.78317757009347,118.61775603689847,89.16542153319499
monaco,ALB,983,59.73389505391525,174.38351983723297,101.26876533352065,73.11475450371225
monaco,ALO,488,54.794361518101255,165.375,96.95616121913355,68.41883878086651
monaco,ANT,979,54.22470864913103,169.03166496424925,100.41237564129239,68.61928932295677
monaco,BEA,1057,61.694468776703324,174.29990539262062,99.9703986618989,74.3295067307216
monaco,BOR,1012,60.589410665977496,172.50197628458497,97.7928959517098,74.70908033287522
monaco,COL,1017,55.93179097683408,168.26450344149458,100.26647507100823,67.99802837048647
monaco,GAS,116,55.79778856512565,152.49137931034483,87.29965426384516,65.19172504649966
monaco,HAD,955,56.245185447294425,173.8303664921466,99.44150684155278,74.38885965059377
monaco,HAM,996,65.13113536620308,179.2379518072289,99.8243386004449,79.41361320678394
monaco,HUL,1056,55.999401724092834,168.79450757575756,97.70900800027192,71.08549957548554
monaco,LAW,948,61.866410540556835,176.45358649789029,98.48170373639242,77.97188276149808
monaco,LEC,1047,54.36330964354493,178.92741165234003,104.43785584810759,74.48955580423245
monaco,NOR,1008,53.80730916899971,175.20138888888889,104.7136253164821,70.48776357240689
monaco,OCO,1198,58.79946251505072,170.36727879799665,104.03341126728678,66.33386753070974
monaco,PIA,946,59.305611347050956,180.76109936575054,103.87131423633612,76.88978512941448
monaco,RUS,966,60.25938488792323,175.81262939958592,98.70908015239439,77.1035492471916
monaco,SAI,952,65.26656914704493,178.1575630252101,98.79176040259485,79.3658026226151
monaco,STR,959,56.648392269410635,172.79457768508863,101.4349629363809,71.35961474870776
monaco,TSU,958,54.74909457350169,169.9384133611691,102.38451866624513,67.55389469492404
monaco,VER,991,58.0497839922782,178.08577194752775,103.76225478908432,74.32351715844352
qatar,ALB,568,75.16484647634165,240.17957746478874,165.95430654640032,74.22527091838849
qatar,ALO,554,65.62275082578223,234.1841155234657,165.18234819279573,69.00176733067006
qatar,ANT,502,74.73417090023183,245.6215139442231,165.16158687410825,80.45992707011492
qatar,BEA,459,70.58761378875369,239.05010893246188,169.13629306586623,69.91381586659563
qatar,BOR,513,79.93823105721482,231.73489278752436,147.89426111957974,83.84063166794452
qatar,COL,506,72.76299430379999,235.9407114624506,161.64037981303204,74.30033164941862
qatar,GAS,486,84.28894104642005,238.4320987654321,153.37221486308914,85.059883902343
qatar,HAD,452,77.08715048295707,241.49778761061947,159.18717438951964,82.31061322109976
qatar,HAM,629,77.17292755617576,243.16852146263912,171.42246207469282,71.74605938794612
qatar,HUL,75,62.31185266158437,210.12,142.77660277457778,67.34339722542224
qatar,LAW,486,79.24910120162818,241.40329218106996,156.8529660321712,84.55032614889862
qatar,LEC,551,79.04670013124044,246.25045372050818,163.48451761167445,82.76593610883374
qatar,NOR,474,71.1128948252493,238.46835443037975,160.8187805726047,77.6495738577752
qatar,OCO,822,74.93148830031171,242.32238442822384,184.84212101663672,57.48026341158729
qatar,PIA,461,68.72548617716832,246.53796095444685,168.12067504984327,78.4172859046036
qatar,RUS,486,81.69854788360888,246.72633744855966,158.82196655142295,87.90437089713699
qatar,SAI,480,82.57367007112572,238.30208333333334,154.71764132030168,83.58444201303158
qatar,STR,477,72.55703942661589,233.9811320754717,155.74692805507587,78.23420402039578
qatar,TSU,553,74.8380418568699,243.98553345388788,167.062551197499,76.92298225638896
qatar,VER,478,75.27597789284638,243.0878661087866,163.45171666425765,79.63614944452888
saudi_arabian,ALB,470,78.81553988972887,231.82553191489362,137.78903341389324,94.03649850100042
saudi_arabian,ALO,430,71.5355384627672,235.93255813953488,142.20448279995915,93.72807533957567
saudi_arabian,ANT,428,68.7444501970525,233.7967289719626,144.95166383227925,88.84506513968344
saudi_arabian,BEA,452,77.67945057111777,242.33849557522123,143.59845374422716,98.7400418309941
saudi_arabian,BOR,473,79.83187779439557,232.35729386892177,135.18356007165218,97.17373379726965
saudi_arabian,DOO,451,84.90867909960514,241.0177383592018,143.74121491158706,97.27652344761462
saudi_arabian,GAS,5,56.83236111087437,185.6,98.2048338056215,87.3951661943785
saudi_arabian,HAD,430,75.73615512703601,239.4860465116279,139.75910029661023,99.72694621501763
saudi_arabian,HAM,459,80.21337632517044,234.6797385620915,138.82132045413084,95.85841810796065
saudi_arabian,HUL,430,79.66231584711629,240.62093023255815,140.89960704684106,99.72132318571705
saudi_arabian,LAW,426,80.1441526843342,239.94835680751174,140.39071791184344,99.55763889566828
saudi_arabian,LEC,461,70.91973675172547,235.9891540130152,145.04148406400358,90.9476699490115
saudi_arabian,NOR,450,71.02095363759739,232.32222222222222,142.83683366468756,89.48538855753468
saudi_arabian,OCO,582,74.45296794116018,228.1975945017182,146.80944669540804,81.3881478063102
saudi_arabian,PIA,416,74.56213189406982,243.29567307692307,145.85114099179765,97.44453208512549
saudi_arabian,RUS,417,71.28080309489931,238.64028776978418,145.03049260636217,93.60979516342195
saudi_arabian,SAI,457,78.98193706980527,234.41794310722102,137.69393506970988,96.72400803751118
saudi_arabian,STR,403,79.77676914698013,241.74193548387098,142.59727264975834,99.14466283411265
saudi_arabian,TSU,14,61.20237626462891,189.64285714285714,115.02431308571428,74.61854405714284
saudi_arabian,VER,443,74.17253045169434,235.4492099322799,146.73136087738513,88.71784905489484
singapore,ALB,762,73.91432009242686,217.002624671916,118.11459617795515,98.88802849396082
singapore,ALO,758,70.37096353973499,212.65699208443272,118.30005811966181,94.35693396477082
singapore,ANT,752,72.62291249537707,220.65425531914894,118.81551533557906,101.83873998356987
singapore,BEA,759,76.62287992093563,218.17391304347825,113.15066272866153,105.02325031481669
singapore,BOR,746,78.06381753515885,219.3833780160858,111.72285145374458,107.66052656234119
singapore,COL,801,71.20690693571076,217.64918851435706,128.36607067145212,89.28311784290472
singapore,GAS,796,75.05770151290163,221.02010050251258,126.35214379918824,94.66795670332435
singapore,HAD,743,72.87939944955954,217.01076716016152,115.62574532960616,101.38502183055532
singapore,HAM,788,75.58584792005638,217.23730964467006,117.36430862658736,99.87300101808272
singapore,HUL,759,73.65052924498397,216.0592885375494,112.28264301371648,103.77664552383297
singapore,LAW,738,74.18118625033807,215.78319783197833,115.3942309930792,100.38896683889907
singapore,LEC,751,78.78347129428778,222.6964047936085,115.54190505794942,107.15449973565906
singapore,NOR,752,72.41283789937245,219.63031914893617,121.75678454422264,97.87353460471353
singapore,OCO,779,86.9241757120452,215.73427471116815,109.46335395981951,106.27092075134865
singapore,PIA,744,76.81441824046543,220.3951612903226,122.84464299201093,97.55051829831163
singapore,RUS,751,68.54915409028119,217.74434087882824,119.38225274011877,98.3620881387094
singapore,SAI,763,79.06892376749603,221.2686762778506,116.58585989176083,104.68281638608977
singapore,STR,757,74.58095494141104,216.1334214002642,119.07454986910837,97.05887153115582
singapore,TSU,744,79.37117654426221,218.28897849462365,114.44228864471907,103.84668984990454
singapore,VER,749,69.75549417332043,218.60614152202936,120.06218305788522,98.54395846414405
spanish,ALB,216,87.16234152314381,239.46296296296296,141.8899548007672,97.57300816219582
spanish,ALO,528,80.47195563605862,234.125,138.272228701553,95.85277129844705
spanish,ANT,352,84.60976596727632,243.10511363636363,136.31237745573523,106.79273618062835
spanish,BEA,562,83.28015481787314,242.62989323843416,146.0077110367887,96.62218220164546
spanish,BOR,534,87.41553293062098,238.67977528089887,137.64832046260702,101.0314548182918
spanish,COL,494,81.91123802465535,232.21255060728745,135.21316630669708,96.99938430059036
spanish,GAS,451,85.43951765713236,235.3791574279379,130.53085792871036,104.84829949922762
spanish,HAD,509,78.8685513932309,231.74066797642436,136.1836815846863,95.55698639173802
spanish,HAM,601,78.25176895286515,230.39767054908486,142.39401524506292,88.00365530402203
spanish,HUL,530,80.55220203348917,238.7377358490566,141.05478923029725,97.68294661875927
spanish,LAW,515,84.9513463209117,237.31650485436893,140.0235707220236,97.29293413234541
spanish,LEC,503,91.23790442395504,232.94433399602386,132.684943644142,100.25939035188188
spanish,NOR,468,87.3650949038302,236.12179487179486,130.86858751367654,105.25320735811837
spanish,OCO,727,76.58309887293481,226.14580467675378,148.81786562335483,77.32793905339904
spanish,PIA,433,95.97899473238975,241.09930715935334,129.94954486280193,111.14976229655142
spanish,RUS,454,82.03698420895152,230.90528634361235,126.62434633725995,104.28094000635242
spanish,SAI,501,93.46434688317395,240.26347305389223,138.4173657446943,101.84610730919786
spanish,TSU,543,77.78278298732262,234.4769797421731,141.66828305242112,92.80869668975204
spanish,VER,523,84.48288829765896,232.8891013384321,135.05375948958707,97.83534184884509
são_paulo,ALB,588,81.68890496316438,214.22448979591837,119.30702851469987,94.91746128121845
são_paulo,ALO,600,74.06435448796971,211.75666666666666,121.3811136245734,90.37555304209309
são_paulo,ANT,544,73.0762195667725,218.875,126.69138205832894,92.18361794167114
são_paulo,BEA,597,82.82049725114767,216.4505862646566,123.49330418546633,92.9572820791903
são_paulo,BOR,17,44.44329728259288,129.05882352941177,84.17770369112299,44.88111983828877
são_paulo,COL,593,68.24886434080959,207.41652613827992,125.00841694617894,82.40810919210115
são_paulo,GAS,540,83.45890560647433,224.71296296296296,123.79272439725186,100.92023856571123
são_paulo,HAD,588,75.78640019639691,214.22108843537416,121.92750830282417,92.29358013254989
são_paulo,HAM,355,87.35307767837674,203.07605633802817,115.94886607120569,87.12719026682258
são_paulo,HUL,591,77.95951127768024,215.32994923857868,120.87667374047697,94.45327549810172
são_paulo,LAW,561,84.79187486582875,218.2941176470588,120.5602743206421,97.7338433264167
são_paulo,LEC,100,48.96958278897704,146.8,102.00634751970202,44.79365248029798
são_paulo,NOR,540,77.71341939656962,220.72222222222223,125.4999589341979,95.22226328802425
são_paulo,OCO,754,68.7515201980658,199.29045092838197,124.08456624597622,75.20588468240587
são_paulo,PIA,521,82.75563651504552,225.67946257197696,126.58026251517686,99.09920005680014
são_paulo,RUS,545,79.50312809245222,220.4605504587156,123.94567275193529,96.5148777067803
são_paulo,SAI,603,87.85641904758563,216.75290215588723,118.04284408117253,98.71005807471464
são_paulo,STR,529,77.82259667049433,223.07939508506615,126.20446576472425,96.87492932034188
são_paulo,TSU,569,79.59129380521178,217.9103690685413,122.03960156295203,95.87076750558928
são_paulo,VER,564,79.29946850299818,223.6059643397951,124.82900845407532,98.77695588571983
united_states,ALB,647,74.09915449217527,231.46522411128285,137.07210484623664,94.3931192650462
united_states,ALO,605,72.1178803576179,224.73553719008265,131.3830226655795,93.35251452450314
united_states,ANT,608,68.1519638425054,221.88322368421052,132.76419478258458,89.11902890162595
united_states,BEA,720,74.43799537126186,230.5625,145.8200679213702,84.74243207862979
united_states,BOR,625,76.06351550116979,226.6368,130.08292873957822,96.55387126042184
united_states,COL,630,65.07352779111531,225.1904761904762,140.45801062656432,84.7324655639119
united_states,GAS,571,70.79678527432382,224.82837127845883,131.90132576594593,92.92704551251293
united_states,HAD,604,71.73593996089375,228.1837748344371,132.82016508497753,95.36360974945967
united_states,HAM,635,80.74568847658236,232.53700787401576,134.3006146081992,98.23639326581664
united_states,HUL,622,68.89598473329872,227.26527331189712,134.65567427919748,92.6095990326998
united_states,LAW,615,74.45629382430414,230.55121951219513,137.60100008886855,92.95021942332654
united_states,LEC,662,70.58578748273017,232.55438066465257,139.75991621430222,92.79446445035032
united_states,NOR,550,74.52978750946205,228.04181818181817,124.65765090232463,103.38416727949345
united_states,OCO,811,76.99117499592012,221.17139334155362,141.36880548683988,79.80258785471366
united_states,PIA,509,81.19534427491375,231.48919449901769,121.67378718612493,109.81540731289273
united_states,RUS,536,75.00853631949735,225.28917910447763,122.38634771366414,102.90283139081352
united_states,SAI,79,83.5439857522682,224.39240506329114,136.1029119871771,88.28949307611404
united_states,STR,533,80.0834421114034,225.51782363977486,120.36158822539576,105.15623541437913
united_states,TSU,553,75.06375251655155,229.20253164556962,128.50248416883767,100.70004747673197
united_states,VER,524,75.49473890368444,229.44656488549617,125.04276096900755,104.4038039164887
