Race,Driver,Stint,Compound,Laps,AvgLapTime
abu_dhabi,ALB,1.0,SOFT,8,0 days 00:01:31.937000
abu_dhabi,ALB,2.0,HARD,25,0 days 00:01:30.987880
abu_dhabi,ALB,3.0,MEDIUM,25,0 days 00:01:29.704120
abu_dhabi,ALO,1.0,MEDIUM,16,0 days 00:01:30.572562500
abu_dhabi,ALO,2.0,HARD,42,0 days 00:01:30.139761904
abu_dhabi,ANT,1.0,HARD,32,0 days 00:01:31.187656250
abu_dhabi,ANT,2.0,MEDIUM,26,0 days 00:01:29.763961538
abu_dhabi,BEA,1.0,MEDIUM,14,0 days 00:01:31.333857142
abu_dhabi,BEA,2.0,HARD,44,0 days 00:01:30.112750
abu_dhabi,BOR,1.0,MEDIUM,15,0 days 00:01:30.738133333
abu_dhabi,BOR,2.0,HARD,43,0 days 00:01:30.405581395
abu_dhabi,COL,1.0,MEDIUM,15,0 days 00:01:31.914400
abu_dhabi,COL,2.0,HARD,25,0 days 00:01:31.030840
abu_dhabi,COL,3.0,MEDIUM,17,0 days 00:01:29.822647058
abu_dhabi,GAS,1.0,MEDIUM,13,0 days 00:01:31.940230769
abu_dhabi,GAS,2.0,HARD,27,0 days 00:01:30.843777777
abu_dhabi,GAS,3.0,MEDIUM,17,0 days 00:01:29.786588235
abu_dhabi,HAD,1.0,MEDIUM,14,0 days 00:01:31.063571428
abu_dhabi,HAD,2.0,HARD,43,0 days 00:01:30.555953488
abu_dhabi,HAM,1.0,SOFT,8,0 days 00:01:31.806875
abu_dhabi,HAM,2.0,HARD,23,0 days 00:01:30.688913043
abu_dhabi,HAM,3.0,MEDIUM,27,0 days 00:01:29.623666666
abu_dhabi,HUL,1.0,SOFT,7,0 days 00:01:32.413000
abu_dhabi,HUL,2.0,HARD,35,0 days 00:01:30.599142857
abu_dhabi,HUL,3.0,MEDIUM,16,0 days 00:01:29.288875
abu_dhabi,LAW,1.0,MEDIUM,21,0 days 00:01:31.472476190
abu_dhabi,LAW,2.0,HARD,36,0 days 00:01:30.311277777
abu_dhabi,LEC,1.0,MEDIUM,16,0 days 00:01:30.290187500
abu_dhabi,LEC,2.0,HARD,23,0 days 00:01:29.691304347
abu_dhabi,LEC,3.0,MEDIUM,19,0 days 00:01:28.589736842
abu_dhabi,NOR,1.0,MEDIUM,16,0 days 00:01:30.143375
abu_dhabi,NOR,2.0,HARD,24,0 days 00:01:29.459208333
abu_dhabi,NOR,3.0,HARD,18,0 days 00:01:28.595888888
abu_dhabi,OCO,1.0,MEDIUM,19,0 days 00:01:31.061578947
abu_dhabi,OCO,2.0,HARD,39,0 days 00:01:29.927564102
abu_dhabi,PIA,1.0,HARD,41,0 days 00:01:29.577780487
abu_dhabi,PIA,2.0,MEDIUM,17,0 days 00:01:28.669058823
abu_dhabi,RUS,1.0,MEDIUM,14,0 days 00:01:30.555571428
abu_dhabi,RUS,2.0,HARD,44,0 days 00:01:29.733045454
abu_dhabi,SAI,1.0,MEDIUM,18,0 days 00:01:31.405222222
abu_dhabi,SAI,2.0,HARD,40,0 days 00:01:30.108325
abu_dhabi,STR,1.0,HARD,42,0 days 00:01:30.726238095
abu_dhabi,STR,2.0,MEDIUM,16,0 days 00:01:29.468125
abu_dhabi,TSU,1.0,HARD,32,0 days 00:01:30.808218750
abu_dhabi,TSU,2.0,MEDIUM,26,0 days 00:01:30.207692307
abu_dhabi,VER,1.0,MEDIUM,23,0 days 00:01:29.713000
abu_dhabi,VER,2.0,HARD,35,0 days 00:01:28.687714285
australian,ALB,1.0,INTERMEDIATE,1,0 days 00:02:12.195000
australian,ALB,4.0,INTERMEDIATE,29,0 days 00:01:37.626931034
australian,ALB,5.0,MEDIUM,11,0 days 00:01:57.063909090
australian,ALB,6.0,INTERMEDIATE,13,0 days 00:01:47.786923076
australian,ALO,1.0,INTERMEDIATE,1,0 days 00:02:17.178000
australian,ALO,4.0,INTERMEDIATE,28,0 days 00:01:37.136642857
australian,ANT,1.0,INTERMEDIATE,1,0 days 00:02:22.352000
australian,ANT,4.0,INTERMEDIATE,29,0 days 00:01:37.508103448
australian,ANT,5.0,HARD,11,0 days 00:01:56.732636363
australian,ANT,6.0,INTERMEDIATE,13,0 days 00:01:47.164615384
australian,BEA,1.0,INTERMEDIATE,1,0 days 00:02:29.413000
australian,BEA,4.0,INTERMEDIATE,34,0 days 00:01:43.284205882
australian,BEA,5.0,MEDIUM,5,0 days 00:01:40.918400
australian,BEA,6.0,INTERMEDIATE,13,0 days 00:01:43.034307692
australian,BOR,1.0,INTERMEDIATE,1,0 days 00:02:24.063000
australian,BOR,4.0,INTERMEDIATE,29,0 days 00:01:38.856413793
australian,BOR,5.0,MEDIUM,10,0 days 00:01:50.172700
australian,BOR,6.0,INTERMEDIATE,1,0 days 00:01:36.255000
australian,GAS,1.0,INTERMEDIATE,1,0 days 00:02:14.132000
australian,GAS,4.0,INTERMEDIATE,29,0 days 00:01:37.652068965
australian,GAS,5.0,HARD,13,0 days 00:01:53.630461538
australian,GAS,6.0,INTERMEDIATE,11,0 days 00:01:50.979727272
australian,HAM,1.0,INTERMEDIATE,1,0 days 00:02:12.883000
australian,HAM,4.0,INTERMEDIATE,29,0 days 00:01:37.627137931
australian,HAM,5.0,HARD,13,0 days 00:01:52.326846153
australian,HAM,6.0,INTERMEDIATE,10,0 days 00:01:48.594200
australian,HUL,1.0,INTERMEDIATE,1,0 days 00:02:21.221000
australian,HUL,4.0,INTERMEDIATE,29,0 days 00:01:38.674517241
australian,HUL,5.0,MEDIUM,11,0 days 00:01:53.838181818
australian,HUL,6.0,INTERMEDIATE,13,0 days 00:01:47.766692307
australian,LAW,1.0,INTERMEDIATE,1,0 days 00:02:28.795000
australian,LAW,4.0,INTERMEDIATE,29,0 days 00:01:38.758000
australian,LAW,5.0,MEDIUM,12,0 days 00:01:45.069083333
australian,LEC,1.0,INTERMEDIATE,1,0 days 00:02:08.480000
australian,LEC,4.0,INTERMEDIATE,30,0 days 00:01:37.892966666
australian,LEC,5.0,HARD,12,0 days 00:01:53.806333333
australian,LEC,6.0,INTERMEDIATE,10,0 days 00:01:47.753200
australian,NOR,1.0,INTERMEDIATE,1,0 days 00:01:57.099000
australian,NOR,4.0,INTERMEDIATE,30,0 days 00:01:36.368566666
australian,NOR,5.0,HARD,9,0 days 00:01:59.541111111
australian,NOR,6.0,INTERMEDIATE,13,0 days 00:01:47.513384615
australian,OCO,1.0,INTERMEDIATE,1,0 days 00:02:25.769000
australian,OCO,4.0,INTERMEDIATE,34,0 days 00:01:43.309176470
australian,OCO,5.0,MEDIUM,7,0 days 00:01:39.745857142
australian,OCO,6.0,INTERMEDIATE,11,0 days 00:01:44.316272727
australian,PIA,1.0,INTERMEDIATE,1,0 days 00:02:00.807000
australian,PIA,4.0,INTERMEDIATE,30,0 days 00:01:36.520766666
australian,PIA,5.0,HARD,8,0 days 00:02:00.257375
australian,PIA,6.0,INTERMEDIATE,13,0 days 00:01:42.300230769
australian,RUS,1.0,INTERMEDIATE,1,0 days 00:02:04.644000
australian,RUS,4.0,INTERMEDIATE,30,0 days 00:01:37.690400
australian,RUS,5.0,HARD,9,0 days 00:01:55.785222222
australian,RUS,6.0,INTERMEDIATE,13,0 days 00:01:47.534846153
australian,STR,1.0,INTERMEDIATE,1,0 days 00:02:19.485000
australian,STR,4.0,INTERMEDIATE,29,0 days 00:01:38.387655172
australian,STR,5.0,HARD,11,0 days 00:01:54.559454545
australian,STR,6.0,INTERMEDIATE,13,0 days 00:01:47.888153846
australian,TSU,1.0,INTERMEDIATE,1,0 days 00:02:10.655000
australian,TSU,4.0,INTERMEDIATE,29,0 days 00:01:37.674068965
australian,TSU,5.0,MEDIUM,13,0 days 00:01:52.876846153
australian,TSU,6.0,INTERMEDIATE,10,0 days 00:01:48.594000
australian,VER,1.0,INTERMEDIATE,1,0 days 00:01:59.392000
australian,VER,4.0,INTERMEDIATE,30,0 days 00:01:37.129900
australian,VER,5.0,MEDIUM,11,0 days 00:01:52.330454545
australian,VER,6.0,INTERMEDIATE,11,0 days 00:01:49.832454545
austrian,ALB,1.0,MEDIUM,13,0 days 00:01:19.520615384
austrian,ALB,2.0,MEDIUM,2,0 days 00:01:23.230000
austrian,ALO,1.0,MEDIUM,33,0 days 00:01:15.018636363
austrian,ALO,2.0,HARD,36,0 days 00:01:10.930972222
austrian,BEA,1.0,SOFT,11,0 days 00:01:21.367363636
austrian,BEA,2.0,HARD,28,0 days 00:01:12.179750
austrian,BEA,3.0,MEDIUM,30,0 days 00:01:11.215766666
austrian,BOR,1.0,MEDIUM,21,0 days 00:01:16.614047619
austrian,BOR,2.0,MEDIUM,28,0 days 00:01:11.581678571
austrian,BOR,3.0,HARD,20,0 days 00:01:10.823150
austrian,COL,1.0,SOFT,13,0 days 00:01:20.132076923
austrian,COL,2.0,MEDIUM,26,0 days 00:01:12.617076923
austrian,COL,3.0,HARD,30,0 days 00:01:11.187466666
austrian,GAS,1.0,SOFT,12,0 days 00:01:20.453166666
austrian,GAS,2.0,HARD,26,0 days 00:01:12.407384615
austrian,GAS,3.0,MEDIUM,31,0 days 00:01:11.378000
austrian,HAD,1.0,SOFT,2,0 days 00:01:49.702000
austrian,HAD,2.0,MEDIUM,26,0 days 00:01:13.315192307
austrian,HAD,3.0,HARD,41,0 days 00:01:11.464658536
austrian,HAM,1.0,MEDIUM,26,0 days 00:01:15.126769230
austrian,HAM,2.0,HARD,24,0 days 00:01:10.974250
austrian,HAM,3.0,MEDIUM,20,0 days 00:01:10.001750
austrian,HUL,1.0,SOFT,12,0 days 00:01:20.875833333
austrian,HUL,2.0,MEDIUM,30,0 days 00:01:11.695133333
austrian,HUL,3.0,MEDIUM,27,0 days 00:01:10.890703703
austrian,LAW,1.0,MEDIUM,32,0 days 00:01:15.050125
austrian,LAW,2.0,HARD,38,0 days 00:01:10.890605263
austrian,LEC,1.0,MEDIUM,25,0 days 00:01:15.159600
austrian,LEC,2.0,HARD,24,0 days 00:01:10.762750
austrian,LEC,3.0,MEDIUM,21,0 days 00:01:10.010333333
austrian,NOR,1.0,MEDIUM,20,0 days 00:01:15.769400
austrian,NOR,2.0,HARD,32,0 days 00:01:10.481062500
austrian,NOR,3.0,MEDIUM,18,0 days 00:01:09.828388888
austrian,OCO,1.0,MEDIUM,19,0 days 00:01:17.488789473
austrian,OCO,2.0,HARD,31,0 days 00:01:11.532709677
austrian,OCO,3.0,HARD,19,0 days 00:01:10.940947368
austrian,PIA,1.0,MEDIUM,24,0 days 00:01:15.023375
austrian,PIA,2.0,HARD,29,0 days 00:01:10.456827586
austrian,PIA,3.0,MEDIUM,17,0 days 00:01:09.798764705
austrian,RUS,1.0,MEDIUM,18,0 days 00:01:17.286444444
austrian,RUS,2.0,MEDIUM,27,0 days 00:01:11.603333333
austrian,RUS,3.0,HARD,25,0 days 00:01:10.625720
austrian,STR,1.0,MEDIUM,26,0 days 00:01:16.413576923
austrian,STR,2.0,HARD,27,0 days 00:01:11.901555555
austrian,STR,3.0,SOFT,16,0 days 00:01:10.878750
austrian,TSU,1.0,MEDIUM,18,0 days 00:01:17.956166666
austrian,TSU,2.0,HARD,12,0 days 00:01:13.105250
austrian,TSU,3.0,MEDIUM,30,0 days 00:01:11.769066666
austrian,TSU,4.0,SOFT,8,0 days 00:01:14.640750
azerbaijan,ALB,1.0,MEDIUM,1,0 days 00:02:36.417000
azerbaijan,ALB,2.0,MEDIUM,11,0 days 00:01:49.044000
azerbaijan,ALB,3.0,HARD,36,0 days 00:01:46.138833333
azerbaijan,ALO,1.0,MEDIUM,18,0 days 00:01:49.990500
azerbaijan,ALO,2.0,HARD,30,0 days 00:01:46.799900
azerbaijan,ANT,1.0,MEDIUM,15,0 days 00:01:48.780800
azerbaijan,ANT,2.0,HARD,33,0 days 00:01:45.562515151
azerbaijan,BEA,1.0,HARD,25,0 days 00:01:49.748720
azerbaijan,BEA,2.0,MEDIUM,23,0 days 00:01:45.772608695
azerbaijan,BOR,1.0,HARD,23,0 days 00:01:49.218521739
azerbaijan,BOR,2.0,MEDIUM,25,0 days 00:01:46.439720
azerbaijan,COL,1.0,MEDIUM,13,0 days 00:01:51.896000
azerbaijan,COL,2.0,HARD,34,0 days 00:01:47.617500
azerbaijan,GAS,1.0,HARD,32,0 days 00:01:49.425875
azerbaijan,GAS,2.0,MEDIUM,15,0 days 00:01:47.482533333
azerbaijan,HAD,1.0,MEDIUM,26,0 days 00:01:48.518615384
azerbaijan,HAD,2.0,HARD,22,0 days 00:01:45.380454545
azerbaijan,HAM,1.0,HARD,33,0 days 00:01:47.742363636
azerbaijan,HAM,2.0,MEDIUM,15,0 days 00:01:45.663200
azerbaijan,HUL,1.0,HARD,33,0 days 00:01:49.177272727
azerbaijan,HUL,2.0,MEDIUM,15,0 days 00:01:45.868866666
azerbaijan,LAW,1.0,MEDIUM,17,0 days 00:01:48.415117647
azerbaijan,LAW,2.0,HARD,31,0 days 00:01:45.895000
azerbaijan,LEC,1.0,MEDIUM,16,0 days 00:01:49.455687500
azerbaijan,LEC,2.0,HARD,32,0 days 00:01:45.885687500
azerbaijan,NOR,1.0,MEDIUM,34,0 days 00:01:47.331617647
azerbaijan,NOR,2.0,HARD,14,0 days 00:01:46.106000
azerbaijan,OCO,1.0,HARD,1,0 days 00:02:32.985000
azerbaijan,OCO,3.0,HARD,47,0 days 00:01:47.122361702
azerbaijan,RUS,1.0,HARD,36,0 days 00:01:46.758138888
azerbaijan,RUS,2.0,MEDIUM,12,0 days 00:01:45.551833333
azerbaijan,SAI,1.0,MEDIUM,24,0 days 00:01:47.396291666
azerbaijan,SAI,2.0,HARD,24,0 days 00:01:45.525791666
azerbaijan,STR,1.0,MEDIUM,34,0 days 00:01:48.877352941
azerbaijan,STR,2.0,HARD,14,0 days 00:01:47.165285714
azerbaijan,TSU,1.0,HARD,35,0 days 00:01:47.167028571
azerbaijan,TSU,2.0,MEDIUM,13,0 days 00:01:46.264000
azerbaijan,VER,1.0,HARD,37,0 days 00:01:46.227918918
azerbaijan,VER,2.0,MEDIUM,11,0 days 00:01:45.489818181
bahrain,ALB,1.0,SOFT,16,0 days 00:01:40.343000
bahrain,ALB,2.0,HARD,16,0 days 00:01:41.539000
bahrain,ALB,3.0,MEDIUM,24,0 days 00:01:40.293166666
bahrain,ALO,1.0,MEDIUM,16,0 days 00:01:40.680687500
bahrain,ALO,2.0,MEDIUM,16,0 days 00:01:41.655062500
bahrain,ALO,3.0,HARD,24,0 days 00:01:40.445666666
bahrain,ANT,1.0,SOFT,12,0 days 00:01:39.538583333
bahrain,ANT,2.0,MEDIUM,15,0 days 00:01:40.339800
bahrain,ANT,3.0,SOFT,5,0 days 00:01:46.960000
bahrain,ANT,4.0,SOFT,24,0 days 00:01:40.079041666
bahrain,BEA,1.0,SOFT,14,0 days 00:01:40.443071428
bahrain,BEA,2.0,HARD,18,0 days 00:01:41.357000
bahrain,BEA,3.0,SOFT,25,0 days 00:01:42.256000
bahrain,BOR,1.0,MEDIUM,13,0 days 00:01:41.161461538
bahrain,BOR,2.0,HARD,19,0 days 00:01:42.220315789
bahrain,BOR,3.0,MEDIUM,24,0 days 00:01:39.880125
bahrain,DOO,1.0,SOFT,9,0 days 00:01:40.351333333
bahrain,DOO,2.0,MEDIUM,19,0 days 00:01:40.009000
bahrain,DOO,3.0,HARD,29,0 days 00:01:43.065793103
bahrain,GAS,1.0,SOFT,10,0 days 00:01:39.707200
bahrain,GAS,2.0,MEDIUM,18,0 days 00:01:39.657777777
bahrain,GAS,3.0,HARD,29,0 days 00:01:42.914655172
bahrain,HAD,1.0,SOFT,6,0 days 00:01:41.524833333
bahrain,HAD,2.0,MEDIUM,22,0 days 00:01:40.271318181
bahrain,HAD,3.0,HARD,29,0 days 00:01:42.780379310
bahrain,HAM,1.0,MEDIUM,17,0 days 00:01:39.679235294
bahrain,HAM,2.0,MEDIUM,15,0 days 00:01:40.225600
bahrain,HAM,3.0,HARD,24,0 days 00:01:40.720958333
bahrain,HUL,1.0,SOFT,5,0 days 00:01:42.384400
bahrain,HUL,2.0,MEDIUM,22,0 days 00:01:40.388590909
bahrain,HUL,3.0,MEDIUM,30,0 days 00:01:42.414533333
bahrain,LAW,1.0,MEDIUM,14,0 days 00:01:40.851285714
bahrain,LAW,2.0,HARD,18,0 days 00:01:42.060000
bahrain,LAW,3.0,SOFT,24,0 days 00:01:39.489916666
bahrain,LEC,1.0,MEDIUM,17,0 days 00:01:39.083000
bahrain,LEC,2.0,MEDIUM,15,0 days 00:01:39.858533333
bahrain,LEC,3.0,HARD,24,0 days 00:01:40.781458333
bahrain,NOR,1.0,SOFT,10,0 days 00:01:39.023600
bahrain,NOR,2.0,MEDIUM,22,0 days 00:01:39.759590909
bahrain,NOR,3.0,MEDIUM,24,0 days 00:01:40.589875
bahrain,OCO,1.0,SOFT,8,0 days 00:01:40.392000
bahrain,OCO,2.0,MEDIUM,19,0 days 00:01:39.757052631
bahrain,OCO,3.0,HARD,30,0 days 00:01:42.838633333
bahrain,PIA,1.0,SOFT,14,0 days 00:01:38.642142857
bahrain,PIA,2.0,MEDIUM,18,0 days 00:01:39.465277777
bahrain,PIA,3.0,MEDIUM,24,0 days 00:01:40.083333333
bahrain,RUS,1.0,SOFT,13,0 days 00:01:38.979461538
bahrain,RUS,2.0,MEDIUM,19,0 days 00:01:39.690578947
bahrain,RUS,3.0,SOFT,24,0 days 00:01:40.678166666
bahrain,SAI,1.0,SOFT,14,0 days 00:01:40.268071428
bahrain,SAI,2.0,MEDIUM,18,0 days 00:01:41.153166666
bahrain,SAI,3.0,HARD,11,0 days 00:01:44.362727272
bahrain,SAI,4.0,SOFT,1,0 days 00:02:12.350000
bahrain,STR,1.0,SOFT,12,0 days 00:01:41.053666666
bahrain,STR,2.0,MEDIUM,20,0 days 00:01:41.857000
bahrain,STR,3.0,HARD,24,0 days 00:01:40.105000
bahrain,TSU,1.0,SOFT,11,0 days 00:01:40.106818181
bahrain,TSU,2.0,MEDIUM,21,0 days 00:01:41.170904761
bahrain,TSU,3.0,SOFT,24,0 days 00:01:40.300916666
bahrain,VER,1.0,SOFT,10,0 days 00:01:39.793400
bahrain,VER,2.0,HARD,16,0 days 00:01:40.333562500
bahrain,VER,3.0,MEDIUM,31,0 days 00:01:42.276096774
belgian,ALB,1.0,INTERMEDIATE,9,0 days 00:02:10.665777777
belgian,ALB,2.0,MEDIUM,32,0 days 00:01:48.212250
belgian,ALO,1.0,INTERMEDIATE,8,0 days 00:02:16.521625
belgian,ALO,2.0,MEDIUM,18,0 days 00:01:50.691277777
belgian,ANT,1.0,INTERMEDIATE,9,0 days 00:02:14.852111111
belgian,ANT,2.0,MEDIUM,18,0 days 00:01:49.774000
belgian,BEA,1.0,INTERMEDIATE,9,0 days 00:02:12.477000
belgian,BEA,2.0,MEDIUM,32,0 days 00:01:48.944875
belgian,BOR,1.0,INTERMEDIATE,9,0 days 00:02:12.199444444
belgian,BOR,2.0,MEDIUM,32,0 days 00:01:48.453375
belgian,COL,1.0,INTERMEDIATE,9,0 days 00:02:13.803000
belgian,COL,2.0,MEDIUM,16,0 days 00:01:50.860062500
belgian,GAS,1.0,INTERMEDIATE,8,0 days 00:02:14.850875
belgian,GAS,2.0,MEDIUM,33,0 days 00:01:49.120969696
belgian,HAD,1.0,INTERMEDIATE,10,0 days 00:02:10.794900
belgian,HAD,2.0,MEDIUM,7,0 days 00:01:53.856857142
belgian,HAD,3.0,HARD,23,0 days 00:01:49.160130434
belgian,HAM,1.0,INTERMEDIATE,8,0 days 00:02:15.249125
belgian,HAM,2.0,MEDIUM,33,0 days 00:01:48.241969696
belgian,HUL,1.0,INTERMEDIATE,8,0 days 00:02:15.104875
belgian,HUL,2.0,MEDIUM,21,0 days 00:01:50.031476190
belgian,LAW,1.0,INTERMEDIATE,9,0 days 00:02:11.949000
belgian,LAW,2.0,MEDIUM,32,0 days 00:01:48.382781250
belgian,LEC,1.0,INTERMEDIATE,9,0 days 00:02:09.742888888
belgian,LEC,2.0,MEDIUM,32,0 days 00:01:47.791937500
belgian,NOR,1.0,INTERMEDIATE,10,0 days 00:02:07.405100
belgian,NOR,2.0,HARD,31,0 days 00:01:47.204483870
belgian,OCO,1.0,INTERMEDIATE,10,0 days 00:02:12.112400
belgian,OCO,2.0,MEDIUM,31,0 days 00:01:48.717967741
belgian,PIA,1.0,INTERMEDIATE,9,0 days 00:02:08.360222222
belgian,PIA,2.0,MEDIUM,32,0 days 00:01:47.478812500
belgian,RUS,1.0,INTERMEDIATE,9,0 days 00:02:10.686444444
belgian,RUS,2.0,MEDIUM,32,0 days 00:01:48.105656250
belgian,SAI,1.0,INTERMEDIATE,9,0 days 00:02:14.186666666
belgian,SAI,2.0,MEDIUM,14,0 days 00:01:51.184857142
belgian,SAI,3.0,HARD,18,0 days 00:01:47.727944444
belgian,STR,1.0,INTERMEDIATE,9,0 days 00:02:14.317888888
belgian,STR,2.0,MEDIUM,32,0 days 00:01:48.768843750
belgian,TSU,1.0,INTERMEDIATE,10,0 days 00:02:10.561600
belgian,TSU,2.0,MEDIUM,31,0 days 00:01:48.769161290
belgian,VER,1.0,INTERMEDIATE,9,0 days 00:02:09.946222222
belgian,VER,2.0,MEDIUM,32,0 days 00:01:47.823531250
british,ALB,1.0,INTERMEDIATE,12,0 days 00:01:57.359250
british,ALB,2.0,INTERMEDIATE,25,0 days 00:01:49.299920
british,ALB,3.0,MEDIUM,10,0 days 00:01:34.918500
british,ALO,1.0,INTERMEDIATE,11,0 days 00:01:57.428090909
british,ALO,2.0,INTERMEDIATE,21,0 days 00:01:50.801714285
british,ALO,3.0,MEDIUM,15,0 days 00:01:38.012800
british,ANT,1.0,INTERMEDIATE,2,0 days 00:02:02.421000
british,ANT,2.0,HARD,6,0 days 00:01:55.508333333
british,ANT,3.0,INTERMEDIATE,7,0 days 00:02:04.493714285
british,ANT,4.0,INTERMEDIATE,2,0 days 00:01:56.100500
british,BEA,1.0,HARD,10,0 days 00:02:00.124800
british,BEA,2.0,INTERMEDIATE,26,0 days 00:01:49.476038461
british,BEA,3.0,MEDIUM,11,0 days 00:01:36.110636363
british,BOR,1.0,MEDIUM,3,0 days 00:02:16.367666666
british,GAS,1.0,INTERMEDIATE,11,0 days 00:01:57.334000
british,GAS,2.0,INTERMEDIATE,25,0 days 00:01:49.305680
british,GAS,3.0,MEDIUM,11,0 days 00:01:35.930272727
british,HAD,1.0,MEDIUM,10,0 days 00:01:59.892400
british,HAD,2.0,INTERMEDIATE,5,0 days 00:02:06.310000
british,HAM,1.0,INTERMEDIATE,11,0 days 00:01:57.221909090
british,HAM,2.0,INTERMEDIATE,25,0 days 00:01:48.647080
british,HAM,3.0,SOFT,11,0 days 00:01:35.804636363
british,HUL,1.0,INTERMEDIATE,9,0 days 00:01:59.704111111
british,HUL,2.0,INTERMEDIATE,27,0 days 00:01:46.431740740
british,HUL,3.0,MEDIUM,10,0 days 00:01:35.119200
british,LEC,1.0,MEDIUM,10,0 days 00:01:59.338300
british,LEC,2.0,INTERMEDIATE,27,0 days 00:01:49.154074074
british,LEC,3.0,SOFT,10,0 days 00:01:37.350700
british,NOR,1.0,INTERMEDIATE,11,0 days 00:01:56.289181818
british,NOR,2.0,INTERMEDIATE,27,0 days 00:01:44.647185185
british,NOR,3.0,MEDIUM,8,0 days 00:01:33.826125
british,OCO,1.0,INTERMEDIATE,16,0 days 00:02:01.457875
british,OCO,2.0,INTERMEDIATE,21,0 days 00:01:44.166952380
british,OCO,3.0,MEDIUM,10,0 days 00:01:35.977600
british,PIA,1.0,INTERMEDIATE,11,0 days 00:01:55.595454545
british,PIA,2.0,INTERMEDIATE,26,0 days 00:01:44.422000
british,PIA,3.0,MEDIUM,9,0 days 00:01:35.464111111
british,RUS,1.0,HARD,10,0 days 00:01:58.714500
british,RUS,2.0,INTERMEDIATE,23,0 days 00:01:50.065304347
british,RUS,3.0,HARD,14,0 days 00:01:38.101785714
british,SAI,1.0,INTERMEDIATE,11,0 days 00:01:57.570727272
british,SAI,2.0,INTERMEDIATE,25,0 days 00:01:49.857040
british,SAI,3.0,MEDIUM,11,0 days 00:01:36.637636363
british,STR,1.0,INTERMEDIATE,6,0 days 00:02:03.369666666
british,STR,2.0,SOFT,4,0 days 00:01:50.199000
british,STR,3.0,INTERMEDIATE,25,0 days 00:01:47.211240
british,STR,4.0,SOFT,11,0 days 00:01:36.542909090
british,TSU,1.0,INTERMEDIATE,11,0 days 00:01:58.243818181
british,TSU,2.0,INTERMEDIATE,25,0 days 00:01:50.750840
british,TSU,3.0,MEDIUM,10,0 days 00:01:39.315800
british,VER,1.0,INTERMEDIATE,11,0 days 00:01:56.416090909
british,VER,2.0,INTERMEDIATE,24,0 days 00:01:46.994041666
british,VER,3.0,MEDIUM,11,0 days 00:01:35.868272727
canadian,ALB,1.0,MEDIUM,23,0 days 00:01:19.456869565
canadian,ALB,2.0,HARD,23,0 days 00:01:17.198782608
canadian,ALO,1.0,MEDIUM,15,0 days 00:01:19.137200
canadian,ALO,2.0,HARD,35,0 days 00:01:17.316857142
canadian,ALO,3.0,HARD,16,0 days 00:01:17.110250
canadian,ALO,4.0,HARD,1,0 days 00:01:53.748000
canadian,ALO,5.0,HARD,1,0 days 00:01:39.322000
canadian,ALO,6.0,HARD,1,0 days 00:01:36.570000
canadian,ALO,7.0,HARD,1,0 days 00:01:27.108000
canadian,ANT,1.0,MEDIUM,14,0 days 00:01:18.240857142
canadian,ANT,2.0,HARD,24,0 days 00:01:16.592208333
canadian,ANT,3.0,HARD,29,0 days 00:01:16.094379310
canadian,ANT,4.0,HARD,1,0 days 00:02:03.303000
canadian,ANT,5.0,HARD,1,0 days 00:02:03.706000
canadian,ANT,6.0,HARD,1,0 days 00:02:06.371000
canadian,BEA,1.0,MEDIUM,18,0 days 00:01:19.646444444
canadian,BEA,2.0,HARD,48,0 days 00:01:17.846812500
canadian,BEA,3.0,SOFT,1,0 days 00:01:56.832000
canadian,BEA,4.0,SOFT,1,0 days 00:01:47.065000
canadian,BEA,5.0,SOFT,1,0 days 00:02:02.225000
canadian,BOR,1.0,HARD,49,0 days 00:01:18.385204081
canadian,BOR,2.0,MEDIUM,17,0 days 00:01:18.541823529
canadian,BOR,3.0,MEDIUM,1,0 days 00:01:57.562000
canadian,BOR,4.0,MEDIUM,1,0 days 00:01:46.030000
canadian,BOR,5.0,MEDIUM,1,0 days 00:02:00.889000
canadian,COL,1.0,MEDIUM,14,0 days 00:01:19.704928571
canadian,COL,2.0,HARD,52,0 days 00:01:18.063384615
canadian,COL,3.0,HARD,1,0 days 00:01:56.920000
canadian,COL,4.0,HARD,1,0 days 00:01:45.834000
canadian,COL,5.0,HARD,1,0 days 00:02:01.787000
canadian,GAS,1.0,HARD,53,0 days 00:01:18.344886792
canadian,GAS,2.0,MEDIUM,13,0 days 00:01:19.018615384
canadian,GAS,3.0,MEDIUM,1,0 days 00:01:55.427000
canadian,GAS,4.0,MEDIUM,1,0 days 00:01:46.730000
canadian,GAS,5.0,MEDIUM,1,0 days 00:01:58.960000
canadian,HAD,1.0,MEDIUM,13,0 days 00:01:20.127076923
canadian,HAD,2.0,HARD,53,0 days 00:01:18.190792452
canadian,HAD,3.0,SOFT,1,0 days 00:01:55.651000
canadian,HAD,4.0,SOFT,1,0 days 00:01:42.898000
canadian,HAD,5.0,SOFT,1,0 days 00:01:57.112000
canadian,HAM,1.0,MEDIUM,15,0 days 00:01:18.593266666
canadian,HAM,2.0,HARD,30,0 days 00:01:17.019666666
canadian,HAM,3.0,HARD,22,0 days 00:01:17.718772727
canadian,HAM,4.0,HARD,1,0 days 00:01:50.618000
canadian,HAM,5.0,HARD,1,0 days 00:01:37.731000
canadian,HAM,6.0,HARD,1,0 days 00:01:55.750000
canadian,HUL,1.0,MEDIUM,19,0 days 00:01:19.037105263
canadian,HUL,2.0,HARD,47,0 days 00:01:17.220829787
canadian,HUL,3.0,HARD,1,0 days 00:01:52.362000
canadian,HUL,4.0,HARD,1,0 days 00:01:39.180000
canadian,HUL,5.0,HARD,1,0 days 00:01:36.855000
canadian,HUL,6.0,HARD,1,0 days 00:01:28.571000
canadian,LAW,1.0,HARD,38,0 days 00:01:18.768368421
canadian,LAW,2.0,MEDIUM,15,0 days 00:01:17.538266666
canadian,LEC,1.0,HARD,28,0 days 00:01:17.591178571
canadian,LEC,2.0,HARD,25,0 days 00:01:16.164640
canadian,LEC,3.0,MEDIUM,14,0 days 00:01:17.909285714
canadian,LEC,4.0,MEDIUM,1,0 days 00:01:54.938000
canadian,LEC,5.0,MEDIUM,1,0 days 00:01:50.800000
canadian,LEC,6.0,MEDIUM,1,0 days 00:02:02.993000
canadian,NOR,1.0,HARD,29,0 days 00:01:17.449482758
canadian,NOR,2.0,MEDIUM,18,0 days 00:01:16.276000
canadian,NOR,3.0,HARD,19,0 days 00:01:14.656157894
canadian,OCO,1.0,HARD,57,0 days 00:01:17.834280701
canadian,OCO,2.0,MEDIUM,9,0 days 00:01:19.065777777
canadian,OCO,3.0,MEDIUM,1,0 days 00:01:57.088000
canadian,OCO,4.0,MEDIUM,1,0 days 00:02:03.241000
canadian,OCO,5.0,MEDIUM,1,0 days 00:02:05.686000
canadian,PIA,1.0,MEDIUM,16,0 days 00:01:18.197875
canadian,PIA,2.0,HARD,29,0 days 00:01:16.325000
canadian,PIA,3.0,HARD,22,0 days 00:01:16.560636363
canadian,PIA,4.0,SOFT,1,0 days 00:01:58.447000
canadian,PIA,5.0,SOFT,1,0 days 00:02:03.935000
canadian,PIA,6.0,SOFT,1,0 days 00:02:03.490000
canadian,RUS,1.0,MEDIUM,13,0 days 00:01:17.991307692
canadian,RUS,2.0,HARD,29,0 days 00:01:16.438793103
canadian,RUS,3.0,HARD,25,0 days 00:01:16.158160
canadian,RUS,4.0,HARD,1,0 days 00:02:06.769000
canadian,RUS,5.0,HARD,1,0 days 00:02:03.817000
canadian,RUS,6.0,HARD,1,0 days 00:02:07.536000
canadian,SAI,1.0,HARD,57,0 days 00:01:17.902596491
canadian,SAI,2.0,MEDIUM,9,0 days 00:01:18.694888888
canadian,SAI,3.0,MEDIUM,1,0 days 00:01:57.479000
canadian,SAI,4.0,MEDIUM,1,0 days 00:02:03.540000
canadian,SAI,5.0,MEDIUM,1,0 days 00:02:04.853000
canadian,STR,1.0,HARD,24,0 days 00:01:19.345208333
canadian,STR,2.0,HARD,27,0 days 00:01:17.945740740
canadian,STR,3.0,MEDIUM,15,0 days 00:01:18.643933333
canadian,STR,4.0,SOFT,1,0 days 00:01:55.934000
canadian,STR,5.0,SOFT,1,0 days 00:01:41.811000
canadian,STR,6.0,SOFT,1,0 days 00:01:55.527000
canadian,TSU,1.0,HARD,56,0 days 00:01:18.052964285
canadian,TSU,2.0,MEDIUM,10,0 days 00:01:20.168300
canadian,TSU,3.0,MEDIUM,1,0 days 00:01:57.242000
canadian,TSU,4.0,MEDIUM,1,0 days 00:01:46.349000
canadian,TSU,5.0,MEDIUM,1,0 days 00:02:01.904000
canadian,VER,1.0,MEDIUM,12,0 days 00:01:18.350083333
canadian,VER,2.0,HARD,25,0 days 00:01:16.687880
canadian,VER,3.0,HARD,30,0 days 00:01:15.993800
canadian,VER,4.0,HARD,1,0 days 00:02:05.276000
canadian,VER,5.0,HARD,1,0 days 00:02:03.745000
canadian,VER,6.0,HARD,1,0 days 00:02:06.683000
chinese,ALB,1.0,MEDIUM,20,0 days 00:01:39.562750
chinese,ALB,2.0,HARD,36,0 days 00:01:37.780333333
chinese,ALO,1.0,MEDIUM,4,0 days 00:01:51.393500
chinese,ANT,1.0,MEDIUM,12,0 days 00:01:39.703166666
chinese,ANT,2.0,HARD,44,0 days 00:01:38.007636363
chinese,BEA,1.0,HARD,26,0 days 00:01:39.675730769
chinese,BEA,2.0,MEDIUM,30,0 days 00:01:37.492000
chinese,BOR,1.0,MEDIUM,1,0 days 00:02:03.657000
chinese,BOR,2.0,HARD,25,0 days 00:01:40.104520
chinese,BOR,3.0,HARD,29,0 days 00:01:37.914206896
chinese,DOO,1.0,MEDIUM,11,0 days 00:01:40.634818181
chinese,DOO,2.0,HARD,45,0 days 00:01:38.365422222
chinese,GAS,1.0,MEDIUM,10,0 days 00:01:40.336200
chinese,GAS,2.0,HARD,46,0 days 00:01:38.236065217
chinese,HAD,1.0,MEDIUM,12,0 days 00:01:39.886916666
chinese,HAD,2.0,HARD,21,0 days 00:01:39.417714285
chinese,HAD,3.0,HARD,23,0 days 00:01:37.716782608
chinese,HAM,1.0,MEDIUM,13,0 days 00:01:38.937307692
chinese,HAM,2.0,HARD,24,0 days 00:01:38.451125
chinese,HAM,3.0,HARD,19,0 days 00:01:36.389210526
chinese,HUL,1.0,MEDIUM,20,0 days 00:01:40.973750
chinese,HUL,2.0,HARD,35,0 days 00:01:38.736485714
chinese,LAW,1.0,HARD,18,0 days 00:01:40.257555555
chinese,LAW,2.0,MEDIUM,12,0 days 00:01:39.839333333
chinese,LAW,3.0,HARD,26,0 days 00:01:37.440961538
chinese,LEC,1.0,MEDIUM,15,0 days 00:01:38.860200
chinese,LEC,2.0,HARD,41,0 days 00:01:37.447170731
chinese,NOR,1.0,MEDIUM,15,0 days 00:01:38.512200
chinese,NOR,2.0,HARD,41,0 days 00:01:37.246121951
chinese,OCO,1.0,MEDIUM,11,0 days 00:01:40.089545454
chinese,OCO,2.0,HARD,45,0 days 00:01:37.866888888
chinese,PIA,1.0,MEDIUM,14,0 days 00:01:38.293642857
chinese,PIA,2.0,HARD,42,0 days 00:01:37.117023809
chinese,RUS,1.0,MEDIUM,14,0 days 00:01:38.688785714
chinese,RUS,2.0,HARD,42,0 days 00:01:37.249523809
chinese,SAI,1.0,MEDIUM,17,0 days 00:01:40.047352941
chinese,SAI,2.0,HARD,39,0 days 00:01:38.220717948
chinese,STR,1.0,HARD,36,0 days 00:01:39.222333333
chinese,STR,2.0,MEDIUM,20,0 days 00:01:37.661300
chinese,TSU,1.0,MEDIUM,11,0 days 00:01:39.868727272
chinese,TSU,2.0,HARD,24,0 days 00:01:39.079958333
chinese,TSU,3.0,HARD,11,0 days 00:01:39.394272727
chinese,TSU,4.0,MEDIUM,9,0 days 00:01:40.969444444
chinese,VER,1.0,MEDIUM,13,0 days 00:01:39.354076923
chinese,VER,2.0,HARD,43,0 days 00:01:37.211139534
dutch,ALB,1.0,MEDIUM,23,0 days 00:01:18.126782608
dutch,ALB,2.0,HARD,30,0 days 00:01:20.197100
dutch,ALB,3.0,SOFT,19,0 days 00:01:30.176157894
dutch,ALO,1.0,MEDIUM,18,0 days 00:01:17.584611111
dutch,ALO,2.0,HARD,22,0 days 00:01:22.686681818
dutch,ALO,3.0,HARD,32,0 days 00:01:24.560250
dutch,ANT,1.0,MEDIUM,23,0 days 00:01:18.277260869
dutch,ANT,2.0,HARD,28,0 days 00:01:19.401214285
dutch,ANT,3.0,SOFT,2,0 days 00:01:37.113000
dutch,ANT,4.0,SOFT,19,0 days 00:01:29.423210526
dutch,BEA,1.0,HARD,53,0 days 00:01:19.891792452
dutch,BEA,2.0,MEDIUM,19,0 days 00:01:28.664631578
dutch,BOR,1.0,MEDIUM,22,0 days 00:01:17.905545454
dutch,BOR,2.0,HARD,38,0 days 00:01:23.774921052
dutch,BOR,3.0,SOFT,12,0 days 00:01:26.170416666
dutch,COL,1.0,SOFT,19,0 days 00:01:17.726368421
dutch,COL,2.0,HARD,34,0 days 00:01:21.415058823
dutch,COL,3.0,MEDIUM,12,0 days 00:01:27.164333333
dutch,COL,4.0,SOFT,7,0 days 00:01:30.496428571
dutch,GAS,1.0,MEDIUM,23,0 days 00:01:18.557173913
dutch,GAS,2.0,HARD,49,0 days 00:01:24.217612244
dutch,HAD,1.0,MEDIUM,23,0 days 00:01:17.092217391
dutch,HAD,2.0,HARD,30,0 days 00:01:20.234100
dutch,HAD,3.0,SOFT,19,0 days 00:01:31.207263157
dutch,HAM,1.0,MEDIUM,22,0 days 00:01:16.612636363
dutch,HUL,1.0,SOFT,19,0 days 00:01:17.777631578
dutch,HUL,2.0,HARD,34,0 days 00:01:21.401176470
dutch,HUL,3.0,MEDIUM,19,0 days 00:01:28.639947368
dutch,LAW,1.0,MEDIUM,23,0 days 00:01:17.770086956
dutch,LAW,2.0,HARD,4,0 days 00:01:53.258750
dutch,LAW,3.0,SOFT,25,0 days 00:01:19.076280
dutch,LAW,4.0,SOFT,20,0 days 00:01:25.412900
dutch,LEC,1.0,MEDIUM,22,0 days 00:01:16.591954545
dutch,LEC,2.0,HARD,30,0 days 00:01:20.399833333
dutch,NOR,1.0,MEDIUM,23,0 days 00:01:16.105782608
dutch,NOR,2.0,HARD,30,0 days 00:01:20.428133333
dutch,NOR,3.0,HARD,11,0 days 00:01:31.382727272
dutch,OCO,1.0,HARD,52,0 days 00:01:19.478884615
dutch,OCO,2.0,MEDIUM,20,0 days 00:01:29.550500
dutch,PIA,1.0,MEDIUM,23,0 days 00:01:15.873869565
dutch,PIA,2.0,HARD,30,0 days 00:01:20.457700
dutch,PIA,3.0,HARD,19,0 days 00:01:32.158894736
dutch,RUS,1.0,MEDIUM,23,0 days 00:01:17.236695652
dutch,RUS,2.0,HARD,30,0 days 00:01:20.760866666
dutch,RUS,3.0,SOFT,19,0 days 00:01:30.328052631
dutch,SAI,1.0,MEDIUM,23,0 days 00:01:17.827173913
dutch,SAI,2.0,HARD,4,0 days 00:01:52.675750
dutch,SAI,3.0,SOFT,24,0 days 00:01:18.172125
dutch,SAI,4.0,SOFT,14,0 days 00:01:25.233214285
dutch,SAI,5.0,SOFT,7,0 days 00:01:28.157285714
dutch,STR,1.0,MEDIUM,8,0 days 00:01:18.887375
dutch,STR,2.0,HARD,44,0 days 00:01:19.538068181
dutch,STR,3.0,HARD,20,0 days 00:01:29.428600
dutch,TSU,1.0,SOFT,19,0 days 00:01:17.518315789
dutch,TSU,2.0,HARD,34,0 days 00:01:21.247970588
dutch,TSU,3.0,SOFT,19,0 days 00:01:28.850894736
dutch,VER,1.0,SOFT,23,0 days 00:01:16.941304347
dutch,VER,2.0,MEDIUM,30,0 days 00:01:20.212333333
dutch,VER,3.0,SOFT,19,0 days 00:01:31.321052631
emilia_romagna,ALB,1.0,MEDIUM,29,0 days 00:01:22.940931034
emilia_romagna,ALB,2.0,HARD,18,0 days 00:01:27.361277777
emilia_romagna,ALB,3.0,HARD,16,0 days 00:01:35.834625
emilia_romagna,ALO,1.0,MEDIUM,12,0 days 00:01:22.791750
emilia_romagna,ALO,2.0,HARD,34,0 days 00:01:26.010970588
emilia_romagna,ALO,3.0,MEDIUM,17,0 days 00:01:34.269117647
emilia_romagna,ANT,1.0,HARD,29,0 days 00:01:23.366103448
emilia_romagna,ANT,2.0,MEDIUM,15,0 days 00:01:24.808466666
emilia_romagna,BEA,1.0,HARD,29,0 days 00:01:23.802655172
emilia_romagna,BEA,2.0,MEDIUM,2,0 days 00:01:51.143500
emilia_romagna,BEA,3.0,HARD,32,0 days 00:01:29.826343750
emilia_romagna,BOR,1.0,MEDIUM,12,0 days 00:01:23.374333333
emilia_romagna,BOR,2.0,HARD,17,0 days 00:01:25.698117647
emilia_romagna,BOR,3.0,HARD,17,0 days 00:01:26.743058823
emilia_romagna,BOR,4.0,MEDIUM,17,0 days 00:01:34.104647058
emilia_romagna,COL,1.0,MEDIUM,22,0 days 00:01:23.274409090
emilia_romagna,COL,2.0,HARD,24,0 days 00:01:27.332625
emilia_romagna,COL,3.0,HARD,17,0 days 00:01:34.034705882
emilia_romagna,GAS,1.0,MEDIUM,9,0 days 00:01:23.619333333
emilia_romagna,GAS,2.0,HARD,20,0 days 00:01:24.933000
emilia_romagna,GAS,3.0,HARD,34,0 days 00:01:30.393794117
emilia_romagna,HAD,1.0,MEDIUM,29,0 days 00:01:23.342413793
emilia_romagna,HAD,2.0,HARD,17,0 days 00:01:26.225529411
emilia_romagna,HAD,3.0,HARD,17,0 days 00:01:36.118882352
emilia_romagna,HAM,1.0,HARD,29,0 days 00:01:23.383103448
emilia_romagna,HAM,2.0,MEDIUM,17,0 days 00:01:25.556352941
emilia_romagna,HAM,3.0,HARD,17,0 days 00:01:36.175705882
emilia_romagna,HUL,1.0,HARD,29,0 days 00:01:23.731379310
emilia_romagna,HUL,2.0,MEDIUM,34,0 days 00:01:31.037794117
emilia_romagna,LAW,1.0,MEDIUM,10,0 days 00:01:23.563900
emilia_romagna,LAW,2.0,HARD,19,0 days 00:01:25.212315789
emilia_romagna,LAW,3.0,HARD,34,0 days 00:01:30.324617647
emilia_romagna,LEC,1.0,MEDIUM,10,0 days 00:01:23.023200
emilia_romagna,LEC,2.0,HARD,19,0 days 00:01:23.848105263
emilia_romagna,LEC,3.0,HARD,34,0 days 00:01:30.900794117
emilia_romagna,NOR,1.0,MEDIUM,28,0 days 00:01:21.826714285
emilia_romagna,NOR,2.0,HARD,18,0 days 00:01:26.013388888
emilia_romagna,NOR,3.0,HARD,17,0 days 00:01:37.642294117
emilia_romagna,OCO,1.0,MEDIUM,1,0 days 00:01:36.497000
emilia_romagna,OCO,2.0,HARD,26,0 days 00:01:23.301461538
emilia_romagna,PIA,1.0,MEDIUM,13,0 days 00:01:21.979615384
emilia_romagna,PIA,2.0,HARD,17,0 days 00:01:25.934764705
emilia_romagna,PIA,3.0,HARD,33,0 days 00:01:30.288757575
emilia_romagna,RUS,1.0,MEDIUM,11,0 days 00:01:22.832818181
emilia_romagna,RUS,2.0,HARD,18,0 days 00:01:24.416500
emilia_romagna,RUS,3.0,HARD,34,0 days 00:01:30.722794117
emilia_romagna,SAI,1.0,MEDIUM,11,0 days 00:01:22.945545454
emilia_romagna,SAI,2.0,HARD,18,0 days 00:01:24.745722222
emilia_romagna,SAI,3.0,HARD,34,0 days 00:01:30.537441176
emilia_romagna,STR,1.0,MEDIUM,14,0 days 00:01:22.918071428
emilia_romagna,STR,2.0,HARD,32,0 days 00:01:26.265125
emilia_romagna,STR,3.0,MEDIUM,17,0 days 00:01:34.403235294
emilia_romagna,TSU,1.0,HARD,29,0 days 00:01:24.044000
emilia_romagna,TSU,2.0,MEDIUM,34,0 days 00:01:30.657911764
emilia_romagna,VER,1.0,MEDIUM,29,0 days 00:01:21.706793103
emilia_romagna,VER,2.0,HARD,17,0 days 00:01:24.905470588
emilia_romagna,VER,3.0,HARD,17,0 days 00:01:38.841705882
hungarian,ALB,1.0,SOFT,14,0 days 00:01:24.909571428
hungarian,ALB,2.0,MEDIUM,24,0 days 00:01:23.775958333
hungarian,ALB,3.0,HARD,31,0 days 00:01:22.580161290
hungarian,ALO,1.0,MEDIUM,39,0 days 00:01:23.305025641
hungarian,ALO,2.0,HARD,31,0 days 00:01:21.657258064
hungarian,ANT,1.0,MEDIUM,21,0 days 00:01:24.370333333
hungarian,ANT,2.0,HARD,48,0 days 00:01:22.439645833
hungarian,BEA,1.0,MEDIUM,30,0 days 00:01:24.187733333
hungarian,BEA,2.0,HARD,18,0 days 00:01:24.117611111
hungarian,BOR,1.0,MEDIUM,40,0 days 00:01:23.425250
hungarian,BOR,2.0,HARD,30,0 days 00:01:21.679666666
hungarian,COL,1.0,MEDIUM,13,0 days 00:01:25.115230769
hungarian,COL,2.0,HARD,22,0 days 00:01:23.890681818
hungarian,COL,3.0,HARD,34,0 days 00:01:22.838470588
hungarian,GAS,1.0,HARD,32,0 days 00:01:24.287500
hungarian,GAS,2.0,MEDIUM,37,0 days 00:01:22.983108108
hungarian,HAD,1.0,MEDIUM,33,0 days 00:01:24.149121212
hungarian,HAD,2.0,HARD,36,0 days 00:01:22.022500
hungarian,HAM,1.0,HARD,42,0 days 00:01:23.839166666
hungarian,HAM,2.0,MEDIUM,27,0 days 00:01:21.846185185
hungarian,HUL,1.0,SOFT,5,0 days 00:01:27.244800
hungarian,HUL,2.0,MEDIUM,36,0 days 00:01:23.520500
hungarian,HUL,3.0,MEDIUM,28,0 days 00:01:22.483464285
hungarian,LAW,1.0,MEDIUM,40,0 days 00:01:23.572450
hungarian,LAW,2.0,HARD,30,0 days 00:01:21.592800
hungarian,LEC,1.0,MEDIUM,19,0 days 00:01:22.558473684
hungarian,LEC,2.0,HARD,21,0 days 00:01:22.297333333
hungarian,LEC,3.0,HARD,30,0 days 00:01:22.064533333
hungarian,NOR,1.0,MEDIUM,31,0 days 00:01:22.642290322
hungarian,NOR,2.0,HARD,39,0 days 00:01:21.008205128
hungarian,OCO,1.0,MEDIUM,14,0 days 00:01:24.857714285
hungarian,OCO,2.0,HARD,55,0 days 00:01:23.245109090
hungarian,PIA,1.0,MEDIUM,18,0 days 00:01:22.717722222
hungarian,PIA,2.0,HARD,27,0 days 00:01:22.088222222
hungarian,PIA,3.0,HARD,25,0 days 00:01:20.665120
hungarian,RUS,1.0,MEDIUM,19,0 days 00:01:22.898368421
hungarian,RUS,2.0,HARD,24,0 days 00:01:22.376333333
hungarian,RUS,3.0,HARD,27,0 days 00:01:21.149851851
hungarian,SAI,1.0,SOFT,15,0 days 00:01:24.614733333
hungarian,SAI,2.0,HARD,36,0 days 00:01:23.480972222
hungarian,SAI,3.0,MEDIUM,18,0 days 00:01:22.223388888
hungarian,STR,1.0,MEDIUM,36,0 days 00:01:23.675500
hungarian,STR,2.0,HARD,34,0 days 00:01:21.679029411
hungarian,TSU,1.0,MEDIUM,20,0 days 00:01:24.782750
hungarian,TSU,2.0,SOFT,17,0 days 00:01:23.789529411
hungarian,TSU,3.0,HARD,32,0 days 00:01:22.753031250
hungarian,VER,1.0,MEDIUM,17,0 days 00:01:24.048470588
hungarian,VER,2.0,HARD,31,0 days 00:01:22.922451612
hungarian,VER,3.0,HARD,22,0 days 00:01:21.566181818
italian,ALB,1.0,HARD,41,0 days 00:01:24.171024390
italian,ALB,2.0,MEDIUM,12,0 days 00:01:23.654166666
italian,ALO,1.0,MEDIUM,20,0 days 00:01:25.052900
italian,ALO,2.0,HARD,4,0 days 00:01:35.111000
italian,ANT,1.0,MEDIUM,28,0 days 00:01:24.704000
italian,ANT,2.0,HARD,25,0 days 00:01:23.495000
italian,BEA,1.0,MEDIUM,18,0 days 00:01:25.345000
italian,BEA,2.0,HARD,35,0 days 00:01:23.925800
italian,BOR,1.0,MEDIUM,20,0 days 00:01:25.035400
italian,BOR,2.0,HARD,33,0 days 00:01:23.700030303
italian,COL,1.0,MEDIUM,33,0 days 00:01:25.137636363
italian,COL,2.0,HARD,19,0 days 00:01:24.327947368
italian,GAS,1.0,HARD,49,0 days 00:01:24.532244897
italian,GAS,2.0,SOFT,3,0 days 00:01:29.360666666
italian,HAD,1.0,HARD,32,0 days 00:01:24.820125
italian,HAD,2.0,MEDIUM,21,0 days 00:01:23.522476190
italian,HAM,1.0,MEDIUM,38,0 days 00:01:24.026789473
italian,HAM,2.0,HARD,15,0 days 00:01:23.250400
italian,LAW,1.0,SOFT,9,0 days 00:01:26.448222222
italian,LAW,2.0,HARD,44,0 days 00:01:24.287318181
italian,LEC,1.0,MEDIUM,33,0 days 00:01:23.920363636
italian,LEC,2.0,HARD,20,0 days 00:01:23.028850
italian,NOR,1.0,MEDIUM,46,0 days 00:01:23.299043478
italian,NOR,2.0,SOFT,7,0 days 00:01:24.539428571
italian,OCO,1.0,HARD,51,0 days 00:01:24.230098039
italian,OCO,2.0,SOFT,1,0 days 00:01:50.725000
italian,PIA,1.0,MEDIUM,45,0 days 00:01:23.378222222
italian,PIA,2.0,SOFT,8,0 days 00:01:24.207000
italian,RUS,1.0,MEDIUM,27,0 days 00:01:24.332518518
italian,RUS,2.0,HARD,26,0 days 00:01:23.085692307
italian,SAI,1.0,MEDIUM,30,0 days 00:01:24.800200
italian,SAI,2.0,HARD,23,0 days 00:01:23.686434782
italian,STR,1.0,HARD,49,0 days 00:01:24.329632653
italian,STR,2.0,SOFT,3,0 days 00:01:33.824666666
italian,TSU,1.0,MEDIUM,19,0 days 00:01:25.263157894
italian,TSU,2.0,HARD,34,0 days 00:01:24.265470588
italian,VER,1.0,MEDIUM,37,0 days 00:01:23.290000
italian,VER,2.0,HARD,16,0 days 00:01:22.662187500
japanese,ALB,1.0,MEDIUM,24,0 days 00:01:34.604250
japanese,ALB,2.0,HARD,29,0 days 00:01:32.994758620
japanese,ALO,1.0,MEDIUM,24,0 days 00:01:34.984041666
japanese,ALO,2.0,HARD,29,0 days 00:01:33.265482758
japanese,ANT,1.0,MEDIUM,31,0 days 00:01:33.897741935
japanese,ANT,2.0,HARD,22,0 days 00:01:32.492000
japanese,BEA,1.0,MEDIUM,23,0 days 00:01:34.877000
japanese,BEA,2.0,HARD,30,0 days 00:01:33.311366666
japanese,BOR,1.0,HARD,31,0 days 00:01:35.257290322
japanese,BOR,2.0,MEDIUM,22,0 days 00:01:33.541090909
japanese,DOO,1.0,SOFT,15,0 days 00:01:36.093000
japanese,DOO,2.0,HARD,38,0 days 00:01:33.865842105
japanese,GAS,1.0,MEDIUM,24,0 days 00:01:35.115708333
japanese,GAS,2.0,HARD,29,0 days 00:01:33.321655172
japanese,HAD,1.0,MEDIUM,25,0 days 00:01:34.412040
japanese,HAD,2.0,HARD,28,0 days 00:01:32.993428571
japanese,HAM,1.0,HARD,30,0 days 00:01:34.097033333
japanese,HAM,2.0,MEDIUM,23,0 days 00:01:32.750173913
japanese,HUL,1.0,MEDIUM,22,0 days 00:01:35.423090909
japanese,HUL,2.0,HARD,31,0 days 00:01:33.859096774
japanese,LAW,1.0,MEDIUM,33,0 days 00:01:35.015848484
japanese,LAW,2.0,SOFT,20,0 days 00:01:33.709700
japanese,LEC,1.0,MEDIUM,21,0 days 00:01:34.030666666
japanese,LEC,2.0,HARD,32,0 days 00:01:32.763625
japanese,NOR,1.0,MEDIUM,21,0 days 00:01:33.735476190
japanese,NOR,2.0,HARD,32,0 days 00:01:32.498781250
japanese,OCO,1.0,HARD,32,0 days 00:01:35.133468750
japanese,OCO,2.0,MEDIUM,21,0 days 00:01:33.626190476
japanese,PIA,1.0,MEDIUM,20,0 days 00:01:33.908550
japanese,PIA,2.0,HARD,33,0 days 00:01:32.452757575
japanese,RUS,1.0,MEDIUM,19,0 days 00:01:34.205000
japanese,RUS,2.0,HARD,34,0 days 00:01:32.777941176
japanese,SAI,1.0,MEDIUM,33,0 days 00:01:35.082000
japanese,SAI,2.0,SOFT,20,0 days 00:01:33.170300
japanese,STR,1.0,SOFT,9,0 days 00:01:36.985333333
japanese,STR,2.0,HARD,21,0 days 00:01:35.431333333
japanese,STR,3.0,MEDIUM,22,0 days 00:01:33.772090909
japanese,TSU,1.0,MEDIUM,23,0 days 00:01:35.152391304
japanese,TSU,2.0,HARD,30,0 days 00:01:33.229300
japanese,VER,1.0,MEDIUM,21,0 days 00:01:33.672190476
japanese,VER,2.0,HARD,32,0 days 00:01:32.495843750
las_vegas,ALB,1.0,HARD,13,0 days 00:01:43.385538461
las_vegas,ALB,2.0,MEDIUM,1,0 days 00:02:02.604000
las_vegas,ALB,3.0,HARD,20,0 days 00:01:38.510300
las_vegas,ALB,4.0,MEDIUM,1,0 days 00:02:11.179000
las_vegas,ALO,1.0,MEDIUM,16,0 days 00:01:43.325937500
las_vegas,ALO,2.0,HARD,34,0 days 00:01:37.074176470
las_vegas,ANT,1.0,SOFT,2,0 days 00:01:56.810500
las_vegas,ANT,2.0,HARD,48,0 days 00:01:37.089500
las_vegas,BEA,1.0,MEDIUM,17,0 days 00:01:42.973000
las_vegas,BEA,2.0,HARD,33,0 days 00:01:36.619303030
las_vegas,BOR,1.0,HARD,1,0 days 00:02:10.427000
las_vegas,COL,1.0,HARD,25,0 days 00:01:41.916920
las_vegas,COL,2.0,MEDIUM,24,0 days 00:01:37.123541666
las_vegas,GAS,1.0,MEDIUM,2,0 days 00:02:02.009000
las_vegas,GAS,2.0,HARD,48,0 days 00:01:38.252354166
las_vegas,HAD,1.0,MEDIUM,20,0 days 00:01:41.777950
las_vegas,HAD,2.0,HARD,30,0 days 00:01:35.937566666
las_vegas,HAM,1.0,HARD,29,0 days 00:01:40.197000
las_vegas,HAM,2.0,MEDIUM,21,0 days 00:01:36.289761904
las_vegas,HUL,1.0,HARD,30,0 days 00:01:40.052966666
las_vegas,HUL,2.0,MEDIUM,20,0 days 00:01:35.898700
las_vegas,LAW,1.0,MEDIUM,2,0 days 00:02:01.760500
las_vegas,LAW,2.0,HARD,26,0 days 00:01:39.996269230
las_vegas,LAW,3.0,HARD,21,0 days 00:01:36.585523809
las_vegas,LEC,1.0,MEDIUM,24,0 days 00:01:40.694583333
las_vegas,LEC,2.0,HARD,26,0 days 00:01:35.478346153
las_vegas,NOR,1.0,MEDIUM,22,0 days 00:01:40.383181818
las_vegas,NOR,2.0,HARD,28,0 days 00:01:35.740714285
las_vegas,OCO,1.0,MEDIUM,27,0 days 00:01:40.784000
las_vegas,OCO,2.0,HARD,23,0 days 00:01:35.995478260
las_vegas,PIA,1.0,MEDIUM,21,0 days 00:01:41.295142857
las_vegas,PIA,2.0,HARD,29,0 days 00:01:35.478655172
las_vegas,RUS,1.0,MEDIUM,17,0 days 00:01:41.592941176
las_vegas,RUS,2.0,HARD,33,0 days 00:01:35.905909090
las_vegas,SAI,1.0,MEDIUM,22,0 days 00:01:41.045681818
las_vegas,SAI,2.0,HARD,28,0 days 00:01:35.726714285
las_vegas,TSU,1.0,MEDIUM,1,0 days 00:01:57.698000
las_vegas,TSU,2.0,HARD,26,0 days 00:01:40.939846153
las_vegas,TSU,3.0,MEDIUM,23,0 days 00:01:36.229086956
las_vegas,VER,1.0,MEDIUM,25,0 days 00:01:39.668040
las_vegas,VER,2.0,HARD,25,0 days 00:01:35.069120
mexico_city,ALB,1.0,HARD,41,0 days 00:01:24.472024390
mexico_city,ALB,2.0,SOFT,29,0 days 00:01:23.367965517
mexico_city,ALO,1.0,SOFT,20,0 days 00:01:24.803450
mexico_city,ALO,2.0,MEDIUM,14,0 days 00:01:25.045285714
mexico_city,ANT,1.0,SOFT,22,0 days 00:01:23.792272727
mexico_city,ANT,2.0,MEDIUM,25,0 days 00:01:23.414280
mexico_city,ANT,3.0,SOFT,24,0 days 00:01:23.234333333
mexico_city,BEA,1.0,SOFT,24,0 days 00:01:23.599041666
mexico_city,BEA,2.0,MEDIUM,24,0 days 00:01:23.333916666
mexico_city,BEA,3.0,SOFT,23,0 days 00:01:23.179913043
mexico_city,BOR,1.0,MEDIUM,37,0 days 00:01:24.333405405
mexico_city,BOR,2.0,SOFT,34,0 days 00:01:23.385323529
mexico_city,COL,1.0,HARD,48,0 days 00:01:24.840479166
mexico_city,COL,2.0,SOFT,22,0 days 00:01:24.118500
mexico_city,GAS,1.0,MEDIUM,33,0 days 00:01:25.138969696
mexico_city,GAS,2.0,SOFT,37,0 days 00:01:24.136972972
mexico_city,HAD,1.0,MEDIUM,34,0 days 00:01:24.329500
mexico_city,HAD,2.0,SOFT,36,0 days 00:01:23.834083333
mexico_city,HAM,1.0,SOFT,23,0 days 00:01:23.565086956
mexico_city,HAM,2.0,MEDIUM,24,0 days 00:01:23.780000
mexico_city,HAM,3.0,SOFT,24,0 days 00:01:23.429291666
mexico_city,HUL,1.0,SOFT,25,0 days 00:01:25.005360
mexico_city,LAW,1.0,SOFT,2,0 days 00:01:32.425000
mexico_city,LAW,2.0,HARD,3,0 days 00:01:39.024000
mexico_city,LEC,1.0,SOFT,31,0 days 00:01:23.273548387
mexico_city,LEC,2.0,MEDIUM,40,0 days 00:01:23.185450
mexico_city,NOR,1.0,SOFT,34,0 days 00:01:22.731029411
mexico_city,NOR,2.0,MEDIUM,37,0 days 00:01:22.857270270
mexico_city,OCO,1.0,SOFT,27,0 days 00:01:24.222666666
mexico_city,OCO,2.0,MEDIUM,44,0 days 00:01:23.636954545
mexico_city,PIA,1.0,SOFT,24,0 days 00:01:23.879416666
mexico_city,PIA,2.0,MEDIUM,23,0 days 00:01:23.320086956
mexico_city,PIA,3.0,SOFT,24,0 days 00:01:22.965458333
mexico_city,RUS,1.0,SOFT,25,0 days 00:01:23.799400
mexico_city,RUS,2.0,MEDIUM,23,0 days 00:01:23.209695652
mexico_city,RUS,3.0,SOFT,23,0 days 00:01:23.480565217
mexico_city,SAI,1.0,MEDIUM,17,0 days 00:01:24.769529411
mexico_city,SAI,2.0,SOFT,29,0 days 00:01:23.470241379
mexico_city,SAI,3.0,SOFT,10,0 days 00:01:24.082600
mexico_city,SAI,4.0,SOFT,11,0 days 00:01:22.871545454
mexico_city,STR,1.0,SOFT,26,0 days 00:01:24.562769230
mexico_city,STR,2.0,MEDIUM,17,0 days 00:01:23.835117647
mexico_city,STR,3.0,SOFT,27,0 days 00:01:23.769629629
mexico_city,TSU,1.0,MEDIUM,36,0 days 00:01:24.142972222
mexico_city,TSU,2.0,SOFT,35,0 days 00:01:23.670714285
mexico_city,VER,1.0,MEDIUM,37,0 days 00:01:23.630621621
mexico_city,VER,2.0,SOFT,34,0 days 00:01:22.802647058
miami,ALB,1.0,MEDIUM,8,0 days 00:01:38.865500
miami,ALB,2.0,HARD,25,0 days 00:01:32.081800
miami,ALO,1.0,HARD,9,0 days 00:01:39.661555555
miami,ALO,2.0,MEDIUM,24,0 days 00:01:33.135791666
miami,ANT,1.0,MEDIUM,8,0 days 00:01:39.403750
miami,ANT,2.0,HARD,25,0 days 00:01:32.300920
miami,BEA,1.0,HARD,4,0 days 00:01:33.369500
miami,BOR,1.0,MEDIUM,19,0 days 00:01:37.088210526
miami,BOR,2.0,HARD,11,0 days 00:01:39.889363636
miami,GAS,1.0,HARD,9,0 days 00:01:37.903666666
miami,GAS,2.0,MEDIUM,25,0 days 00:01:32.927720
miami,HAD,1.0,MEDIUM,22,0 days 00:01:36.409772727
miami,HAD,2.0,HARD,35,0 days 00:01:33.862114285
miami,HAM,1.0,HARD,9,0 days 00:01:37.616555555
miami,HAM,2.0,MEDIUM,25,0 days 00:01:32.240360
miami,HUL,1.0,HARD,13,0 days 00:01:38.331230769
miami,HUL,2.0,MEDIUM,20,0 days 00:01:32.035500
miami,LAW,1.0,HARD,8,0 days 00:01:39.729125
miami,LAW,2.0,MEDIUM,5,0 days 00:01:41.266400
miami,LEC,1.0,MEDIUM,8,0 days 00:01:39.113000
miami,LEC,2.0,HARD,25,0 days 00:01:32.155080
miami,NOR,1.0,MEDIUM,8,0 days 00:01:37.261500
miami,NOR,2.0,HARD,25,0 days 00:01:31.324400
miami,OCO,1.0,MEDIUM,23,0 days 00:01:36.223826086
miami,OCO,2.0,HARD,34,0 days 00:01:34.130735294
miami,PIA,1.0,MEDIUM,8,0 days 00:01:37.413625
miami,PIA,2.0,HARD,25,0 days 00:01:31.436120
miami,RUS,1.0,HARD,8,0 days 00:01:38.085375
miami,RUS,2.0,MEDIUM,25,0 days 00:01:31.956000
miami,SAI,1.0,MEDIUM,8,0 days 00:01:39.201500
miami,SAI,2.0,HARD,25,0 days 00:01:32.324360
miami,STR,1.0,MEDIUM,20,0 days 00:01:37.115200
miami,STR,2.0,HARD,36,0 days 00:01:34.845694444
miami,TSU,1.0,MEDIUM,8,0 days 00:01:39.578375
miami,TSU,2.0,HARD,25,0 days 00:01:32.379720
miami,VER,1.0,MEDIUM,8,0 days 00:01:38.873750
miami,VER,2.0,HARD,25,0 days 00:01:31.933800
monaco,ALB,1.0,MEDIUM,32,0 days 00:01:22.339531250
monaco,ALB,2.0,MEDIUM,8,0 days 00:01:19.271875
monaco,ALB,3.0,HARD,36,0 days 00:01:17.129777777
monaco,ALO,1.0,HARD,16,0 days 00:01:25.286625
monaco,ALO,2.0,HARD,20,0 days 00:01:17.125800
monaco,ANT,1.0,HARD,69,0 days 00:01:20.727898550
monaco,ANT,2.0,MEDIUM,2,0 days 00:01:25.507500
monaco,ANT,3.0,HARD,4,0 days 00:01:15.253000
monaco,BEA,1.0,MEDIUM,1,0 days 00:02:19.932000
monaco,BEA,2.0,HARD,16,0 days 00:01:23.631937500
monaco,BEA,3.0,MEDIUM,59,0 days 00:01:18.143949152
monaco,BOR,1.0,MEDIUM,1,0 days 00:02:25.564000
monaco,BOR,2.0,HARD,25,0 days 00:01:21.520560
monaco,BOR,3.0,SOFT,9,0 days 00:01:19.813888888
monaco,BOR,4.0,MEDIUM,41,0 days 00:01:18.057658536
monaco,COL,1.0,HARD,13,0 days 00:01:28.923692307
monaco,COL,2.0,MEDIUM,13,0 days 00:01:19.131769230
monaco,COL,3.0,MEDIUM,50,0 days 00:01:18.124720
monaco,GAS,1.0,MEDIUM,1,0 days 00:01:52.223000
monaco,GAS,2.0,MEDIUM,6,0 days 00:01:30.897666666
monaco,HAD,1.0,MEDIUM,14,0 days 00:01:26.397571428
monaco,HAD,2.0,SOFT,5,0 days 00:01:20.527800
monaco,HAD,3.0,HARD,58,0 days 00:01:17.357241379
monaco,HAM,1.0,HARD,18,0 days 00:01:24.164111111
monaco,HAM,2.0,HARD,38,0 days 00:01:16.207631578
monaco,HAM,3.0,MEDIUM,22,0 days 00:01:16.108454545
monaco,HUL,1.0,MEDIUM,12,0 days 00:01:29.557666666
monaco,HUL,2.0,HARD,32,0 days 00:01:19.105812500
monaco,HUL,3.0,SOFT,32,0 days 00:01:18.103406250
monaco,LAW,1.0,MEDIUM,31,0 days 00:01:22.479000
monaco,LAW,2.0,SOFT,9,0 days 00:01:18.916111111
monaco,LAW,3.0,HARD,37,0 days 00:01:16.580945945
monaco,LEC,1.0,MEDIUM,22,0 days 00:01:22.031727272
monaco,LEC,2.0,HARD,27,0 days 00:01:15.629481481
monaco,LEC,3.0,MEDIUM,29,0 days 00:01:15.526896551
monaco,NOR,1.0,MEDIUM,19,0 days 00:01:22.913947368
monaco,NOR,2.0,HARD,31,0 days 00:01:15.533096774
monaco,NOR,3.0,HARD,28,0 days 00:01:15.605428571
monaco,OCO,1.0,MEDIUM,16,0 days 00:01:25.607750
monaco,OCO,2.0,MEDIUM,12,0 days 00:01:18.738333333
monaco,OCO,3.0,HARD,49,0 days 00:01:17.250775510
monaco,PIA,1.0,MEDIUM,20,0 days 00:01:22.912200
monaco,PIA,2.0,HARD,28,0 days 00:01:15.782678571
monaco,PIA,3.0,HARD,30,0 days 00:01:15.244733333
monaco,RUS,1.0,HARD,53,0 days 00:01:21.072962264
monaco,RUS,2.0,MEDIUM,15,0 days 00:01:18.347733333
monaco,RUS,3.0,HARD,8,0 days 00:01:14.450500
monaco,SAI,1.0,HARD,48,0 days 00:01:21.264250
monaco,SAI,2.0,MEDIUM,5,0 days 00:01:18.965000
monaco,SAI,3.0,MEDIUM,23,0 days 00:01:16.242000
monaco,STR,1.0,HARD,17,0 days 00:01:26.833470588
monaco,STR,2.0,HARD,47,0 days 00:01:19.019914893
monaco,STR,3.0,MEDIUM,12,0 days 00:01:16.177750
monaco,TSU,1.0,SOFT,1,0 days 00:01:50.476000
monaco,TSU,2.0,HARD,72,0 days 00:01:20.068750
monaco,TSU,3.0,MEDIUM,3,0 days 00:01:16.755333333
monaco,VER,1.0,HARD,28,0 days 00:01:20.851642857
monaco,VER,2.0,MEDIUM,49,0 days 00:01:15.771408163
monaco,VER,3.0,SOFT,1,0 days 00:01:17.770000
qatar,ALB,1.0,HARD,7,0 days 00:01:33.047142857
qatar,ALB,2.0,MEDIUM,25,0 days 00:01:33.531440
qatar,ALB,3.0,MEDIUM,25,0 days 00:01:26.222240
qatar,ALO,1.0,MEDIUM,7,0 days 00:01:31.102000
qatar,ALO,2.0,MEDIUM,25,0 days 00:01:33.493120
qatar,ALO,3.0,HARD,25,0 days 00:01:26.289760
qatar,ANT,1.0,MEDIUM,7,0 days 00:01:30.376857142
qatar,ANT,2.0,MEDIUM,25,0 days 00:01:33.454600
qatar,ANT,3.0,HARD,25,0 days 00:01:25.502200
qatar,BEA,1.0,MEDIUM,7,0 days 00:01:32.398285714
qatar,BEA,2.0,MEDIUM,25,0 days 00:01:33.535320
qatar,BEA,3.0,HARD,8,0 days 00:01:30.948375
qatar,BEA,4.0,HARD,1,0 days 00:02:01.134000
qatar,BOR,1.0,MEDIUM,7,0 days 00:01:33.378428571
qatar,BOR,2.0,MEDIUM,25,0 days 00:01:33.608760
qatar,BOR,3.0,SOFT,25,0 days 00:01:26.767400
qatar,COL,1.0,HARD,7,0 days 00:01:33.533857142
qatar,COL,2.0,MEDIUM,25,0 days 00:01:33.611280
qatar,COL,3.0,MEDIUM,24,0 days 00:01:26.937708333
qatar,GAS,1.0,MEDIUM,7,0 days 00:01:36.865000
qatar,GAS,2.0,HARD,25,0 days 00:01:32.894560
qatar,GAS,3.0,MEDIUM,24,0 days 00:01:26.781791666
qatar,HAD,1.0,MEDIUM,7,0 days 00:01:31.510857142
qatar,HAD,2.0,MEDIUM,25,0 days 00:01:33.520880
qatar,HAD,3.0,HARD,22,0 days 00:01:26.127227272
qatar,HAM,1.0,SOFT,7,0 days 00:01:32.704857142
qatar,HAM,2.0,MEDIUM,25,0 days 00:01:33.682680
qatar,HAM,3.0,MEDIUM,25,0 days 00:01:26.598800
qatar,HUL,1.0,SOFT,6,0 days 00:01:29.414666666
qatar,LAW,1.0,MEDIUM,7,0 days 00:01:32.597714285
qatar,LAW,2.0,MEDIUM,25,0 days 00:01:33.543280
qatar,LAW,3.0,HARD,25,0 days 00:01:26.061920
qatar,LEC,1.0,MEDIUM,7,0 days 00:01:32.105714285
qatar,LEC,2.0,MEDIUM,25,0 days 00:01:33.566960
qatar,LEC,3.0,HARD,25,0 days 00:01:26.044480
qatar,NOR,1.0,MEDIUM,25,0 days 00:01:33.793600
qatar,NOR,2.0,MEDIUM,19,0 days 00:01:26.523526315
qatar,NOR,3.0,HARD,13,0 days 00:01:25.597615384
qatar,OCO,1.0,MEDIUM,8,0 days 00:01:36.661000
qatar,OCO,3.0,MEDIUM,25,0 days 00:01:29.466280
qatar,OCO,4.0,HARD,22,0 days 00:01:26.900590909
qatar,PIA,1.0,MEDIUM,24,0 days 00:01:33.976625
qatar,PIA,2.0,MEDIUM,18,0 days 00:01:26.426555555
qatar,PIA,3.0,HARD,15,0 days 00:01:25.007933333
qatar,RUS,1.0,MEDIUM,7,0 days 00:01:31.195857142
qatar,RUS,2.0,MEDIUM,25,0 days 00:01:33.702320
qatar,RUS,3.0,HARD,25,0 days 00:01:25.836440
qatar,SAI,1.0,MEDIUM,7,0 days 00:01:30.733142857
qatar,SAI,2.0,MEDIUM,25,0 days 00:01:33.188640
qatar,SAI,3.0,HARD,25,0 days 00:01:25.442320
qatar,STR,1.0,MEDIUM,7,0 days 00:01:33.450571428
qatar,STR,2.0,MEDIUM,17,0 days 00:01:36.477235294
qatar,STR,3.0,MEDIUM,25,0 days 00:01:26.961720
qatar,STR,4.0,SOFT,6,0 days 00:01:31.148833333
qatar,TSU,1.0,MEDIUM,7,0 days 00:01:32.875428571
qatar,TSU,2.0,MEDIUM,25,0 days 00:01:33.519880
qatar,TSU,3.0,HARD,25,0 days 00:01:26.075440
qatar,VER,1.0,MEDIUM,7,0 days 00:01:29.614428571
qatar,VER,2.0,MEDIUM,25,0 days 00:01:32.762160
qatar,VER,3.0,HARD,25,0 days 00:01:25.275440
saudi_arabian,ALB,1.0,MEDIUM,20,0 days 00:01:37.668450
saudi_arabian,ALB,2.0,HARD,28,0 days 00:01:34.682535714
saudi_arabian,ALO,1.0,MEDIUM,17,0 days 00:01:38.454588235
saudi_arabian,ALO,2.0,HARD,31,0 days 00:01:34.863290322
saudi_arabian,ANT,1.0,MEDIUM,17,0 days 00:01:37.036470588
saudi_arabian,ANT,2.0,HARD,31,0 days 00:01:34.076225806
saudi_arabian,BEA,1.0,MEDIUM,16,0 days 00:01:39.114812500
saudi_arabian,BEA,2.0,HARD,32,0 days 00:01:34.900656250
saudi_arabian,BOR,1.0,MEDIUM,1,0 days 00:02:29.952000
saudi_arabian,BOR,2.0,HARD,46,0 days 00:01:36.003043478
saudi_arabian,DOO,1.0,MEDIUM,1,0 days 00:02:28.383000
saudi_arabian,DOO,2.0,HARD,29,0 days 00:01:36.302655172
saudi_arabian,DOO,3.0,HARD,17,0 days 00:01:35.543647058
saudi_arabian,HAD,1.0,HARD,32,0 days 00:01:36.644500
saudi_arabian,HAD,2.0,MEDIUM,16,0 days 00:01:34.714062500
saudi_arabian,HAM,1.0,MEDIUM,21,0 days 00:01:36.925619047
saudi_arabian,HAM,2.0,HARD,27,0 days 00:01:33.986333333
saudi_arabian,HUL,1.0,HARD,31,0 days 00:01:37.638870967
saudi_arabian,HUL,2.0,MEDIUM,16,0 days 00:01:35.201187500
saudi_arabian,LAW,1.0,MEDIUM,18,0 days 00:01:38.380222222
saudi_arabian,LAW,2.0,HARD,30,0 days 00:01:34.675933333
saudi_arabian,LEC,1.0,MEDIUM,27,0 days 00:01:35.493333333
saudi_arabian,LEC,2.0,HARD,21,0 days 00:01:33.330523809
saudi_arabian,NOR,1.0,HARD,32,0 days 00:01:35.437843750
saudi_arabian,NOR,2.0,MEDIUM,16,0 days 00:01:33.267000
saudi_arabian,OCO,1.0,MEDIUM,1,0 days 00:02:29.408000
saudi_arabian,OCO,2.0,HARD,47,0 days 00:01:35.682127659
saudi_arabian,PIA,1.0,MEDIUM,17,0 days 00:01:35.918882352
saudi_arabian,PIA,2.0,HARD,31,0 days 00:01:33.447290322
saudi_arabian,RUS,1.0,MEDIUM,18,0 days 00:01:36.275000
saudi_arabian,RUS,2.0,HARD,30,0 days 00:01:34.127533333
saudi_arabian,SAI,1.0,MEDIUM,19,0 days 00:01:37.417789473
saudi_arabian,SAI,2.0,HARD,29,0 days 00:01:34.776344827
saudi_arabian,STR,1.0,HARD,37,0 days 00:01:37.194351351
saudi_arabian,STR,2.0,MEDIUM,10,0 days 00:01:35.374500
saudi_arabian,TSU,1.0,MEDIUM,1,0 days 00:02:45.662000
saudi_arabian,VER,1.0,MEDIUM,19,0 days 00:01:35.514526315
saudi_arabian,VER,2.0,HARD,29,0 days 00:01:33.599000
singapore,ALB,1.0,MEDIUM,42,0 days 00:01:39.532380952
singapore,ALB,2.0,SOFT,19,0 days 00:01:38.280368421
singapore,ALO,1.0,SOFT,27,0 days 00:01:39.107444444
singapore,ALO,2.0,MEDIUM,35,0 days 00:01:37.918085714
singapore,ANT,1.0,MEDIUM,25,0 days 00:01:38.450400
singapore,ANT,2.0,HARD,37,0 days 00:01:37.156432432
singapore,BEA,1.0,MEDIUM,23,0 days 00:01:39.444652173
singapore,BEA,2.0,HARD,39,0 days 00:01:38.170948717
singapore,BOR,1.0,MEDIUM,13,0 days 00:01:40.932076923
singapore,BOR,2.0,HARD,48,0 days 00:01:39.104229166
singapore,COL,1.0,SOFT,14,0 days 00:01:40.545857142
singapore,COL,2.0,MEDIUM,47,0 days 00:01:39.098191489
singapore,GAS,1.0,MEDIUM,24,0 days 00:01:40.173000
singapore,GAS,2.0,HARD,27,0 days 00:01:39.412740740
singapore,GAS,3.0,SOFT,10,0 days 00:01:38.153200
singapore,HAD,1.0,SOFT,20,0 days 00:01:39.639700
singapore,HAD,2.0,HARD,41,0 days 00:01:38.705073170
singapore,HAM,1.0,MEDIUM,24,0 days 00:01:38.736458333
singapore,HAM,2.0,HARD,22,0 days 00:01:37.325500
singapore,HAM,3.0,SOFT,16,0 days 00:01:39.486375
singapore,HUL,1.0,MEDIUM,25,0 days 00:01:39.552240
singapore,HUL,2.0,HARD,19,0 days 00:01:40.818368421
singapore,HUL,3.0,SOFT,17,0 days 00:01:38.061882352
singapore,LAW,1.0,MEDIUM,48,0 days 00:01:39.322104166
singapore,LAW,2.0,SOFT,13,0 days 00:01:38.619307692
singapore,LEC,1.0,MEDIUM,21,0 days 00:01:38.679619047
singapore,LEC,2.0,HARD,41,0 days 00:01:37.465634146
singapore,NOR,1.0,MEDIUM,26,0 days 00:01:37.914730769
singapore,NOR,2.0,HARD,36,0 days 00:01:36.740277777
singapore,OCO,1.0,MEDIUM,30,0 days 00:01:39.603533333
singapore,OCO,2.0,HARD,31,0 days 00:01:39.399806451
singapore,PIA,1.0,MEDIUM,27,0 days 00:01:38.044666666
singapore,PIA,2.0,HARD,35,0 days 00:01:36.665914285
singapore,RUS,1.0,MEDIUM,25,0 days 00:01:37.610880
singapore,RUS,2.0,HARD,37,0 days 00:01:36.813378378
singapore,SAI,1.0,MEDIUM,50,0 days 00:01:39.289520
singapore,SAI,2.0,SOFT,11,0 days 00:01:37.149545454
singapore,STR,1.0,SOFT,38,0 days 00:01:39.475921052
singapore,STR,2.0,MEDIUM,23,0 days 00:01:38.555304347
singapore,TSU,1.0,SOFT,13,0 days 00:01:41.153769230
singapore,TSU,2.0,HARD,48,0 days 00:01:38.471604166
singapore,VER,1.0,SOFT,19,0 days 00:01:38.234368421
singapore,VER,2.0,HARD,43,0 days 00:01:36.775441860
spanish,ALB,1.0,SOFT,6,0 days 00:01:24.603333333
spanish,ALB,2.0,SOFT,20,0 days 00:01:23.665450
spanish,ALB,3.0,SOFT,1,0 days 00:02:02.219000
spanish,ALO,1.0,SOFT,15,0 days 00:01:23.799266666
spanish,ALO,2.0,MEDIUM,27,0 days 00:01:22.427888888
spanish,ALO,3.0,SOFT,12,0 days 00:01:23.289916666
spanish,ALO,4.0,SOFT,12,0 days 00:01:33.076500
spanish,ANT,1.0,SOFT,21,0 days 00:01:22.432523809
spanish,ANT,2.0,MEDIUM,28,0 days 00:01:21.533178571
spanish,ANT,3.0,SOFT,4,0 days 00:01:23.980000
spanish,BEA,1.0,SOFT,8,0 days 00:01:24.083750
spanish,BEA,2.0,MEDIUM,27,0 days 00:01:22.859777777
spanish,BEA,3.0,MEDIUM,19,0 days 00:01:22.936157894
spanish,BEA,4.0,SOFT,12,0 days 00:01:33.230750
spanish,BOR,1.0,SOFT,19,0 days 00:01:23.587000
spanish,BOR,2.0,MEDIUM,30,0 days 00:01:22.401466666
spanish,BOR,3.0,SOFT,17,0 days 00:01:30.774941176
spanish,COL,1.0,SOFT,14,0 days 00:01:23.937785714
spanish,COL,2.0,MEDIUM,25,0 days 00:01:23.741600
spanish,COL,3.0,SOFT,15,0 days 00:01:23.672400
spanish,COL,4.0,SOFT,12,0 days 00:01:30.416750
spanish,GAS,1.0,SOFT,10,0 days 00:01:22.963800
spanish,GAS,2.0,SOFT,21,0 days 00:01:23.191714285
spanish,GAS,3.0,MEDIUM,24,0 days 00:01:23.793333333
spanish,GAS,4.0,SOFT,11,0 days 00:01:31.595727272
spanish,HAD,1.0,SOFT,19,0 days 00:01:22.727000
spanish,HAD,2.0,MEDIUM,29,0 days 00:01:21.777448275
spanish,HAD,3.0,SOFT,7,0 days 00:01:27.924000
spanish,HAD,4.0,SOFT,11,0 days 00:01:34.051818181
spanish,HAM,1.0,SOFT,16,0 days 00:01:22.143750
spanish,HAM,2.0,MEDIUM,30,0 days 00:01:21.401133333
spanish,HAM,3.0,SOFT,9,0 days 00:01:24.068222222
spanish,HAM,4.0,SOFT,11,0 days 00:01:38.175909090
spanish,HUL,1.0,SOFT,9,0 days 00:01:23.276222222
spanish,HUL,2.0,MEDIUM,36,0 days 00:01:22.305000
spanish,HUL,3.0,SOFT,11,0 days 00:01:27.123272727
spanish,HUL,4.0,SOFT,10,0 days 00:01:32.020100
spanish,LAW,1.0,SOFT,18,0 days 00:01:23.190666666
spanish,LAW,2.0,MEDIUM,26,0 days 00:01:22.371769230
spanish,LAW,3.0,SOFT,22,0 days 00:01:29.264045454
spanish,LEC,1.0,SOFT,17,0 days 00:01:21.837470588
spanish,LEC,2.0,MEDIUM,23,0 days 00:01:21.310260869
spanish,LEC,3.0,MEDIUM,15,0 days 00:01:22.365733333
spanish,LEC,4.0,SOFT,11,0 days 00:01:39.179181818
spanish,NOR,1.0,SOFT,21,0 days 00:01:21.298857142
spanish,NOR,2.0,MEDIUM,27,0 days 00:01:20.812592592
spanish,NOR,3.0,SOFT,7,0 days 00:01:22.958428571
spanish,NOR,4.0,SOFT,11,0 days 00:01:40.901909090
spanish,OCO,1.0,SOFT,20,0 days 00:01:23.725100
spanish,OCO,2.0,MEDIUM,23,0 days 00:01:22.596086956
spanish,OCO,3.0,MEDIUM,23,0 days 00:01:28.493913043
spanish,PIA,1.0,SOFT,22,0 days 00:01:21.044863636
spanish,PIA,2.0,MEDIUM,27,0 days 00:01:20.716444444
spanish,PIA,3.0,SOFT,6,0 days 00:01:23.687166666
spanish,PIA,4.0,SOFT,11,0 days 00:01:41.174636363
spanish,RUS,1.0,SOFT,20,0 days 00:01:22.204500
spanish,RUS,2.0,MEDIUM,21,0 days 00:01:21.372857142
spanish,RUS,3.0,SOFT,14,0 days 00:01:22.008142857
spanish,RUS,4.0,SOFT,11,0 days 00:01:38.881818181
spanish,SAI,1.0,SOFT,9,0 days 00:01:24.318333333
spanish,SAI,2.0,SOFT,25,0 days 00:01:23.065040
spanish,SAI,3.0,MEDIUM,21,0 days 00:01:24.792476190
spanish,SAI,4.0,SOFT,11,0 days 00:01:30.050090909
spanish,TSU,1.0,MEDIUM,8,0 days 00:01:24.720250
spanish,TSU,2.0,SOFT,16,0 days 00:01:23.156937500
spanish,TSU,3.0,SOFT,20,0 days 00:01:22.353600
spanish,TSU,4.0,SOFT,10,0 days 00:01:23.430300
spanish,TSU,5.0,SOFT,12,0 days 00:01:33.045750
spanish,VER,1.0,SOFT,13,0 days 00:01:21.541538461
spanish,VER,2.0,SOFT,16,0 days 00:01:21.383437500
spanish,VER,3.0,MEDIUM,18,0 days 00:01:20.609555555
spanish,VER,4.0,SOFT,8,0 days 00:01:22.579750
spanish,VER,5.0,HARD,11,0 days 00:01:41.401454545
são_paulo,ALB,1.0,MEDIUM,35,0 days 00:01:21.803428571
são_paulo,ALB,2.0,SOFT,20,0 days 00:01:15.728450
são_paulo,ALB,3.0,MEDIUM,16,0 days 00:01:14.880687500
são_paulo,ALO,1.0,HARD,28,0 days 00:01:23.396107142
são_paulo,ALO,2.0,MEDIUM,18,0 days 00:01:16.164000
são_paulo,ALO,3.0,MEDIUM,25,0 days 00:01:14.852760
são_paulo,ANT,1.0,SOFT,21,0 days 00:01:25.048523809
são_paulo,ANT,2.0,MEDIUM,26,0 days 00:01:15.379961538
são_paulo,ANT,3.0,MEDIUM,24,0 days 00:01:14.420250
são_paulo,BEA,1.0,SOFT,17,0 days 00:01:27.813000
são_paulo,BEA,2.0,MEDIUM,25,0 days 00:01:15.625600
são_paulo,BEA,3.0,MEDIUM,29,0 days 00:01:14.750517241
são_paulo,COL,1.0,MEDIUM,29,0 days 00:01:23.217241379
são_paulo,COL,2.0,SOFT,14,0 days 00:01:16.477000
são_paulo,COL,3.0,MEDIUM,28,0 days 00:01:14.835535714
são_paulo,GAS,1.0,SOFT,18,0 days 00:01:27.244444444
são_paulo,GAS,2.0,MEDIUM,21,0 days 00:01:16.016333333
são_paulo,GAS,3.0,MEDIUM,32,0 days 00:01:15.273968750
são_paulo,HAD,1.0,SOFT,18,0 days 00:01:27.078166666
são_paulo,HAD,2.0,MEDIUM,19,0 days 00:01:16.237947368
são_paulo,HAD,3.0,MEDIUM,34,0 days 00:01:15.251205882
são_paulo,HAM,1.0,SOFT,2,0 days 00:01:46.352500
são_paulo,HAM,2.0,HARD,12,0 days 00:01:28.337583333
são_paulo,HAM,3.0,MEDIUM,18,0 days 00:01:16.731777777
são_paulo,HAM,4.0,MEDIUM,5,0 days 00:01:21.672200
são_paulo,HUL,1.0,MEDIUM,36,0 days 00:01:21.546083333
são_paulo,HUL,2.0,SOFT,35,0 days 00:01:15.407457142
são_paulo,LAW,1.0,SOFT,19,0 days 00:01:26.619526315
são_paulo,LAW,2.0,MEDIUM,52,0 days 00:01:15.547442307
são_paulo,LEC,1.0,MEDIUM,5,0 days 00:01:45.684000
são_paulo,NOR,1.0,MEDIUM,30,0 days 00:01:21.719066666
são_paulo,NOR,2.0,SOFT,20,0 days 00:01:15.433150
são_paulo,NOR,3.0,MEDIUM,21,0 days 00:01:14.350523809
são_paulo,OCO,1.0,HARD,8,0 days 00:01:42.237000
são_paulo,OCO,2.0,MEDIUM,39,0 days 00:01:15.867051282
são_paulo,OCO,3.0,MEDIUM,24,0 days 00:01:14.982541666
são_paulo,PIA,1.0,MEDIUM,38,0 days 00:01:20.563394736
são_paulo,PIA,2.0,SOFT,13,0 days 00:01:16.238923076
são_paulo,PIA,3.0,MEDIUM,20,0 days 00:01:14.241500
são_paulo,RUS,1.0,MEDIUM,34,0 days 00:01:21.405000
são_paulo,RUS,2.0,SOFT,14,0 days 00:01:15.422214285
são_paulo,RUS,3.0,MEDIUM,23,0 days 00:01:14.486173913
são_paulo,SAI,1.0,SOFT,17,0 days 00:01:28.022411764
são_paulo,SAI,2.0,MEDIUM,21,0 days 00:01:16.136952380
são_paulo,SAI,3.0,MEDIUM,33,0 days 00:01:15.204818181
são_paulo,STR,1.0,HARD,29,0 days 00:01:23.235586206
são_paulo,STR,2.0,MEDIUM,25,0 days 00:01:15.776680
são_paulo,STR,3.0,MEDIUM,17,0 days 00:01:14.799647058
são_paulo,TSU,1.0,HARD,2,0 days 00:01:42.543000
são_paulo,TSU,2.0,MEDIUM,22,0 days 00:01:23.002363636
são_paulo,TSU,3.0,MEDIUM,23,0 days 00:01:16.460956521
são_paulo,TSU,4.0,MEDIUM,24,0 days 00:01:15.043000
são_paulo,VER,1.0,HARD,7,0 days 00:01:42.439428571
são_paulo,VER,2.0,MEDIUM,27,0 days 00:01:16.189925925
são_paulo,VER,3.0,MEDIUM,20,0 days 00:01:14.806650
são_paulo,VER,4.0,SOFT,17,0 days 00:01:14.235823529
united_states,ALB,1.0,HARD,7,0 days 00:01:48.169142857
united_states,ALB,2.0,MEDIUM,29,0 days 00:01:42.033241379
united_states,ALB,3.0,SOFT,20,0 days 00:01:40.200650
united_states,ALO,1.0,MEDIUM,30,0 days 00:01:43.352633333
united_states,ALO,2.0,SOFT,26,0 days 00:01:40.368576923
united_states,ANT,1.0,MEDIUM,31,0 days 00:01:43.591774193
united_states,ANT,2.0,SOFT,25,0 days 00:01:40.182480
united_states,BEA,1.0,MEDIUM,30,0 days 00:01:42.970366666
united_states,BEA,2.0,SOFT,26,0 days 00:01:40.606615384
united_states,BOR,1.0,SOFT,14,0 days 00:01:46.283214285
united_states,BOR,2.0,MEDIUM,22,0 days 00:01:41.857545454
united_states,BOR,3.0,SOFT,19,0 days 00:01:40.783526315
united_states,COL,1.0,MEDIUM,32,0 days 00:01:43.786812500
united_states,COL,2.0,SOFT,23,0 days 00:01:40.925652173
united_states,GAS,1.0,MEDIUM,27,0 days 00:01:43.991962962
united_states,GAS,2.0,SOFT,28,0 days 00:01:41.376178571
united_states,HAD,1.0,HARD,28,0 days 00:01:44.226500
united_states,HAD,2.0,SOFT,28,0 days 00:01:40.522357142
united_states,HAM,1.0,MEDIUM,31,0 days 00:01:42.364161290
united_states,HAM,2.0,SOFT,25,0 days 00:01:39.816320
united_states,HUL,1.0,MEDIUM,33,0 days 00:01:42.766575757
united_states,HUL,2.0,SOFT,23,0 days 00:01:40.265782608
united_states,LAW,1.0,MEDIUM,30,0 days 00:01:43.444300
united_states,LAW,2.0,SOFT,26,0 days 00:01:40.386192307
united_states,LEC,1.0,SOFT,22,0 days 00:01:43.165000
united_states,LEC,2.0,MEDIUM,34,0 days 00:01:39.585411764
united_states,NOR,1.0,MEDIUM,32,0 days 00:01:42.042468750
united_states,NOR,2.0,SOFT,24,0 days 00:01:39.281708333
united_states,OCO,1.0,HARD,24,0 days 00:01:44.587166666
united_states,OCO,2.0,MEDIUM,32,0 days 00:01:40.409750
united_states,PIA,1.0,MEDIUM,30,0 days 00:01:42.579933333
united_states,PIA,2.0,SOFT,26,0 days 00:01:39.709269230
united_states,RUS,1.0,MEDIUM,33,0 days 00:01:42.463424242
united_states,RUS,2.0,SOFT,23,0 days 00:01:39.666260869
united_states,SAI,1.0,MEDIUM,5,0 days 00:01:41.888000
united_states,STR,1.0,SOFT,28,0 days 00:01:43.776607142
united_states,STR,2.0,MEDIUM,28,0 days 00:01:40.328357142
united_states,TSU,1.0,MEDIUM,29,0 days 00:01:42.996862068
united_states,TSU,2.0,SOFT,27,0 days 00:01:40.220962962
united_states,VER,1.0,MEDIUM,33,0 days 00:01:41.687757575
united_states,VER,2.0,SOFT,23,0 days 00:01:39.324565217
