Race,Driver,FullThrottleRatio,BrakeUsageRatio,AvgBrake,AvgGear,GearChangeRate,AvgSpeed,TopSpeed,DRSUsageRatio
abu_dhabi,ALB,0.4902199867906315,0.17875831936188588,1.0,5.401717217903775,0.07102575826855662,206.71961680599676,341.0,0.08530203729106335
abu_dhabi,ALO,0.5290490266027927,0.17095606971766383,1.0,5.448425236978901,0.07596065640607481,208.13143238281768,345.0,0.06691468759555601
abu_dhabi,ANT,0.4917936991869919,0.2239329268292683,1.0,5.404674796747967,0.06844512195121952,210.44109145738634,341.0,0.18534044715447154
abu_dhabi,BEA,0.5215853875702765,0.191457427052329,1.0,5.310666768424534,0.07158665954361597,207.50905564012612,347.0,0.14943142791727085
abu_dhabi,BOR,0.5164078188149768,0.1909204138176457,1.0,5.302763020767139,0.0711217305101548,207.77497559614196,341.0,0.19125085788363286
abu_dhabi,COL,0.5188531130157259,0.16667953568579003,1.0,5.179059532082465,0.062131624327593754,206.69784233131975,340.0,0.03487504182431215
abu_dhabi,GAS,0.5433012010928399,0.18013815145110573,1.0,5.323212536728698,0.06536419403062013,207.0205431554396,333.0,0.049512861487705555
abu_dhabi,HAD,0.5075339284792817,0.18104649362712213,1.0,5.252180195056504,0.06857939006140668,206.42124152577475,335.0,0.08049950977862635
abu_dhabi,HAM,0.5128433593849444,0.20269341411878516,1.0,5.471169267584838,0.06267661210254322,208.22179799264907,349.0,0.15786257987322114
abu_dhabi,HUL,0.5316346251652935,0.17368528125317872,1.0,5.305640321432204,0.06937239344929305,207.947030247845,346.0,0.17495676940290916
abu_dhabi,LAW,0.5176752700925663,0.18074929737256015,1.0,5.289353582755331,0.06580202666116597,206.9216775378216,337.0,0.09684655648093236
abu_dhabi,LEC,0.5438659608367169,0.17101814257079714,1.0,5.420928200647582,0.07169656164876394,209.94439538731044,332.0,0.06848435010536054
abu_dhabi,NOR,0.4987137271043425,0.1581858407079646,1.0,5.326919119160321,0.07200555669890923,209.85726424188454,331.0,0.0391541469438156
abu_dhabi,OCO,0.5113726089503579,0.22671353251318102,1.0,5.391941112045032,0.0699931229464354,207.68372747851188,343.0,0.181554214105601
abu_dhabi,PIA,0.5124990345750843,0.15711968694488068,1.0,5.434775892696239,0.06909867929871534,210.4957796098626,326.0,0.02123934814509693
abu_dhabi,RUS,0.5247410817031071,0.16550313259174018,1.0,5.469735327963176,0.07428717555299834,209.22015384416372,337.0,0.0667178110216085
abu_dhabi,SAI,0.4956035578144854,0.19880559085133417,1.0,5.4641423125794155,0.06998729351969504,207.3051128828396,343.0,0.11822109275730623
abu_dhabi,STR,0.530766490228013,0.16996640879478828,1.0,5.342401262214984,0.0769035016286645,208.0462575846118,345.0,0.15938008957654723
abu_dhabi,TSU,0.510976725276959,0.1839871938205102,1.0,5.223549141172883,0.0713233052139445,206.9737735053725,339.0,0.1162719788596402
abu_dhabi,VER,0.5326331002090376,0.15344912126764562,1.0,5.42372706392423,0.06983406023381249,210.9226540108403,335.0,0.023381248548349633
australian,ALB,0.31594892880328934,0.25033542523263363,1.0,4.4166847002813245,0.055637307942003895,174.75565357199574,329.0,0.5800692490802857
australian,ALO,0.38503871261575834,0.23075755275542736,1.0,4.65321846060422,0.05727189919538485,174.94181677936007,328.0,0.485653560042508
australian,ANT,0.32743017969257415,0.1990041134444685,1.0,4.404048495345313,0.054232517861008876,175.14618497551785,332.0,0.6328642563325395
australian,BEA,0.3437749100545059,0.22351724583665467,1.0,4.4823448305577696,0.05220070232888812,174.5177581997296,313.0,0.5696619772928022
australian,BOR,0.3476970371548206,0.2211003339163619,1.0,4.434197275666508,0.04929241532835109,173.24436799315006,310.0,0.5187364180844861
australian,DOO,0.052204176334106726,0.4176334106728538,1.0,1.345707656612529,0.025522041763341066,53.39824482644645,260.0,1.0
australian,GAS,0.354761390628374,0.2311163895486936,1.0,4.387367739149211,0.05266681062405528,175.31282954380654,320.0,0.5563809112502699
australian,HAD,1.0,1.0,1.0,0.0,0.0,0.0,0.0,1.0
australian,HAM,0.33737413025627727,0.29882449544059814,1.0,4.530489649509486,0.05661437400060504,175.13222574982748,329.0,0.7057997320541077
australian,HUL,0.33833545959737926,0.21906285813133825,1.0,4.454883560014704,0.05343049278872143,175.16151816698127,316.0,0.5735723398274483
australian,LAW,0.33509124611649216,0.20805158864840875,1.0,4.324595984648722,0.046158264365715476,171.0328047417254,326.0,0.5727227632300342
australian,LEC,0.3514126980695648,0.2398884541386541,1.0,4.361054065154889,0.05622689638772996,175.23102882294853,333.0,0.5722778270174452
australian,NOR,0.34873585151134046,0.18448328201569886,1.0,4.134155861052084,0.05596513291990112,175.44383354827607,322.0,0.5653324081703457
australian,OCO,0.33265750706382247,0.2756077044194724,1.0,4.575092207147941,0.05032029851390117,175.1304563357938,307.0,0.5665509134439101
australian,PIA,0.3276484447614724,0.18987095519097336,1.0,5.391219765255172,0.0664029570066792,175.17308557812925,332.0,0.6405118561269265
australian,RUS,0.33792446292446293,0.1913331600831601,1.0,4.517628205128205,0.053924116424116424,175.1760689370506,308.0,0.5573241510741511
australian,SAI,0.12529002320185614,0.2842227378190255,1.0,3.7180974477958237,0.048723897911832945,142.93415584506855,304.0,1.0
australian,STR,0.3364184849598858,0.22738576649438835,1.0,4.596565966740912,0.0520511212507839,174.77995794837693,326.0,0.5699457215146077
australian,TSU,0.33749838145798267,0.23317795329966767,1.0,4.277008071129527,0.052160214079157496,174.66412701420046,327.0,0.5716690405282921
australian,VER,0.3567046070460705,0.2328888888888889,1.0,4.164661246612466,0.06161517615176152,175.14903552455982,326.0,0.588769647696477
austrian,ALB,0.3990511915269197,0.2161297440423654,1.0,5.0057369814651365,0.07402912621359223,192.95612362936487,321.0,0.43788614298323036
austrian,ALO,0.517532330985175,0.2077594364420145,1.0,5.583272000841132,0.0752286825780675,211.63080030420528,323.0,0.36923036484071076
austrian,ANT,0.5220030349013657,0.7116843702579666,1.0,1.4339908952959028,0.03186646433990895,56.65759194946845,312.0,1.0
austrian,BEA,0.5527266066568977,0.204286162863722,1.0,5.494766589909985,0.07012769520619636,211.01085414071042,325.0,0.18102365501360687
austrian,BOR,0.5605813708999159,0.2104184188393608,1.0,5.500473086627418,0.06854499579478554,211.96742406809489,325.0,0.17278174936921784
austrian,COL,0.5233186314168646,0.19852806848135293,1.0,5.231829214186915,0.059608006889892214,210.5041630530487,321.0,0.1620429574340371
austrian,GAS,0.5330059298346438,0.20493195057600377,1.0,5.391264596013689,0.06619471800632168,210.59319263162135,323.0,0.1654345497766516
austrian,HAD,0.5226339600930987,0.18481131828761213,1.0,5.331337116556395,0.06862104134522347,210.6268177800767,327.0,0.20275111796856612
austrian,HAM,0.5400162104217324,0.2084869401521688,1.0,5.726592935393626,0.07075064710957722,214.18606252232155,320.0,0.08424190132559417
austrian,HUL,0.5496311464650442,0.1837704444619464,1.0,5.477120579664487,0.07188049670525846,212.0638647591799,329.0,0.16360820141240712
austrian,LAW,0.5422537038478503,0.1883448794789964,1.0,5.272956072753691,0.0612334916063413,211.8669512518767,321.0,0.12651462079344075
austrian,LEC,0.5577295824820577,0.19524333385719525,1.0,5.566687621143067,0.07768872125307769,214.25368168042704,324.0,0.09691445335009692
austrian,NOR,0.5520704614171158,0.18635467332719863,1.0,5.328355462074406,0.07550939923754436,215.16403140028766,324.0,0.08749835677665309
austrian,OCO,0.5466950064289275,0.23044425201395996,1.0,5.529848592196069,0.07494292686766905,211.5738326236113,324.0,0.1748930698785064
austrian,PIA,0.5403253357159751,0.18731768848711008,1.0,5.435156229469424,0.08346253909021628,214.97173622264174,330.0,0.19538538354400442
austrian,RUS,0.5241397221140112,0.1936371899753279,1.0,5.5019607843137255,0.08372938579405272,212.21880507498253,328.0,0.1141669912998312
austrian,STR,0.5381541836414917,0.19612451687036456,1.0,5.572547790661234,0.07296563250809568,210.40281482097598,322.0,0.16737177478324455
austrian,TSU,0.5050454617123036,0.2063646397224996,1.0,5.2265464865717135,0.06722026593787775,208.68798444898843,327.0,0.20431492090187628
austrian,VER,0.2291350531107739,0.18664643399089528,1.0,2.6980273141122915,0.028831562974203338,54.152045445143195,320.0,1.0
azerbaijan,ALB,0.4747319699617437,0.24635148538232654,1.0,4.873518159920653,0.07733906390213952,192.19395992886996,357.0,0.1977046238133472
azerbaijan,ALO,0.4927143899625715,0.22953791106612367,1.0,4.7460276358842775,0.0902285727737106,191.2685290899568,349.0,0.1609425390174431
azerbaijan,ANT,0.49074998811052456,0.2217387168878109,1.0,4.759285680315784,0.0751177058068198,193.00799861035358,348.0,0.1791506158748276
azerbaijan,BEA,0.49874982308817284,0.2442090861914422,1.0,4.836274001037883,0.07376043779780157,192.00913058850603,361.0,0.21175166297117518
azerbaijan,BOR,0.5070774747570067,0.24709823534962724,1.0,4.85573747286968,0.07490327451165424,192.3981273407617,357.0,0.16046994432386524
azerbaijan,COL,0.48327412317302876,0.22383824896878948,1.0,4.664481056722539,0.060632793686368945,190.29327813036025,344.0,0.14625306978851244
azerbaijan,GAS,0.5014431219139852,0.22376738305941846,1.0,4.720630680056294,0.06795792285857405,190.29147657757466,353.0,0.19526274360136442
azerbaijan,HAD,0.5123663180858884,0.2079153920940931,1.0,4.819520523582557,0.06717886699390577,192.8061918796395,337.0,0.14085508999075194
azerbaijan,HAM,0.4901188583900738,0.25441863775473894,1.0,4.987876918697065,0.07399587198405731,193.50491160272688,352.0,0.16775402718796706
azerbaijan,HUL,0.5068248140826509,0.22959615927704038,1.0,4.856208227431046,0.07166054786783395,192.1702446316333,350.0,0.22881954250211806
azerbaijan,LAW,0.49279627827490446,0.2274097457928841,1.0,4.8109230732714625,0.06173601386152714,193.16834901317793,342.0,0.14331489876812797
azerbaijan,LEC,0.5113746886490333,0.2462815798837623,1.0,4.927576799905112,0.07161665282884593,193.34156665304545,346.0,0.19219546910212312
azerbaijan,NOR,0.4984455466691981,0.2173624130811401,1.0,4.764221468068444,0.06822982177183948,193.6319143956441,354.0,0.2022213256757719
azerbaijan,OCO,0.47986814221803625,0.2551683541323287,1.0,4.9254768071579935,0.07216858959265364,191.82537458111864,350.0,0.17833765010595715
azerbaijan,PIA,0.5964912280701754,0.6274509803921569,1.0,1.411764705882353,0.03611971104231166,58.730285992485875,317.0,1.0
azerbaijan,RUS,0.5056423197790687,0.21586039424816683,1.0,4.92467384058661,0.07830206646986002,193.4947426209667,350.0,0.17138843919626703
azerbaijan,SAI,0.4892118847681804,0.24506981944477485,1.0,5.071912838689726,0.07295953564716798,193.8748212983707,328.0,0.13416751909032518
azerbaijan,STR,0.5043410925474,0.226041862211376,1.0,4.794302609348602,0.0827388774169326,190.73543416638492,346.0,0.16531349727801764
azerbaijan,TSU,0.49265456271508246,0.22368577192357897,1.0,4.765966536133855,0.06619200189865908,193.46952582474086,346.0,0.1679126616826866
azerbaijan,VER,0.5126626089032104,0.22024107888769542,1.0,4.783243823845328,0.06647571309225445,194.500493062948,329.0,0.1345267931734097
bahrain,ALB,0.39087424544974636,0.23367531960797816,1.0,5.0595377447267555,0.06699717689182676,189.50310181010224,338.0,0.22979641488214098
bahrain,ALO,0.434803528468324,0.21280788177339902,1.0,5.012235078474052,0.07604536602130828,189.4512414742284,335.0,0.20730897009966778
bahrain,ANT,0.41079790652832615,0.22181158754935268,1.0,4.914195207051694,0.07042512166008631,189.2682908981456,341.0,0.2957946928656689
bahrain,BEA,0.4460973370064279,0.22665289256198348,1.0,4.954706152433425,0.06827364554637282,190.12150167512334,337.0,0.23604224058769513
bahrain,BOR,0.4278390625715201,0.25378770540577655,1.0,4.960154712317481,0.07145145786606857,189.46825350716912,339.0,0.2462809539067149
bahrain,DOO,0.4369809589355357,0.2108281715989906,1.0,4.868800183528332,0.07286074787795366,189.3384504079273,328.0,0.20286763019041065
bahrain,GAS,0.46679085598638514,0.22331079527160663,1.0,4.8836300078193275,0.06439446207626144,190.42255906758268,332.0,0.16809254404121246
bahrain,HAD,0.4218864636830521,0.22819607483492296,1.0,4.843497798972854,0.06479273661041819,189.56066270748934,335.0,0.18323550990462215
bahrain,HAM,0.4374078850405306,0.2334653647752395,1.0,5.077975313190862,0.06761238025055269,190.75315161828289,337.0,0.19148397199705233
bahrain,HUL,0.4509817414441692,0.22024956418020003,1.0,5.042366272135058,0.06390494540783558,189.9617697515494,342.0,0.1886640976236352
bahrain,LAW,0.42132562195905626,0.23866244377122922,1.0,4.703685853300285,0.07022858716606996,189.69957534251964,339.0,0.21275130817956486
bahrain,LEC,0.468808376190586,0.21194160651276492,1.0,4.9910288046862386,0.06489702728258112,191.08084417377555,328.0,0.2939969096653675
bahrain,NOR,0.43293259801093753,0.21974294482774534,1.0,4.7232618778411055,0.07024021044373169,191.41835996043878,331.0,0.2828529893624386
bahrain,OCO,0.42932610593045156,0.2589232394689696,1.0,4.984886765584087,0.06624098488676558,190.09946452883858,328.0,0.1685653911525564
bahrain,PIA,0.4218515004974664,0.20178625141720077,1.0,4.849510631898008,0.07140378074457993,191.4524668318773,303.0,0.11804993174298341
bahrain,RUS,0.5483937967322071,0.36988830425551555,1.0,4.611718822117604,0.050909258746422964,181.09992236428016,321.0,0.3466491276654666
bahrain,SAI,0.4258694847181474,0.2300965619392144,1.0,4.958925570399066,0.06799213831999316,185.41184681288996,328.0,0.2173070897541801
bahrain,STR,0.42209962457650396,0.226536031498947,1.0,4.915369471660104,0.08286786924274334,189.30569079817437,335.0,0.20201904587491987
bahrain,TSU,0.41830875935878004,0.20986633595149512,1.0,4.703458729502549,0.06834780212208902,189.45555311560517,330.0,0.261839143815167
bahrain,VER,0.44351146794267177,0.22252639812280015,1.0,4.74788930042099,0.07108514113506177,189.8348133357896,335.0,0.25588350318617864
belgian,ALB,0.5001287995878413,0.1905976300875837,1.0,5.4527820710973725,0.058887171561051006,212.49147392396236,328.0,0.32511591962905717
belgian,ALO,0.5130456982384478,0.18659688537145774,1.0,5.424049017104927,0.05721215215726321,210.3039591630243,343.0,0.4318611182027062
belgian,ANT,0.508133091596231,0.18000051071218814,1.0,5.310078905033069,0.0560251270396568,211.22936753454545,356.0,0.4359439238017415
belgian,BEA,0.5250076789188083,0.18091532712194122,1.0,5.34585850312276,0.055390601003378725,211.43225706811862,346.0,0.4544640114671854
belgian,BOR,0.5203646635850026,0.18433487416538263,1.0,5.414637904468413,0.051284026707755524,212.58333594229865,336.0,0.3479969183359014
belgian,COL,0.4809952328753155,0.17301858413847604,1.0,5.216814948887246,0.05279526856501899,210.1465691724078,348.0,0.3324240956484054
belgian,GAS,0.5075257256949778,0.18832232631956178,1.0,5.335432345261864,0.051169815184559465,211.2470926139327,347.0,0.330056826908309
belgian,HAD,0.5221747572815534,0.15722977346278316,1.0,5.291961165048543,0.046161812297734625,209.34888675757438,334.0,0.3442588996763754
belgian,HAM,0.5172822335548344,0.19947973007778294,1.0,5.556096430227167,0.05179518879101633,212.66464396194738,345.0,0.37624272394787
belgian,HUL,0.5267333828158992,0.1662870159453303,1.0,5.435514831972562,0.050216272939008474,211.954870180596,344.0,0.3660771416139848
belgian,LAW,0.5064898347341096,0.16392937003624025,1.0,5.303133112293418,0.052715449662014545,212.33015548625596,326.0,0.3222556352327345
belgian,LEC,0.5364447317388494,0.17872010342598577,1.0,5.523413057530704,0.048972204266321914,214.00786970116926,333.0,0.32687782805429866
belgian,NOR,0.5189095247976758,0.1540516704710521,1.0,5.325223075326831,0.058596181780452374,214.7246306964774,326.0,0.3275575845611123
belgian,OCO,0.492951271835734,0.2233629584227194,1.0,5.503626519562775,0.05079681274900399,210.72232749628338,343.0,0.3240627234651139
belgian,PIA,0.513796236210253,0.145489941596366,1.0,5.386735885788449,0.05783257624918884,214.74034542563024,326.0,0.3254510058403634
belgian,RUS,0.49453354649063996,0.16368418338404414,1.0,5.468619462637306,0.05569594141612088,212.81293478127682,339.0,0.33904904337063585
belgian,SAI,0.5144883175186206,0.18717477808386898,1.0,5.525533108866442,0.0485154576063667,210.41882905753658,343.0,0.36526885011733495
belgian,STR,0.5162090300148284,0.17750677506775067,1.0,5.399652298409777,0.05762642532085698,210.7301697553457,349.0,0.35731451654139185
belgian,TSU,0.4948189842650633,0.16791608033772548,1.0,5.333606242804144,0.04914929000895484,211.47001588833197,341.0,0.42937188179608543
belgian,VER,0.5420845827732396,0.18250439458173923,1.0,5.291076414021301,0.05343294385275566,213.6915934538861,325.0,0.32775824630338124
british,ALB,0.3207606829885265,0.24130454422260367,1.0,4.69306170385762,0.05120155388924022,184.69091225389457,334.0,0.658641250338784
british,ALO,0.34514213461581883,0.2185418501207975,1.0,4.861319966583125,0.056966741177267494,185.06537784367558,336.0,0.6707986181670392
british,ANT,0.19720434879076992,0.23088528954958953,1.0,4.021699578433548,0.045617927668071885,161.1415965443146,312.0,0.8960284002662525
british,BEA,0.3560312161674486,0.2307831107903284,1.0,4.524427102129195,0.056432695777697585,184.28815590545787,346.0,0.7011909058101768
british,BOR,0.1451111642361941,0.2679894812335644,1.0,3.523069567296199,0.0401625627540043,132.349980958093,297.0,1.0
british,GAS,0.35117971433737116,0.2305866931838727,1.0,4.685635508949557,0.05044295787380221,184.8448634169501,335.0,0.6520746700415838
british,HAD,0.23285780027611597,0.23435342843994478,1.0,3.8086746433502072,0.042855499309710075,158.53982336200497,316.0,0.8652208927749655
british,HAM,0.33282674772036475,0.27843306265027445,1.0,4.916186544481241,0.04815587714920837,185.68292449628376,325.0,0.6554234904504831
british,HUL,0.361116156570702,0.20667968395241124,1.0,4.7392607392607395,0.04572700027245482,186.55343781412734,325.0,0.6452411225138498
british,LAW,0.060945273631840796,0.2736318407960199,1.0,1.914179104477612,0.022388059701492536,56.7639394974639,252.0,1.0
british,LEC,0.3367693727352524,0.219621435484234,1.0,4.645967905291351,0.05214827485314308,184.12470422585523,332.0,0.6650086651211992
british,NOR,0.3661839941531153,0.19459163164626347,1.0,4.551274438150923,0.05205097752603691,187.1498187073359,319.0,0.6449844692124977
british,OCO,0.331891112312962,0.27390932035334414,1.0,4.873287362538309,0.049351000540832884,184.2363606749062,335.0,0.6583738957995313
british,PIA,0.36293541985081096,0.1803043091452426,1.0,4.56114697629856,0.05228459976731984,187.1435045258833,319.0,0.6469648926705751
british,RUS,0.3386576424139876,0.20338409475465313,1.0,4.77843203609701,0.051212633953750704,184.44867363788995,332.0,0.6658544839255499
british,SAI,0.31818079376169117,0.25002817155349216,1.0,4.83009172657817,0.04910865204750851,184.28733578994982,325.0,0.6346036825854725
british,STR,0.35620988881858445,0.22493898580855104,1.0,4.811036789297659,0.04964747356051704,184.96258702630726,321.0,0.6362650275693754
british,TSU,0.30009539817380637,0.2212556216780993,1.0,4.625244173897243,0.05042474901194748,182.3686577882159,323.0,0.6395538999682006
british,VER,0.3563545906829489,0.24782903663500677,1.0,4.423224785165083,0.05845771144278607,185.20023916711207,332.0,0.6487562189054726
canadian,ALB,0.4767974436357181,0.23248712941594177,1.0,4.962151606603941,0.0807030001775253,192.628881653186,340.0,0.2651162790697674
canadian,ALO,0.5186328662051666,0.21204081140403772,1.0,5.106949033985384,0.08022383559661352,196.36355024440186,334.0,0.325574664126004
canadian,ANT,0.5096290926664251,0.19833272924972817,1.0,4.869227981152592,0.07466473359913012,196.0962712040395,335.0,0.1376585719463574
canadian,BEA,0.5123535804854487,0.22736384494626252,1.0,4.991039729501268,0.07557058326289096,194.50607888512283,343.0,0.37879483154208426
canadian,BOR,0.5076744859542427,0.21312385365382758,1.0,5.032073559223863,0.07387296071049329,194.05848837655884,344.0,0.2676175306496766
canadian,COL,0.48839005551532705,0.19196234612599566,1.0,4.816702872314748,0.07559739319333816,194.19069672390535,332.0,0.2920588945208786
canadian,GAS,0.4958129208195574,0.1964669256944277,1.0,4.947076284480054,0.07683953954195526,194.39883856426945,345.0,0.3740618288003475
canadian,HAD,0.4561555909463829,0.21236909415568747,1.0,4.879542493122919,0.07637179672795714,193.7856883224627,341.0,0.4133970368225472
canadian,HAM,0.5119280218057264,0.2230745109390453,1.0,5.183829027667222,0.07549991557517427,196.95594520101815,337.0,0.1400969679426876
canadian,HUL,0.5117489697057335,0.20328730147253754,1.0,5.015737594293014,0.07716964307232545,196.91191402142138,342.0,0.23693153061962258
canadian,LAW,0.498978469275499,0.2095866729530096,1.0,4.870281313845671,0.08577714914348578,197.42086133895828,340.0,0.13858242967153858
canadian,LEC,0.5199265735954784,0.2124051978165306,1.0,5.040770977247476,0.0746340756485194,197.50849077904766,336.0,0.13339935268827594
canadian,NOR,0.5467064022197102,0.21531702805467065,1.0,4.856027129791388,0.08454937827561401,197.9558821522711,338.0,0.17038331106772173
canadian,OCO,0.5053155504010824,0.21878322219000676,1.0,5.0414371315357105,0.07552913888083503,194.5699975856105,336.0,0.2156180535420895
canadian,PIA,0.5036358804628802,0.20527625443915637,1.0,4.965839634720846,0.07996521150919238,197.2812061980692,339.0,0.19058778054260384
canadian,RUS,0.5246852420192842,0.19429206640728836,1.0,5.053792803460525,0.07684686208646481,196.97862601018403,330.0,0.12404243493390686
canadian,SAI,0.47234906139015725,0.22710251020753303,1.0,5.132347611799666,0.07325263946268512,194.11346247999336,334.0,0.27957768597038
canadian,STR,0.4983833606794711,0.2044686806292829,1.0,4.98199980696844,0.0845960814593186,193.71487656720157,340.0,0.29372164848952803
canadian,TSU,0.4628440366972477,0.20750845002414292,1.0,4.894133268952197,0.0714389183969097,194.28947794631108,341.0,0.286286817962337
canadian,VER,0.5064762457106955,0.19564061669324828,1.0,5.00476052389928,0.07186699531197138,197.20247287466137,338.0,0.1681890677105988
chinese,ALB,0.4380405552729123,0.21023814715216707,1.0,5.216440148266589,0.06701068391598226,195.99703266702298,339.0,0.06756789495360613
chinese,ALO,0.33303437967115096,0.15635276532137518,1.0,4.523467862481316,0.06487294469357249,172.65692834558672,336.0,0.35994020926756354
chinese,ANT,0.45558544802346157,0.20482803751908674,1.0,4.948374900021814,0.07610460747958021,196.80080893999968,344.0,0.052982379602026224
chinese,BEA,0.4619275825346113,0.20391615838900184,1.0,5.1782360344660665,0.06849646626004453,196.83195023231238,345.0,0.08284925936683125
chinese,BOR,0.46501172791243156,0.20665559030492572,1.0,4.969996090695856,0.06369722439405785,195.09023851968982,337.0,0.03581899921813917
chinese,DOO,0.4779062190795666,0.21948982793155875,1.0,4.999372541448464,0.06933416994473539,196.01318366264312,346.0,0.09875232280329174
chinese,GAS,0.49627677578453655,0.19447802330641653,1.0,4.9382283255161745,0.0668246216333833,196.66301548323878,337.0,0.09254871621294908
chinese,HAD,0.45080958471079363,0.21029897927173571,1.0,4.980840230689414,0.06358437296397287,195.45964368592948,344.0,0.13211553775246737
chinese,HAM,0.4696408557087861,0.23295648360216364,1.0,5.24150869840651,0.0658349982944301,197.65631625247303,351.0,0.03291749914721505
chinese,HUL,0.4540487804878049,0.20478048780487804,1.0,5.101,0.06302439024390244,195.26411448804032,333.0,0.03402439024390244
chinese,LAW,0.43870905494717544,0.19520960972550533,1.0,4.867818032707801,0.07289304838631869,195.44358849566353,337.0,0.06191808577355396
chinese,LEC,0.47908541341653665,0.20578198127925118,1.0,5.095431942277691,0.06854524180967239,197.3074902244693,349.0,0.093725624024961
chinese,NOR,0.44485446858427624,0.17532197756543416,1.0,5.050270045700041,0.06637503360297173,197.94083383952304,341.0,0.03560693076565898
chinese,OCO,0.46020081490104775,0.24396100116414435,1.0,5.168461389212262,0.06412495149398525,197.19211649457785,346.0,0.09361660845944897
chinese,PIA,0.4580242379728241,0.19845758354755785,1.0,4.998408617945893,0.06811115191577917,198.61936196024135,339.0,0.025682458073203573
chinese,RUS,0.4747862203762521,0.21458587832885415,1.0,5.187393110188126,0.06963107744930369,197.9256208894278,346.0,0.05050085511849499
chinese,SAI,0.45053353290521947,0.21230264110858965,1.0,5.275988605089083,0.06421708270967119,195.445103497519,339.0,0.08290280527256047
chinese,STR,0.4793146778792712,0.20057029626407616,1.0,5.199555362234788,0.06746894785172297,196.43250644658613,339.0,0.07145618868106907
chinese,TSU,0.44876419831326475,0.21423000048749574,1.0,4.886023497294398,0.06274070101886609,194.25315056091273,339.0,0.06632379466679666
chinese,VER,0.4695401737772137,0.20672654495753198,1.0,4.997193205115689,0.0648979791076833,198.1886187928982,342.0,0.044005662403592695
dutch,ALB,0.35535395126807084,0.22890884821610372,1.0,4.713875251691138,0.05993077079704079,185.19586209431554,332.0,0.3321418067464537
dutch,ALO,0.3951895472116102,0.22345547844564506,1.0,4.7685421705811875,0.07326446187580532,185.03372980988013,338.0,0.42792232746343556
dutch,ANT,0.3748953785599566,0.217001832289004,1.0,4.630646730155858,0.061913271653810484,185.0789059199848,336.0,0.39457551971407245
dutch,BEA,0.3903751780908659,0.22705171984893371,1.0,4.6730817069585475,0.060245595784617474,185.12881999540056,336.0,0.41434677401117165
dutch,BOR,0.37964655697745275,0.23779538221951385,1.0,4.835533888550342,0.05734985442480872,184.56299326601683,337.0,0.3701898119935902
dutch,COL,0.3568475043495944,0.2225184716542016,1.0,4.620331247034367,0.057007930948776465,184.66872066860196,338.0,0.4237747700928667
dutch,GAS,0.3871215197870132,0.2194621181354632,1.0,4.5795767339019,0.061346509634041785,184.3819578049228,335.0,0.41144352691665537
dutch,HAD,0.3895918690721416,0.21051678475224664,1.0,4.613531928379021,0.05099938882223782,185.23067384214306,326.0,0.29990719152500167
dutch,HAM,0.42857142857142855,0.2670206575501891,1.0,4.960648821646785,0.058335757928425956,183.93520454592135,329.0,0.2679662496363107
dutch,HUL,0.3903777120538234,0.2135100354457815,1.0,4.769850766486804,0.05298805680355812,184.82753759691292,342.0,0.37443839884406116
dutch,LAW,0.3921400338791643,0.2282326369282891,1.0,4.557470355731225,0.05445511010728402,184.35834813124225,334.0,0.3193224167137211
dutch,LEC,0.4504969918911849,0.23927543813758828,1.0,4.90740256343186,0.06058723515563694,193.32139588077297,331.0,0.261182317551661
dutch,NOR,0.41927771486095383,0.20873285516547124,1.0,4.579287781552787,0.06324399144331194,184.6507927002634,325.0,0.25602114005285015
dutch,OCO,0.38576432041577224,0.26162015591458593,1.0,4.7771325273980345,0.0621624675177946,184.61088690980043,340.0,0.3525251384024404
dutch,PIA,0.39667512230476537,0.18148668236999457,1.0,4.593880231926073,0.06051820982061968,185.76721377757985,304.0,0.2867140786374343
dutch,RUS,0.38840619060548465,0.19621685220381935,1.0,4.618110236220472,0.06369354692732374,185.2323401789006,335.0,0.3215901891573898
dutch,SAI,0.3400411048625697,0.2653973846466563,1.0,4.868080493258351,0.05097454660433182,184.46878925993425,342.0,0.3684983174108454
dutch,STR,0.4054225176944124,0.19311218144404496,1.0,4.711598037220451,0.06451394070958551,185.29153321934385,339.0,0.34389344911019154
dutch,TSU,0.36131073446327683,0.21066666666666667,1.0,4.708632768361582,0.051141242937853104,184.65143742052175,336.0,0.40088135593220336
dutch,VER,0.40411656816792335,0.20768516631569414,1.0,4.653397640558839,0.04933994520299798,185.41263693546043,311.0,0.2875031134660236
emilia_romagna,ALB,0.45424860314926346,0.2084996250876811,1.0,5.17756331180611,0.0708221464334954,199.96940257295918,336.0,0.31531335413492007
emilia_romagna,ALO,0.4922010817075526,0.19386227544910178,1.0,5.190361213057756,0.07586440023179447,199.84026759377363,336.0,0.30732084218659456
emilia_romagna,ANT,0.5408507530172864,0.20934924002643387,1.0,5.1714027338179545,0.06966714201245174,202.66204749107868,337.0,0.16305519808006677
emilia_romagna,BEA,0.4994693936616661,0.21788625729583716,1.0,5.140152428729921,0.06381747141961314,200.62947547174622,347.0,0.31496309874101586
emilia_romagna,BOR,0.5135187237939178,0.21921538387392164,1.0,5.186755988240397,0.06622005879801436,200.0542641482502,340.0,0.26326569955178564
emilia_romagna,COL,0.4423754160837474,0.21344493222056057,1.0,4.912393265473491,0.06908196246803995,199.7631148419234,345.0,0.33549616479328476
emilia_romagna,GAS,0.4934369269375543,0.20277965447350643,1.0,5.033684007335199,0.06500337805231156,200.0289591832005,333.0,0.3103223627063025
emilia_romagna,HAD,0.4682018073744745,0.2068573913883922,1.0,5.025854153578504,0.06248489827477891,200.15212606497235,349.0,0.3176678103706567
emilia_romagna,HAM,0.4654112407416372,0.26100111342402094,1.0,5.310258023914412,0.07092026915815462,200.79637959771037,347.0,0.3781526843200852
emilia_romagna,HUL,0.5039577199671799,0.19769293884840003,1.0,5.185916308702158,0.06597808774554756,200.45756576475773,335.0,0.3079540518364786
emilia_romagna,LAW,0.5020746887966805,0.2132587088680884,1.0,4.967239216443115,0.06749975875711667,199.86584865248523,338.0,0.29858631670365726
emilia_romagna,LEC,0.5036385175156541,0.21357251650025386,1.0,5.194231559606411,0.06817687305079419,200.44604376568924,342.0,0.3147498972511665
emilia_romagna,NOR,0.48376851649816954,0.1772492544912357,1.0,4.928964530753752,0.07089000412151186,200.8406239833949,331.0,0.2924091449075084
emilia_romagna,OCO,0.5626727091853653,0.23350281861390515,1.0,5.175583066209794,0.06593345860506244,199.7416680988553,310.0,0.04034486570133746
emilia_romagna,PIA,0.45974868653608697,0.18550710602135437,1.0,4.981672033508461,0.07200445488221195,200.61250512538075,336.0,0.2763237537224899
emilia_romagna,RUS,0.4671162352258719,0.1851690716167549,1.0,5.179948275445339,0.07463804896913447,200.1827516482028,344.0,0.28581442003238827
emilia_romagna,SAI,0.4597148380860319,0.21696471725471242,1.0,5.235983566940551,0.06549057515708072,200.10097809593734,335.0,0.35679072015466406
emilia_romagna,STR,0.48299401775376305,0.19461597838672326,1.0,5.1219123890389815,0.07844461597838673,199.76248011183097,349.0,0.33346198379004244
emilia_romagna,TSU,0.45423810673750303,0.20053127263945908,1.0,4.961989857522338,0.06394590678580053,199.76715061291355,340.0,0.329847862835064
emilia_romagna,VER,0.4919298075289435,0.2014271498264605,1.0,4.990704109123565,0.06698866532365719,201.16313199731823,311.0,0.24518822358680614
hungarian,ALB,0.4046724014667558,0.24397500057655497,1.0,4.919628237356149,0.0725536772675907,186.86131431730732,323.0,0.08862802979636078
hungarian,ALO,0.43909276834340605,0.22687685272422273,1.0,4.852862099869017,0.07999172737091252,189.07589255580172,298.0,0.015373302387572672
hungarian,ANT,0.43174706195962076,0.23279478917966667,1.0,4.721355555040449,0.07651653879140492,187.72672631336712,326.0,0.12860156231890776
hungarian,BEA,0.4160120945213133,0.24330364478916752,1.0,4.744831892726855,0.0691819765339994,185.35093996158713,320.0,0.06790022019916521
hungarian,BOR,0.448909800321322,0.2525591002983704,1.0,4.854716548083544,0.06892357126463163,189.20290113328133,315.0,0.05359192104659169
hungarian,COL,0.4146672806815565,0.2253511397651393,1.0,4.665415611328575,0.06094865300483537,186.67142336904635,321.0,0.0731752244991941
hungarian,GAS,0.43876376030583575,0.24667219381880154,1.0,4.6760858550964945,0.07100087513242136,186.49332564514413,322.0,0.13290497904288148
hungarian,HAD,0.44224529526281636,0.24355705942338,1.0,4.678826365069065,0.0620422731065171,187.3659026427629,318.0,0.16431816074904979
hungarian,HAM,0.406339790527389,0.2705301696172027,1.0,4.928491982574845,0.06960793400685884,188.1225498854935,323.0,0.16616461210492167
hungarian,HUL,0.45055528618595736,0.2365680773937337,1.0,4.7919927962873174,0.07344554501165985,187.8340359233032,331.0,0.11235021126272772
hungarian,LAW,0.44409524683428153,0.24075518443751148,1.0,4.604468709855019,0.05801523215268857,188.4128346923734,316.0,0.08877775738667645
hungarian,LEC,0.45294768890119014,0.2347771934680321,1.0,4.793200479749054,0.069955715471907,189.92499190215773,316.0,0.018659470430851553
hungarian,NOR,0.44712899781831683,0.22842686719584088,1.0,4.737362484333659,0.07271503504618669,191.28014669626612,318.0,0.05793065032725247
hungarian,OCO,0.41753812134334545,0.28827106463352836,1.0,4.941078914635832,0.0690790989081863,186.64832341358542,318.0,0.06516331137421108
hungarian,PIA,0.4437121440672066,0.22343412777610175,1.0,4.789329558376459,0.06996820681812907,191.10465819588458,329.0,0.050776264185096655
hungarian,RUS,0.45069152134696333,0.22558860261806743,1.0,4.913131967251029,0.07530413062583838,190.50733573190521,326.0,0.04685693140293261
hungarian,SAI,0.42932650140793055,0.27551585652956656,1.0,4.924110234039607,0.06972718460047085,186.90079062861673,330.0,0.1136500023080829
hungarian,STR,0.4383489353891336,0.21595080763582966,1.0,4.816010462555066,0.08016703377386197,188.99307146470755,320.0,0.05628212187958884
hungarian,TSU,0.41783724036291625,0.23308616957583014,1.0,4.577004559480495,0.0564868972504951,186.20642461576733,324.0,0.0596186616312808
hungarian,VER,0.4553041245385973,0.21867620423229475,1.0,4.66691886191164,0.06341564069055644,188.66315458296805,325.0,0.1093610289565995
italian,ALB,0.5454789775441949,0.12144648829431438,1.0,5.072563306258958,0.05094362159579551,197.59196844862146,363.0,0.07190635451505016
italian,ALO,0.6349053577157523,0.16361886429258904,1.0,5.984728905999359,0.06910490856592878,237.12564723230037,351.0,0.21142123837022778
italian,ANT,0.6765214797136038,0.15453460620525059,1.0,6.185023866348448,0.0625,245.3382105403851,358.0,0.097881861575179
italian,BEA,0.6772936802973978,0.15336802973977695,1.0,6.166661710037174,0.06289962825278811,245.1262202031322,363.0,0.10524907063197025
italian,BOR,0.6792750901666219,0.16152493367909626,1.0,6.226385287191869,0.060836388565978124,245.62752289553507,359.0,0.060478702792929745
italian,COL,0.6607977328228165,0.1425728843196961,1.0,6.183635322138141,0.05821700985860291,243.45276998955924,350.0,0.055955862401640084
italian,GAS,0.6854661157523299,0.14536900202068945,1.0,6.136773531984196,0.060530204783303676,243.58767504237184,345.0,0.05914286575986971
italian,HAD,0.6739415232537367,0.1549752873220985,1.0,6.109003751563152,0.06103733698564878,244.39805475993714,361.0,0.07863395462395045
italian,HAM,0.6715474907174512,0.15615642591927176,1.0,6.332435022158342,0.057581746316924184,246.83931334530703,365.0,0.052551203736974486
italian,LAW,0.6593126352934199,0.16083978293746107,1.0,6.125848827209916,0.06425881445897459,243.75746859440838,352.0,0.1655843193072977
italian,LEC,0.6969615084369183,0.1471206389239176,1.0,6.263436017534378,0.061700594487479735,247.34435976946048,355.0,0.03173602353930223
italian,NOR,0.6996421805935592,0.13594130558980064,1.0,6.238596385723306,0.06137053853324112,247.9468859392249,340.0,0.02745286706558018
italian,OCO,0.6729550256565047,0.1815876848777543,1.0,6.240537277392092,0.05774222758828856,243.6525027171242,350.0,0.15306368849984908
italian,PIA,0.6774358357877021,0.13271623489811865,1.0,6.302037626976017,0.06290196549858748,247.40662831726794,354.0,0.04589168720322173
italian,RUS,0.7007104529512276,0.14376929764081658,1.0,6.282652357684583,0.06454030396594622,246.75374862776633,350.0,0.08834197667795797
italian,SAI,0.6748742072825795,0.16908327626760353,1.0,6.30476077053622,0.06183940214964123,244.51907354532767,358.0,0.15380950963170273
italian,STR,0.6704134522661523,0.15365838958534234,1.0,6.160107280617165,0.06403688524590163,243.18366326856636,358.0,0.14416586306653809
italian,TSU,0.6759907451352634,0.14671333649738966,1.0,6.107083531086853,0.0606015662078785,243.82847740000793,356.0,0.0755813953488372
italian,VER,0.7040918012985052,0.13700739845991242,1.0,6.261482711762041,0.06036539332628718,248.72972155316035,352.0,0.03376113543711309
japanese,ALB,0.5164140737963905,0.17431585711990574,1.0,5.78233277994966,0.05906924436351952,221.01595215370156,336.0,0.06099716167728806
japanese,ALO,0.5645583133173205,0.16111555911395783,1.0,5.7042967707499335,0.06837469975980785,220.8914807045026,322.0,0.02602081665332266
japanese,ANT,0.5669651259713372,0.14473931865236214,1.0,5.648033126293996,0.06356376542711946,222.27944031474482,318.0,0.022209674383587428
japanese,BEA,0.5714171272931187,0.18187401532751207,1.0,5.7633047611418196,0.05487462949611471,221.20403428146957,333.0,0.0573046009239232
japanese,BOR,0.5505946060734763,0.17755892970906775,1.0,5.606312380547887,0.05739010405606286,219.45394086274092,343.0,0.11844340624336377
japanese,DOO,0.5519082144849016,0.1494701617401004,1.0,5.617746261918041,0.05635673120335697,219.6676462646661,333.0,0.049531245850264256
japanese,GAS,0.5903540578010025,0.1451690306068039,1.0,5.675082649034873,0.05204223099072198,220.37569201184263,325.0,0.04604351071771355
japanese,HAD,0.5464337388135684,0.14940249718664594,1.0,5.668586892449493,0.04876480360109319,221.62754421042771,334.0,0.030062697604629977
japanese,HAM,0.569534646556814,0.18901293543019698,1.0,5.8823197895979815,0.05104395899307606,222.4602736027719,333.0,0.045193494713112556
japanese,HUL,0.560188012852856,0.1727434474334121,1.0,5.656398544759274,0.05544785829991768,220.06910963956818,337.0,0.11171893671827283
japanese,LAW,0.5341581923904097,0.1615378488171415,1.0,5.551283753285718,0.04965085096779333,219.92049349988892,338.0,0.05541247378063351
japanese,LEC,0.5777508743610439,0.15509819747107884,1.0,5.744336830777509,0.054829163303739575,222.58867276943778,319.0,0.026096314231907454
japanese,NOR,0.5591139650334557,0.14126915605439241,1.0,5.568611051154759,0.060301100798618605,223.32695050109808,324.0,0.03032592272825383
japanese,OCO,0.549750451311458,0.21354996283317404,1.0,5.670144419666561,0.05580333439524265,220.07585545318355,338.0,0.06307741318891366
japanese,PIA,0.5357990719758282,0.14519261897054062,1.0,5.629977338944642,0.05837919499298586,223.37678027649494,335.0,0.08452034099492824
japanese,RUS,0.545092659834853,0.16052072406466017,1.0,5.784851663573523,0.059280776782592325,222.37548713336415,330.0,0.07864654778235025
japanese,SAI,0.531318988217145,0.19879245684496102,1.0,5.799345692475463,0.05585552038726494,219.89417034442147,341.0,0.14275075138973856
japanese,STR,0.545107013056939,0.1446762686768071,1.0,5.75627944541661,0.062296405976578276,218.66937462493865,334.0,0.04646655000673038
japanese,TSU,0.5288169059181387,0.16113453225892524,1.0,5.646726079299856,0.05197715993382784,220.6786268579756,333.0,0.11534767063343829
japanese,VER,0.5679818643061478,0.15350569439196848,1.0,5.66162897392994,0.05510876018783397,223.56115931012965,333.0,0.03019916878069844
las_vegas,ALB,0.5045141715385185,0.20598682749944497,1.0,5.581995115814401,0.06168134389106786,216.50179748769307,360.0,0.16709834973729001
las_vegas,ALO,0.5609002530296977,0.1818884005859635,1.0,5.734665068584365,0.06735916899720336,222.77488554521736,354.0,0.14998002397123453
las_vegas,ANT,0.5694871380035593,0.17715580003235723,1.0,5.644528932750903,0.06754570457854717,225.9927080986575,357.0,0.0946718438224667
las_vegas,BEA,0.5564994390126623,0.20433295934177487,1.0,5.664716567826041,0.06339156916172463,223.77031055326862,364.0,0.09630282630763477
las_vegas,BOR,0.19482288828337874,0.32107175295186197,1.0,4.037238873751136,0.059491371480472295,153.15075564079567,337.0,0.8283378746594006
las_vegas,COL,0.5387943856992184,0.17148497714795685,1.0,5.575736268491224,0.05941531222111042,221.8232131665429,344.0,0.08756794764312952
las_vegas,GAS,0.5873497180551123,0.17682732205553783,1.0,5.629774444089797,0.06200127673156719,222.41444599180141,348.0,0.08607298648792425
las_vegas,HAD,0.5565908541661072,0.17459251899787867,1.0,5.6378185333369135,0.06076635965736688,224.61964545892263,352.0,0.10625385999301845
las_vegas,HAM,0.5268371034667381,0.21702583322179092,1.0,5.72750635791728,0.06218712354437157,224.51568179850256,364.0,0.1259269174140008
las_vegas,HUL,0.5855660149650012,0.18381741625767695,1.0,5.711105747311396,0.06449969158151635,225.01272694486448,359.0,0.11368573497465605
las_vegas,LAW,0.5519174520636984,0.19020149496262592,1.0,5.559798505037374,0.059663091756039434,221.77489528218712,356.0,0.09944751381215469
las_vegas,LEC,0.6137416505063564,0.1910956690368455,1.0,5.721557853910795,0.06359082094376212,225.83485276309278,355.0,0.12912087912087913
las_vegas,NOR,0.5326964078482174,0.16514182387391035,1.0,5.683210536258873,0.062127223166815106,225.93391346635616,357.0,0.07926483685531537
las_vegas,OCO,0.5687980087252095,0.20651446618312233,1.0,5.739742526028424,0.06281615501967187,224.10216704814565,363.0,0.09827904611514064
las_vegas,PIA,0.549428633031479,0.17386265631737818,1.0,5.722240189736955,0.06271561017680034,225.1942798595096,358.0,0.12265523932729624
las_vegas,RUS,0.552609575185435,0.175590020229265,1.0,5.761429534726905,0.0656237356709373,225.9115849397077,354.0,0.08790289952798382
las_vegas,SAI,0.5835867079241222,0.19545271088389615,1.0,5.890246199381139,0.06304318579308489,224.96579904637173,344.0,0.08435355845553612
las_vegas,STR,0.41472868217054265,0.5478036175710594,1.0,1.503875968992248,0.029715762273901807,58.9625067148365,248.0,1.0
las_vegas,TSU,0.5371016267738757,0.18155435448228122,1.0,5.5552597246998054,0.06147661013339013,222.36016029810656,359.0,0.10524774355014777
las_vegas,VER,0.5866283639123011,0.1669421935553809,1.0,5.736767934090355,0.06300983766497736,226.908327567921,340.0,0.07612672430147159
mexico_city,ALB,0.33775646997341574,0.24714275976460431,1.0,4.670536911226739,0.06273431642089478,181.13635005840945,358.0,0.08818249982958806
mexico_city,ALO,0.3708057573934373,0.24982644513352154,1.0,4.5851344471698985,0.06585828666635812,179.2288612193942,353.0,0.19970379969454344
mexico_city,ANT,0.3578323034594741,0.22951152406296513,1.0,4.509359072662487,0.06136394389066799,182.33768751759843,356.0,0.18147580172297145
mexico_city,BEA,0.3636158396171039,0.24364473743622161,1.0,4.63667765385831,0.06134013636158396,182.71839786754074,350.0,0.09511446245541157
mexico_city,BOR,0.38056453060491835,0.2595808651947586,1.0,4.736088673487704,0.05405223478729133,181.95254180275307,354.0,0.14885119368156524
mexico_city,COL,0.35037682205875714,0.22733426598673226,1.0,4.584751116927659,0.04988943544383772,180.22197075532608,355.0,0.07222798862764565
mexico_city,GAS,0.37296626424461243,0.23035089698747602,1.0,4.571680018052578,0.05205912219338824,180.19702198996475,341.0,0.06201060588965362
mexico_city,HAD,0.39544546362728183,0.22954318408863864,1.0,4.614090454999546,0.05342384887839433,181.26618395819537,356.0,0.10164835164835165
mexico_city,HAM,0.34525927093418596,0.26055434219710444,1.0,5.02211064328012,0.04917479116474906,182.385501308796,354.0,0.09308085470470358
mexico_city,HUL,0.37663967865436515,0.23605096340927634,1.0,4.592606539885772,0.05341115922927258,179.52325317688226,351.0,0.16098663151948786
mexico_city,LAW,0.2925207756232687,0.29085872576177285,1.0,3.9734072022160665,0.05844875346260388,157.65685902118767,329.0,0.24736842105263157
mexico_city,LEC,0.3739144201194138,0.230866654604668,1.0,4.674687895784332,0.061764971955853086,183.11479871103768,331.0,0.04559435498462095
mexico_city,NOR,0.36039005318907125,0.21432468063826884,1.0,4.615402100286403,0.059303541392008004,184.17293803851265,345.0,0.051075146610901484
mexico_city,OCO,0.3433130596763696,0.26119352739188006,1.0,4.715802230850372,0.06299795767219517,182.0492709884707,354.0,0.16412684875552663
mexico_city,PIA,0.3515721992731541,0.22961106972754566,1.0,4.649714453398343,0.060969278345861265,182.82358873664893,363.0,0.2776912485045484
mexico_city,RUS,0.35317719721389446,0.23330252688050854,1.0,4.615805964429818,0.07071207988639182,182.42636239168345,355.0,0.21531456393841714
mexico_city,SAI,0.3621377231625319,0.2696035242290749,1.0,4.816577788082541,0.05937862276837468,180.79942017117548,355.0,0.13009506144215163
mexico_city,STR,0.37850477898608303,0.22846050809362725,1.0,4.592276431993098,0.060639771153540536,181.08982821046203,354.0,0.11483188412377687
mexico_city,TSU,0.3469406064956038,0.2155481787188229,1.0,4.567221424726359,0.0556029068724206,181.6154786576178,356.0,0.0970527543513368
mexico_city,VER,0.3870019447333906,0.22461670661661617,1.0,4.746257518882005,0.05194247207272398,183.11364221227868,353.0,0.10178191850210302
miami,ALB,0.45123938376456646,0.20669563499901245,1.0,5.3373987754295875,0.054290934228718155,203.38629031227907,346.0,0.17938968990716966
miami,ALO,0.4620995955636057,0.2044264694935861,1.0,5.180482842468303,0.06374215318958887,201.0666597234152,355.0,0.14673845619432796
miami,ANT,0.45596429804230976,0.1799644952906948,1.0,5.290078406233049,0.05784308890970955,203.15404607428107,334.0,0.10927560530598156
miami,BEA,0.47088484848484846,0.21027878787878787,1.0,5.0944,0.05958787878787879,192.2342308431796,344.0,0.3614545454545455
miami,BOR,0.4273618155248001,0.22255652024413308,1.0,4.924525058024585,0.058583340496862375,191.30193832673305,341.0,0.19324335940857904
miami,DOO,0.031724137931034485,0.05241379310344828,1.0,2.423448275862069,0.020689655172413793,97.81713486892099,240.0,1.0
miami,GAS,0.4944874558996472,0.18225695805566444,1.0,5.109123872990984,0.059216973735789886,201.99964193721829,341.0,0.16807134457075656
miami,HAD,0.4777982553139206,0.2010320678215997,1.0,5.171421550559037,0.05160339107998525,202.50177639865436,339.0,0.11374861776631036
miami,HAM,0.4724329917225069,0.23108001576665352,1.0,5.419146629877808,0.05434568387859677,203.33406758400193,344.0,0.21893476547102877
miami,HUL,0.470497397195447,0.18653017509776085,1.0,5.221400283942315,0.05853196841764428,202.31532740244063,345.0,0.15285561284216295
miami,LAW,0.4280463563740014,0.20860368300641338,1.0,4.872482466339122,0.05479503431721862,194.45084103313016,323.0,0.15759666954206203
miami,LEC,0.4737114545588996,0.21070275333382632,1.0,5.27757647464813,0.05713722300278538,203.25490788177797,344.0,0.19815622766151494
miami,NOR,0.48275089605734767,0.17771804062126642,1.0,5.13326363998407,0.05744723217841497,204.5778793973279,352.0,0.1609667463162087
miami,OCO,0.47169394616083044,0.2362150622070624,1.0,5.307648892051729,0.054967976245981695,202.4698482498174,341.0,0.2384481362420554
miami,PIA,0.46635609476595,0.17246705363593334,1.0,5.159238683640169,0.060387135347898656,205.12820816344453,341.0,0.14097805236541192
miami,RUS,0.4645887445887446,0.1787012987012987,1.0,5.360197897340755,0.05654916512059369,203.78851422008358,340.0,0.1259121830550402
miami,SAI,0.46250677440015764,0.21663299995073163,1.0,5.3666798048972755,0.060008868305660934,202.69105221204268,345.0,0.17827757796718727
miami,STR,0.48247049489239313,0.1911137558266389,1.0,5.112888029356342,0.06600218189031043,200.98962584807344,346.0,0.14177328176138054
miami,TSU,0.4736583206257071,0.1749471198780068,1.0,5.141915490186433,0.058586256087362884,202.4995660772243,344.0,0.11242559889812583
miami,VER,0.5038573759952525,0.18478314623411304,1.0,5.204688195440384,0.05860244300479699,203.35248893970387,336.0,0.11522674447356708
monaco,ALB,0.23786493529437747,0.29890464202111217,1.0,3.646636632657568,0.07150744225078398,148.46456541108665,288.0,0.08681153659290668
monaco,ALO,0.2903451594557942,0.295201014917538,1.0,3.5583358852093268,0.0788748414191347,142.67839148289718,283.0,0.13080187234787174
monaco,ANT,0.2317738834500895,0.2767894632162825,1.0,3.588384787076529,0.07084926299971271,146.78282252996775,289.0,0.12337848887317407
monaco,BEA,0.2728209626137485,0.3187808354347111,1.0,3.6928406972919636,0.07657055147461901,147.650037693856,292.0,0.14257208639403574
monaco,BOR,0.2952372618083966,0.3069417401387035,1.0,3.6668927344724236,0.07917477958388938,147.0699239926458,287.0,0.12929619987311033
monaco,COL,0.25741901547363344,0.29185113750931485,1.0,3.534651295314075,0.06573006619033007,147.50838256272556,288.0,0.116271424187963
monaco,GAS,0.2044365572315883,0.2906832298136646,1.0,3.0559006211180124,0.060692102928127774,124.88480234933967,293.0,0.552617568766637
monaco,HAD,0.28294370020138343,0.2797916119429122,1.0,3.5448078101742406,0.07208212941073461,148.86391932433867,286.0,0.06540583136327817
monaco,HAM,0.294969395142713,0.32561813036133475,1.0,3.8883964809898863,0.07970426274105438,151.39333592743876,290.0,0.07310063403611154
monaco,HUL,0.26507631084094985,0.29752481742248654,1.0,3.6581536712292824,0.07504263786242182,146.907443029218,290.0,0.13383915686360257
monaco,LAW,0.2918791167910366,0.30481213208744556,1.0,3.548898177123225,0.06516839179814868,148.88611898377866,288.0,0.0748845657264153
monaco,LEC,0.32498009378041226,0.29582854109528445,1.0,3.7270193753870653,0.0817482084402371,152.26635997130765,291.0,0.09930991772095904
monaco,NOR,0.28736446116397435,0.2720955963708785,1.0,3.580194733348086,0.07647709670281036,152.64740945319647,289.0,0.06926311130781146
monaco,OCO,0.2717384167560351,0.34588868704996606,1.0,3.7472806460790964,0.0740627257009039,149.0335307249083,289.0,0.09275349631218402
monaco,PIA,0.2944819197169081,0.2749087692137565,1.0,3.6107486453610527,0.07541744996129603,152.71319623122687,292.0,0.07718677430056398
monaco,RUS,0.26433569511068084,0.2982220657483607,1.0,3.577454561457554,0.07441799058222946,147.86761418762268,288.0,0.11541169739911103
monaco,SAI,0.2662399293676195,0.31786778501269175,1.0,3.7259463635360337,0.07111797814810727,148.04664506663806,287.0,0.08411875068976934
monaco,STR,0.2743417023882425,0.26651211617531273,1.0,3.67636252296387,0.08236374770361299,147.25342182196968,295.0,0.12564517540022746
monaco,TSU,0.22962217946475424,0.26239723631275147,1.0,3.5061876858492216,0.0637572153227217,147.13059082989537,289.0,0.13796571628476473
monaco,VER,0.30181938471716835,0.2836475906935715,1.0,3.641040908589701,0.07438526849707795,152.12212723853244,288.0,0.07608336089976844
qatar,ALB,0.4829643136233394,0.18622036988799168,1.0,5.4877832768950245,0.058921594165147174,214.08824251471415,338.0,0.18390205782755925
qatar,ALO,0.5534720952704291,0.16189182836697918,1.0,5.5128097986472016,0.06327857721135514,214.23048112564274,331.0,0.14342795957274557
qatar,ANT,0.516636926629579,0.16466358769812112,1.0,5.433426052272488,0.05741576571848431,215.32724983395283,331.0,0.15015219901333055
qatar,BEA,0.5139889487305029,0.1935021333146814,1.0,5.247219696439813,0.05571098831922781,205.95626953973982,334.0,0.2739036161432468
qatar,BOR,0.5313481658402347,0.18159869155481712,1.0,5.3818375347231235,0.05581660998468289,213.23583608912625,343.0,0.18954282302240452
qatar,COL,0.5239539114614918,0.163366467160598,1.0,5.311783162390909,0.05423576871358135,212.78295396501386,333.0,0.15390091491549557
qatar,GAS,0.543345897361554,0.18329423548327578,1.0,5.304304277919819,0.054824850417775906,212.45771407177386,333.0,0.15556551306043911
qatar,HAD,0.5158071211879292,0.1571132045345681,1.0,5.289983500984619,0.049842993240725955,210.95011662850877,329.0,0.20360317206876363
qatar,HAM,0.4856897761834204,0.2104291767397125,1.0,5.395539265382515,0.057344875094231716,213.59732202592267,338.0,0.19470222776781304
qatar,HUL,0.5624270711785297,0.2957992998833139,1.0,4.55853753403345,0.058148580318942045,172.7108095641918,336.0,0.4340723453908985
qatar,LAW,0.5395570858439628,0.16967942196833347,1.0,5.34841015207241,0.04684769282938154,214.17623560612827,334.0,0.19920703237081672
qatar,LEC,0.5306969459671104,0.19039415296267292,1.0,5.399112503262856,0.06014095536413469,214.627379018018,338.0,0.21803706604019837
qatar,NOR,0.5290115836200783,0.1484331906175304,1.0,5.36016915762654,0.05631583094744031,215.80427373572616,334.0,0.1672401565496047
qatar,OCO,0.5183876835473071,0.25537131257743917,1.0,5.436269211504495,0.05599346215696096,212.50740402638905,335.0,0.2333588168613081
qatar,PIA,0.5181106925528832,0.14074971681462553,1.0,5.397750322699613,0.05558336187139432,216.48333524970658,338.0,0.1477042227549327
qatar,RUS,0.5092929028885113,0.17351980133315906,1.0,5.349888903411319,0.06848777937524507,214.50555395412562,337.0,0.2113972029800026
qatar,SAI,0.5333368360216466,0.1771397047233752,1.0,5.586297483318447,0.05585036515525666,215.4587070887031,327.0,0.14122839279146746
qatar,STR,0.5436727282437448,0.15773451894576623,1.0,5.411412854815883,0.06227135571043285,211.73570021791292,336.0,0.19453122913829474
qatar,TSU,0.49415906127770537,0.17940026075619295,1.0,5.309830508474576,0.05434159061277705,214.1143105382243,345.0,0.19191655801825294
qatar,VER,0.5394295966018521,0.15982903727937103,1.0,5.350605492968894,0.05777906761997731,216.93316614755176,332.0,0.14803577553227976
saudi_arabian,ALB,0.4863891650767205,0.1729503130626394,1.0,5.774326176336227,0.059790933276005695,221.75066062153192,337.0,0.19525434659930668
saudi_arabian,ALO,0.5867238835993027,0.1437307228107818,1.0,5.674533994904117,0.06906262572079924,221.51561045615776,340.0,0.18945956819096152
saudi_arabian,ANT,0.5479107505070994,0.14001352265043948,1.0,5.725084516565246,0.06309668695064233,223.48530072451229,331.0,0.1382555780933063
saudi_arabian,BEA,0.5512610898174704,0.15816559007210057,1.0,5.7246776917097755,0.05644750596370849,222.16091894994898,338.0,0.1867645876330108
saudi_arabian,BOR,0.5355960714091921,0.17727494709425362,1.0,5.669515437625481,0.0601497639589777,220.37061349133882,335.0,0.13069075912963266
saudi_arabian,DOO,0.5215421346790384,0.16975961799338,1.0,5.53521623528135,0.061614846166368226,219.4616538508662,336.0,0.19444896630310923
saudi_arabian,GAS,0.4478723404255319,0.47127659574468084,1.0,0.8297872340425532,0.018085106382978722,27.085772970537974,257.0,1.0
saudi_arabian,HAD,0.5326741186586414,0.15332115219260534,1.0,5.612962166809974,0.057743981083404984,222.3234717379112,343.0,0.22041595012897677
saudi_arabian,HAM,0.5476235510281283,0.17376854278688966,1.0,5.839201275365451,0.059688183955254125,223.91446683070572,335.0,0.1239698451727958
saudi_arabian,HUL,0.5329867726307768,0.15987153666104187,1.0,5.729029448587448,0.0563660116487943,220.88071647392516,339.0,0.14242556202710793
saudi_arabian,LAW,0.5381991081502175,0.16026433138129265,1.0,5.566673830118734,0.06256379949497663,222.217574550244,336.0,0.18309783484661257
saudi_arabian,LEC,0.5879297214969539,0.15826261966927763,1.0,5.753562880765883,0.05730526544821584,225.08534937950924,340.0,0.12315056570931245
saudi_arabian,NOR,0.5808907499048344,0.15177551797270109,1.0,5.63230735765947,0.0656098754690304,224.45792648831087,334.0,0.15090543259557343
saudi_arabian,OCO,0.524597602968262,0.19453861142994422,1.0,5.739876678322612,0.058697915276406054,220.8533079210065,340.0,0.1933374262605771
saudi_arabian,PIA,0.5590943766346992,0.14333587619877944,1.0,5.751089799476897,0.06606909328683522,225.3357697839052,339.0,0.13529860505666957
saudi_arabian,RUS,0.5376093610336141,0.1412010076112571,1.0,5.849643814837888,0.06384246593894742,223.84563038874825,335.0,0.1202361927462824
saudi_arabian,SAI,0.5405666971342545,0.17261680735523416,1.0,5.820366686380988,0.05723425990644658,221.73792315350212,339.0,0.14527662777568687
saudi_arabian,STR,0.5780408163265306,0.15034013605442176,1.0,5.7305034013605445,0.06816326530612245,220.13287803658488,333.0,0.137578231292517
saudi_arabian,TSU,0.169424743892829,0.16312056737588654,1.0,3.6950354609929077,0.04491725768321513,129.3052904517005,284.0,1.0
saudi_arabian,VER,0.5891306123560324,0.154899665096523,1.0,5.646499850246412,0.058894001688131345,225.4909405429526,331.0,0.12222615514471642
singapore,ALB,0.3744274223595678,0.2535121748087755,1.0,4.466324763845968,0.08370044052863436,176.08138927622124,323.0,0.17943323032415018
singapore,ALO,0.39463626492942455,0.23939196525515744,1.0,4.619543973941368,0.08807817589576547,177.59924153697798,320.0,0.06588490770901194
singapore,ANT,0.4024166009981613,0.24017161369407233,1.0,4.371793187987041,0.08092548813589003,179.07092173965933,316.0,0.10231153138954557
singapore,BEA,0.403804901302247,0.2583042620961626,1.0,4.498320729778336,0.08101666269419948,177.8801064350988,314.0,0.1609715932482503
singapore,BOR,0.4224124751567039,0.2640487474610697,1.0,4.518706182977701,0.0729683097822526,176.79539534864435,313.0,0.07207285910848057
singapore,COL,0.3877475193425711,0.24548673340035843,1.0,4.337500546400315,0.06781920706386327,176.51719173137238,314.0,0.07157844122918215
singapore,GAS,0.41899770717327217,0.25518069658259634,1.0,4.370040397423299,0.07225679659351457,175.55071028359117,321.0,0.20266404629326346
singapore,HAD,0.4526301929027586,0.24361928588671627,1.0,4.465731779577325,0.06313779708999934,177.04006622782387,303.0,0.13386880856760375
singapore,HAM,0.4017634156405412,0.2580624144895433,1.0,4.7413729450344215,0.07060177644580537,178.326836882445,317.0,0.056225161248289794
singapore,HUL,0.42342539024124004,0.2513917694574828,1.0,4.57460975875996,0.07036349743477786,176.72560796064798,320.0,0.14738565658770877
singapore,LAW,0.4254190862276761,0.24880026295606442,1.0,4.388386107154596,0.06909170592746795,176.9751092955555,314.0,0.12834447244439576
singapore,LEC,0.41047596164347655,0.25600139795985233,1.0,4.660623402721653,0.07389528406981062,179.46987052508845,319.0,0.033223389615779475
singapore,NOR,0.4262439260350476,0.23554891053406918,1.0,4.403948901739188,0.07552604384248368,180.58272586897687,314.0,0.1383214968888107
singapore,OCO,0.3921949728112511,0.29796248171037976,1.0,4.651154156930401,0.0729619357515669,176.40535001833283,319.0,0.20851258981022472
singapore,PIA,0.4229729432709849,0.244389739982856,1.0,4.5538167351693515,0.06934523155372882,180.51971476763123,312.0,0.03576059959997362
singapore,RUS,0.4177524429967427,0.23408750770314288,1.0,4.642045954749538,0.08079496434545294,180.37991834487568,311.0,0.022603222114622765
singapore,SAI,0.41044005536392997,0.2675703583276578,1.0,4.703605246391458,0.07478524507326932,177.3117365893589,319.0,0.12463475185095678
singapore,STR,0.41590126920800546,0.246191279949144,1.0,4.611521515158158,0.079484425349087,176.82330313377716,317.0,0.09726210570157172
singapore,TSU,0.39621772229657093,0.25532568394725874,1.0,4.371514446808978,0.06991948399552445,176.96679487800822,316.0,0.17432702222417235
singapore,VER,0.4514689066760489,0.23100096754331956,1.0,4.485882663382883,0.06946521241973788,180.61542660719599,308.0,0.024232562230627145
spanish,ALB,0.3385085997922198,0.2061641463696179,1.0,5.03993997460464,0.06227634768555927,194.5612237150485,334.0,0.09350109661779984
spanish,ALO,0.44718685539512054,0.18849135784906465,1.0,5.185812172511084,0.062190293287810894,195.5162670150539,340.0,0.21881594233824123
spanish,ANT,0.4702275675038321,0.17807451951420822,1.0,5.1986499233580945,0.054710529418700624,198.9004657114106,334.0,0.02829854969932791
spanish,BEA,0.41420146372658156,0.19513985931171693,1.0,5.130882736079203,0.05348049548802729,196.06085836000526,341.0,0.18658961180455225
spanish,BOR,0.40302750337573734,0.1994646199038211,1.0,5.082012650131476,0.05699665979674508,195.8676855884254,342.0,0.19709568142515338
spanish,COL,0.3693938891913,0.17665017868553712,1.0,4.93245450027217,0.05433933685182117,195.63367163518282,338.0,0.20699121955837455
spanish,GAS,0.413873271178801,0.1689559461960003,1.0,5.005764714255213,0.055369724574763364,196.4035163465467,335.0,0.17899081915877874
spanish,HAD,0.4157292704921923,0.17670511177559448,1.0,4.945369974844558,0.05064312497033557,196.20362167766967,335.0,0.18596041577673358
spanish,HAM,0.4071059002230977,0.2049651113115299,1.0,5.153581430673565,0.05731713105805288,196.5996645209722,323.0,0.15609721365168272
spanish,HUL,0.4013581214236532,0.18474725170358763,1.0,5.072773464396799,0.058503692095828286,196.56492071318252,343.0,0.19324738229218605
spanish,LAW,0.4168443496801706,0.18900734423122484,1.0,4.911134802179578,0.05107794361525705,195.69574398356434,342.0,0.21772091921345652
spanish,LEC,0.408733458459053,0.19567128364733555,1.0,5.003896319878359,0.05492860706564349,196.6010517394811,337.0,0.1716518970801359
spanish,NOR,0.4097030551061197,0.17731036451889218,1.0,4.881555153707052,0.05762824783477682,197.1837050495842,344.0,0.17057675835157515
spanish,OCO,0.4081970704465321,0.23204524479992428,1.0,5.102203081000497,0.06043683002437351,195.41732244461852,345.0,0.2106060247521238
spanish,PIA,0.387264936919781,0.17264936919781004,1.0,4.977886217567246,0.05384432278029041,196.97919861997298,323.0,0.15774815520114258
spanish,RUS,0.41374887168036484,0.16741887975675804,1.0,5.057508670245618,0.05803126039241769,196.57244219606235,336.0,0.16756140434224903
spanish,SAI,0.3550052088265934,0.2006818827540487,1.0,5.211454683208637,0.05218297187233639,195.97704495280644,343.0,0.18870158158916564
spanish,TSU,0.38503066322543983,0.18457130679800157,1.0,4.872114223474534,0.05379679397627448,195.15999687126765,343.0,0.2092913124807615
spanish,VER,0.45280285035629453,0.19175771971496436,1.0,4.941543942992874,0.057244655581947745,196.34407820696035,342.0,0.17726840855106887
são_paulo,ALB,0.41749976197276967,0.2240788346186804,1.0,4.9896696182043225,0.06657621631914691,193.9464932534494,344.0,0.21627154146434352
são_paulo,ALO,0.4513112179334634,0.2113654752272619,1.0,4.97134834134501,0.07427062015134929,193.9560135500992,336.0,0.18290419304174005
são_paulo,ANT,0.44359712230215825,0.188705035971223,1.0,5.03841726618705,0.06366906474820144,195.4719367284175,335.0,0.1651798561151079
são_paulo,BEA,0.4394138598713934,0.22047187626993045,1.0,4.9543422656754235,0.06392082805440681,194.70674146427947,332.0,0.18901345827456792
são_paulo,BOR,0.25538971807628524,0.296849087893864,1.0,7.525704809286899,0.22553897180762852,129.6836882488127,320.0,1.0
são_paulo,COL,0.43336980826870924,0.18771111851182265,1.0,4.995813311765546,0.0616822874542081,194.19879092338584,331.0,0.1709881535753366
são_paulo,GAS,0.45536776957867175,0.20323732444656034,1.0,4.90526065222566,0.06191383004046656,194.1713014546104,338.0,0.3196143775291597
são_paulo,HAD,0.46212085138802916,0.20656159230512833,1.0,4.888291033760297,0.055306890148088185,193.8764639545216,341.0,0.20077615351649922
são_paulo,HAM,0.35323146184147874,0.2715466862906368,1.0,4.942253582096013,0.05424007618717804,184.28429701212792,343.0,0.3003766070732869
são_paulo,HUL,0.4538637337523211,0.21242203494738846,1.0,4.992382040660858,0.05930105223063372,194.31004083783324,346.0,0.24965481121744512
são_paulo,LAW,0.4400371419728102,0.22008999785719388,1.0,4.895550105949859,0.058308135520582845,193.8902793945137,336.0,0.18716221042356135
são_paulo,LEC,0.2735812133072407,0.3146771037181996,1.0,2.8998043052837574,0.049119373776908025,118.36168870622483,312.0,1.0
são_paulo,NOR,0.4351680561228167,0.18975085890012733,1.0,4.905701174831223,0.06210508613026452,195.67881240710634,328.0,0.14465559906782308
são_paulo,OCO,0.4334880399857194,0.24250862787099844,1.0,5.030727121266215,0.060192788289896465,193.6611983402651,342.0,0.17096275139831013
são_paulo,PIA,0.4397268479693303,0.19849047561998323,1.0,4.975512160057506,0.06256139930513957,195.41324163027122,337.0,0.16396310051515514
são_paulo,RUS,0.44722654846052473,0.20457649454893975,1.0,5.018569545944651,0.06754522582963939,195.51734769541878,335.0,0.16089613034623218
são_paulo,SAI,0.444039884819495,0.2431879298446015,1.0,5.077699245615287,0.06323028961709622,194.47795689474643,344.0,0.22548249684681468
são_paulo,STR,0.46234717663289093,0.18847818847818848,1.0,4.971623614480757,0.07326007326007326,193.61378804486742,339.0,0.19544740973312402
são_paulo,TSU,0.43004677001970515,0.20441110135087012,1.0,4.87001733102253,0.060183756321075,193.42779180778007,340.0,0.19232686783314737
são_paulo,VER,0.4573881348616373,0.20483430051316484,1.0,4.9379406263488566,0.06529662845906671,194.9880276248906,346.0,0.19855162821927005
united_states,ALB,0.4091596306375456,0.22585071988463237,1.0,5.0311911241364875,0.06354522829297793,191.0172848541882,337.0,0.11215779312911404
united_states,ALO,0.43103488453382427,0.20823526670239786,1.0,5.042970661571085,0.07261202898888448,191.80574155713623,330.0,0.0725654230652716
united_states,ANT,0.43636956167508556,0.2034032449544915,1.0,4.847715263390675,0.0664819944598338,190.15063952643504,336.0,0.10295863497753673
united_states,BEA,0.4267752169450406,0.23357749370159558,1.0,4.994284781188766,0.0622375664831576,191.7563027966789,335.0,0.07614071101987496
united_states,BOR,0.4416882810657864,0.23110115538788023,1.0,4.964277293091252,0.06394718226833294,190.80550701785103,336.0,0.15913699599151143
united_states,COL,0.4278638647137904,0.19764617090025707,1.0,4.886294488077549,0.05778438170711574,190.36934323193083,339.0,0.07903488289818156
united_states,GAS,0.45610520609931415,0.18948410360349743,1.0,4.912870307086799,0.059201998538804174,190.35720133300404,329.0,0.10810492328721925
united_states,HAD,0.45064278089757276,0.2046920685014155,1.0,4.816169304311505,0.06156309463034297,190.77799487644097,333.0,0.0983663619065299
united_states,HAM,0.4353562624721211,0.23901866416246037,1.0,5.132503815001761,0.06366944477051296,193.2713343327535,332.0,0.08794459443596667
united_states,HUL,0.4547705243489431,0.19964965549456967,1.0,4.993296741796099,0.06095994394487913,192.7381807253473,338.0,0.08209739577250963
united_states,LAW,0.4353648028690529,0.21173237698237116,1.0,4.913206492629421,0.06059476956754617,191.70515253156216,336.0,0.09457162152721175
united_states,LEC,0.47421297821278996,0.2240365159286622,1.0,5.008587831160886,0.0653145734318385,193.61588396450654,331.0,0.06891440402804574
united_states,NOR,0.45173754270232064,0.1922959123571681,1.0,4.93754270232065,0.06177406054894569,193.78336747283436,336.0,0.13499823300742136
united_states,OCO,0.44120518900822986,0.26698284279536894,1.0,5.013251499511787,0.06560654670572372,191.41397673838952,338.0,0.10675593992653555
united_states,PIA,0.4411454054688417,0.19469545827954465,1.0,4.9943668583499585,0.06079098697335993,193.3651683461636,333.0,0.06421781481046826
united_states,RUS,0.42667167014564816,0.19562821023993246,1.0,5.09939723714145,0.06482632455379131,192.8818979886658,326.0,0.068414757135821
united_states,SAI,0.3945265681182581,0.28865361566120656,1.0,4.6330403515781065,0.061725928885337594,174.39329858541026,341.0,0.33919296843787455
united_states,STR,0.44617247159620044,0.19971130564350903,1.0,4.870902402682064,0.07543304153473646,191.59684330582573,342.0,0.15198360961072827
united_states,TSU,0.440480643351412,0.1896858051243688,1.0,4.871867402281653,0.06138956424163082,192.52272753324138,335.0,0.06896390499345427
united_states,VER,0.44863385399462036,0.18493700155726486,1.0,4.974234344769005,0.062149025529706005,194.37075947941136,329.0,0.06028502666226228
