Race,Driver,AvgBrakeDistance,AvgEntrySpeed,AvgExitSpeed,AvgSpeedReduction,FullThrottleRatio,BrakeUsageRatio,GearChangeRate,DRSUsageRatio
abu_dhabi,ALB,94.48486034044603,252.74264705882356,120.91976226272436,131.82288479609915,0.4902199867906315,0.1787583193618858,0.0710257582685566,0.0853020372910633
abu_dhabi,ALO,87.70576071009403,242.58156028368796,126.97162084241874,115.60993944126923,0.5290490266027927,0.1709560697176638,0.0759606564060748,0.066914687595556
abu_dhabi,ANT,100.19409844950007,257.3530434782609,169.3603939025301,87.99264957573091,0.4917936991869919,0.2239329268292683,0.0684451219512195,0.1853404471544715
abu_dhabi,BEA,99.02579812917551,253.07798165137612,123.1258365437672,129.952145107609,0.5215853875702765,0.191457427052329,0.0715866595436159,0.1494314279172708
abu_dhabi,BOR,94.80368345390566,247.66743648960735,118.9605094869261,128.70692700268128,0.5164078188149768,0.1909204138176457,0.0711217305101548,0.1912508578836328
abu_dhabi,COL,86.1869421095374,243.1317073170732,126.59056811133712,116.5411392057361,0.5188531130157259,0.16667953568579,0.0621316243275937,0.0348750418243121
abu_dhabi,GAS,108.92927229734228,253.9835164835165,124.691723888666,129.2917925948505,0.5433012010928399,0.1801381514511057,0.0653641940306201,0.0495128614877055
abu_dhabi,HAD,95.76712321955442,248.6847290640394,122.42524008952552,126.25948897451386,0.5075339284792817,0.1810464936271221,0.0685793900614066,0.0804995097786263
abu_dhabi,HAM,93.43269565947529,243.8,125.30767440059368,118.49232559940634,0.5128433593849444,0.2026934141187851,0.0626766121025432,0.1578625798732211
abu_dhabi,HUL,92.45451688219768,253.73349633251837,120.76498578867984,132.96851054383845,0.5316346251652935,0.1736852812531787,0.069372393449293,0.1749567694029091
abu_dhabi,LAW,103.57299454860268,256.4232804232804,123.60266080183838,132.820619621442,0.5176752700925663,0.1807492973725601,0.0658020266611659,0.0968465564809323
abu_dhabi,LEC,81.37660470326448,242.03872437357631,122.17341054074566,119.86531383283062,0.5438659608367169,0.1710181425707971,0.0716965616487639,0.0684843501053605
abu_dhabi,NOR,93.09555000546057,259.0108695652174,125.4590947390018,133.55177482621556,0.4987137271043425,0.1581858407079646,0.0720055566989092,0.0391541469438156
abu_dhabi,OCO,79.26817710444313,231.8451816745656,142.11824254263922,89.7269391319262,0.5113726089503579,0.226713532513181,0.0699931229464354,0.181554214105601
abu_dhabi,PIA,97.2841437824826,265.05965909090907,124.72102077877534,140.33863831213364,0.5124990345750843,0.1571196869448806,0.0690986792987153,0.0212393481450969
abu_dhabi,RUS,101.18327765120628,263.792349726776,125.5171966459373,138.2751530808386,0.5247410817031071,0.1655031325917401,0.0742871755529983,0.0667178110216085
abu_dhabi,SAI,118.27179949520531,269.7135416666667,122.81871373527794,146.89482793138868,0.4956035578144854,0.1988055908513341,0.069987293519695,0.1182210927573062
abu_dhabi,STR,95.3628730679488,256.9341772151899,126.15363051905489,130.780546696135,0.530766490228013,0.1699664087947882,0.0769035016286645,0.1593800895765472
abu_dhabi,TSU,99.82966121976293,253.975845410628,124.6142118139834,129.3616335966446,0.510976725276959,0.1839871938205102,0.0713233052139445,0.1162719788596402
abu_dhabi,VER,92.89314416321564,263.29619565217394,129.21743695990247,134.07875869227144,0.5326331002090376,0.1534491212676456,0.0698340602338124,0.0233812485483496
australian,ALB,62.41931363764227,189.94523548740415,129.7138320943801,60.23140339302407,0.3159489288032893,0.2503354252326336,0.0556373079420038,0.5800692490802857
australian,ALO,73.86834382187513,205.9657894736842,128.2265822370825,77.73920723660184,0.3850387126157583,0.2307575527554273,0.0572718991953848,0.485653560042508
australian,ANT,68.62584809395932,204.5098335854765,126.8947912124626,77.61504237301395,0.3274301796925741,0.1990041134444685,0.0542325178610088,0.6328642563325395
australian,BEA,58.8718737471424,190.73606370876,129.64400584903842,61.092057859721656,0.3437749100545059,0.2235172458366546,0.0522007023288881,0.5696619772928022
australian,BOR,67.26918549343887,199.10996563573883,130.7700179702385,68.33994766550038,0.3476970371548206,0.2211003339163619,0.049292415328351,0.5187364180844861
australian,DOO,53.12582952433161,137.0,79.7900202624553,57.2099797375447,0.0522041763341067,0.4176334106728538,0.025522041763341,1.0
australian,GAS,71.04415778196307,191.96190476190475,115.79704365993923,76.16486110196546,0.354761390628374,0.2311163895486936,0.0526668106240552,0.5563809112502699
australian,HAM,73.68771102059256,187.59271523178808,119.9884565723929,67.60425865939517,0.3373741302562772,0.2988244954405981,0.056614374000605,0.7057997320541077
australian,HUL,77.21573786168545,206.612030075188,122.9552186299068,83.65681144528122,0.3383354595973792,0.2190628581313382,0.0534304927887214,0.5735723398274483
australian,LAW,72.91704301046674,204.19094488188975,125.38829329491766,78.80265158697205,0.3350912461164921,0.2080515886484087,0.0461582643657154,0.5727227632300342
australian,LEC,76.36657921964596,195.73727647867952,122.13070103939752,73.60657543928198,0.3514126980695648,0.2398884541386541,0.0562268963877299,0.5722778270174452
australian,NOR,63.670643189276326,198.69701492537317,127.42595844679106,71.27105647858207,0.3487358515113404,0.1844832820156988,0.0559651329199011,0.5653324081703457
australian,OCO,61.5956365957457,176.77369439071566,122.81607342051794,53.95762097019786,0.3326575070638224,0.2756077044194724,0.0503202985139011,0.5665509134439101
australian,PIA,65.1120799354235,199.08662613981764,121.92257085920176,77.16405528061584,0.3276484447614724,0.1898709551909733,0.0664029570066792,0.6405118561269265
australian,RUS,75.52065909018262,214.3338926174497,127.38323988880283,86.95065272864674,0.3379244629244629,0.1913331600831601,0.0539241164241164,0.5573241510741511
australian,SAI,90.83669046789774,169.15384615384616,99.26924478304883,69.88460137079733,0.1252900232018561,0.2842227378190255,0.0487238979118329,1.0
australian,STR,69.65661669776296,201.85204755614268,131.06654651177655,70.78550104436606,0.3364184849598858,0.2273857664943883,0.0520511212507839,0.5699457215146077
australian,TSU,66.61282878938239,190.93519695044472,120.85039297965714,70.0848039707877,0.3374983814579826,0.2331779532996676,0.0521602140791574,0.5716690405282921
australian,VER,73.53151251164213,198.79012345679013,121.34113971548878,77.4489837413013,0.3567046070460705,0.2328888888888889,0.0616151761517615,0.588769647696477
austrian,ALB,84.74353471644275,227.144,133.26368978110025,93.8803102188998,0.3990511915269197,0.2161297440423654,0.0740291262135922,0.4378861429832303
austrian,ALO,91.09007795786997,255.16173570019723,150.54745151583649,104.6142841843608,0.517532330985175,0.2077594364420145,0.0752286825780675,0.3692303648407107
austrian,ANT,135.72555921347598,247.5,71.41182024054207,176.08817975945794,0.5220030349013657,0.7116843702579666,0.0318664643399089,1.0
austrian,BEA,89.49270848655391,257.2050290135397,148.83617990115275,108.36884911238688,0.5527266066568977,0.204286162863722,0.0701276952061963,0.1810236550136068
austrian,BOR,86.06322907176866,249.4540337711069,147.37958161202795,102.07445215907906,0.5605813708999159,0.2104184188393608,0.0685449957947855,0.1727817493692178
austrian,COL,85.77504578168775,246.3776493256262,152.11777239530153,94.2598769303248,0.5233186314168646,0.1985280684813529,0.0596080068898922,0.1620429574340371
austrian,GAS,92.17051083174948,254.9456740442656,149.9803956917559,104.96527835250976,0.5330059298346438,0.2049319505760037,0.0661947180063216,0.1654345497766516
austrian,HAD,82.69734919616943,255.008,152.85191180358822,102.15608819641174,0.5226339600930987,0.1848113182876121,0.0686210413452234,0.2027511179685661
austrian,HAM,90.82924955471258,254.86486486486487,150.87827301234373,103.98659185252112,0.5400162104217324,0.2084869401521688,0.0707506471095772,0.0842419013255941
austrian,HUL,79.90776347538375,252.99403578528828,151.33450740972836,101.6595283755598,0.5496311464650442,0.1837704444619464,0.0718804967052584,0.1636082014124071
austrian,LAW,82.30438922446241,254.0767716535433,151.24709818944524,102.82967346409808,0.5422537038478503,0.1883448794789964,0.0612334916063413,0.1265146207934407
austrian,LEC,83.74026083106675,255.1996124031008,152.3928652416966,102.80674716140386,0.5577295824820577,0.1952433338571952,0.0776887212530776,0.0969144533500969
austrian,NOR,81.85673317114798,257.2548638132296,158.1015198071737,99.15334400605585,0.5520704614171158,0.1863546733271986,0.0755093992375443,0.087498356776653
austrian,OCO,90.77976424729324,247.14208633093529,143.90324061118756,103.23884571974766,0.5466950064289275,0.2304442520139599,0.074942926867669,0.1748930698785064
austrian,PIA,85.04063761613115,264.186,158.15572388130963,106.03027611869057,0.5403253357159751,0.18731768848711,0.0834625390902162,0.1953853835440044
austrian,RUS,83.28870438649248,253.9686888454012,154.08744384559526,99.88124499980589,0.5241397221140112,0.1936371899753279,0.0837293857940527,0.1141669912998312
austrian,STR,88.20922599897574,252.2309236947791,151.1401843640904,101.0907393306888,0.5381541836414917,0.1961245168703645,0.0729656325080956,0.1673717747832445
austrian,TSU,92.37670546460444,254.90963855421683,147.69310323243408,107.21653532178284,0.5050454617123036,0.2063646397224996,0.0672202659378777,0.2043149209018762
austrian,VER,37.30380010333448,93.71428571428572,40.90567242790998,52.80861328637574,0.2291350531107739,0.1866464339908952,0.0288315629742033,1.0
azerbaijan,ALB,76.4765205225483,205.78593272171253,98.5845377564144,107.20139496529816,0.4747319699617437,0.2463514853823265,0.0773390639021395,0.1977046238133472
azerbaijan,ALO,73.92364414630347,207.2783825816485,104.02871729987972,103.24966528176874,0.4927143899625715,0.2295379110661236,0.0902285727737106,0.1609425390174431
azerbaijan,ANT,70.21890063791791,209.21913580246917,106.86934177620267,102.34979402626642,0.4907499881105245,0.2217387168878109,0.0751177058068198,0.1791506158748276
azerbaijan,BEA,75.05305063682393,204.3720588235294,101.01810789720976,103.3539509263197,0.4987498230881728,0.2442090861914422,0.0737604377978015,0.2117516629711751
azerbaijan,BOR,73.47725973107467,199.05847953216372,97.28971071149267,101.768768820671,0.5070774747570067,0.2470982353496272,0.0749032745116542,0.1604699443238652
azerbaijan,COL,69.22490121744548,198.6456086286595,102.8603365725434,95.78527205611616,0.4832741231730287,0.2238382489687894,0.0606327936863689,0.1462530697885124
azerbaijan,GAS,75.01932259375931,207.2253289473684,100.68651166337156,106.53881728399683,0.5014431219139852,0.2237673830594184,0.067957922858574,0.1952627436013644
azerbaijan,HAD,68.87591877461124,206.46644844517184,99.23947471486954,107.2269737303023,0.5123663180858884,0.2079153920940931,0.0671788669939057,0.1408550899907519
azerbaijan,HAM,75.6684195389955,200.5766423357664,97.68155533482052,102.89508700094582,0.4901188583900738,0.2544186377547389,0.0739958719840573,0.167754027187967
azerbaijan,HUL,69.71812238456846,201.82988165680476,98.13505802370378,103.69482363310094,0.5068248140826509,0.2295961592770403,0.0716605478678339,0.228819542502118
azerbaijan,LAW,70.37970632626244,199.059375,99.2376955056297,99.8216794943703,0.4927962782749044,0.2274097457928841,0.0617360138615271,0.1433148987681279
azerbaijan,LEC,72.86550885589472,201.57246376811597,100.67336792652262,100.89909584159334,0.5113746886490333,0.2462815798837623,0.0716166528288459,0.1921954691021231
azerbaijan,NOR,76.29569408165494,212.69421487603304,103.82802738650416,108.86618748952888,0.4984455466691981,0.2173624130811401,0.0682298217718394,0.2022213256757719
azerbaijan,OCO,73.29541214117204,197.3370629370629,98.60151328484454,98.73554965221837,0.4798681422180362,0.2551683541323287,0.0721685895926536,0.1783376501059571
azerbaijan,PIA,67.00164319584829,177.0,88.4644095029277,88.53559049707229,0.5964912280701754,0.6274509803921569,0.0361197110423116,1.0
azerbaijan,RUS,72.77682620483826,215.6307189542484,107.04185056691306,108.5888683873353,0.5056423197790687,0.2158603942481668,0.07830206646986,0.171388439196267
azerbaijan,SAI,76.64708894625349,205.29457364341084,101.66487818640756,103.62969545700328,0.4892118847681804,0.2450698194447748,0.0729595356471679,0.1341675190903251
azerbaijan,STR,70.70163918909101,204.2443095599393,104.19186754544124,100.05244201449806,0.5043410925474,0.226041862211376,0.0827388774169326,0.1653134972780176
azerbaijan,TSU,71.89736882609498,202.52329192546583,99.8669016616682,102.65639026379768,0.4926545627150824,0.2236857719235789,0.066192001898659,0.1679126616826866
azerbaijan,VER,69.3620136828127,204.73506891271057,103.20578150929605,101.52928740341454,0.5126626089032104,0.2202410788876954,0.0664757130922544,0.1345267931734097
bahrain,ALB,102.0449109652202,242.48627450980396,109.93488769137996,132.55138681842394,0.3908742454497463,0.2336753196079781,0.0669971768918267,0.2297964148821409
bahrain,ALO,95.2688434589728,239.3125,114.30316163493478,125.0093383650652,0.434803528468324,0.212807881773399,0.0760453660213082,0.2073089700996677
bahrain,ANT,103.14149021121312,248.10020876826724,112.00885482681107,136.09135394145608,0.4107979065283261,0.2218115875493526,0.0704251216600863,0.2957946928656689
bahrain,BEA,96.79515891131048,244.49721706864565,118.07587093832043,126.4213461303252,0.4460973370064279,0.2266528925619834,0.0682736455463728,0.2360422405876951
bahrain,BOR,115.05992404355742,249.9131313131313,108.6344621236614,141.2786691894699,0.4278390625715201,0.2537877054057765,0.0714514578660685,0.2462809539067149
bahrain,DOO,100.00510900810984,248.14519427402865,116.80959802955913,131.3355962444695,0.4369809589355357,0.2108281715989906,0.0728607478779536,0.2028676301904106
bahrain,GAS,97.74987637772232,239.8962818003914,116.18657435798266,123.70970744240871,0.4667908559863851,0.2233107952716066,0.0643944620762614,0.1680925440412124
bahrain,HAD,104.6163405171718,247.16564417177915,111.25669407878868,135.90895009299047,0.4218864636830521,0.2281960748349229,0.0647927366104181,0.1832355099046221
bahrain,HAM,103.73911020779384,244.83234714003945,110.41898801194829,134.41335912809117,0.4374078850405306,0.2334653647752395,0.0676123802505526,0.1914839719970523
bahrain,HUL,99.42088645209454,242.3407258064516,108.78478080411604,133.55594500233553,0.4509817414441692,0.2202495641802,0.0639049454078355,0.1886640976236352
bahrain,LAW,109.1546997921448,244.970893970894,108.83811871384576,136.13277525704825,0.4213256219590562,0.2386624437712292,0.0702285871660699,0.2127513081795648
bahrain,LEC,95.29586621308108,246.33667334669337,114.55771161851374,131.77896172817958,0.468808376190586,0.2119416065127649,0.0648970272825811,0.2939969096653675
bahrain,NOR,101.11960913727953,244.00198807157057,116.74171657617664,127.26027149539394,0.4329325980109375,0.2197429448277453,0.0702402104437316,0.2828529893624386
bahrain,OCO,93.19002282068492,233.53658536585365,121.21054058995256,112.32604477590108,0.4293261059304515,0.2589232394689696,0.0662409848867655,0.1685653911525564
bahrain,PIA,96.68701525534397,246.90546218487395,119.6882200222297,127.2172421626442,0.4218515004974664,0.2017862514172007,0.0714037807445799,0.1180499317429834
bahrain,RUS,93.9776453807488,241.1409214092141,114.17135350797498,126.96956790123907,0.5483937967322071,0.3698883042555155,0.0509092587464229,0.3466491276654666
bahrain,SAI,97.5069196448526,241.11165048543688,108.1260082024458,132.98564228299114,0.4258694847181474,0.2300965619392144,0.0679921383199931,0.2173070897541801
bahrain,STR,106.03552809486136,243.086,113.822894568748,129.26310543125197,0.4220996245765039,0.226536031498947,0.0828678692427433,0.2020190458749198
bahrain,TSU,91.99534824590717,236.88823529411764,113.65508499308518,123.23315030103244,0.41830875935878,0.2098663359514951,0.068347802122089,0.261839143815167
bahrain,VER,103.51773085024156,246.556,115.0939417442116,131.46205825578832,0.4435114679426717,0.2225263981228001,0.0710851411350617,0.2558835031861786
belgian,ALB,74.28753038546738,217.72727272727272,136.58330800643,81.1439647208427,0.5001287995878413,0.1905976300875837,0.058887171561051,0.3251159196290571
belgian,ALO,81.53548398942087,222.54303278688525,139.659624719088,82.88340806779742,0.5130456982384478,0.1865968853714577,0.0572121521572632,0.4318611182027062
belgian,ANT,80.36866053800566,234.23849372384936,147.17318865793823,87.06530506591119,0.508133091596231,0.1800005107121881,0.0560251270396568,0.4359439238017415
belgian,BEA,75.07962190155001,224.76481835564053,139.84000830501975,84.92481005062083,0.5250076789188083,0.1809153271219412,0.0553906010033787,0.4544640114671854
belgian,BOR,79.18577092798755,214.73052631578943,125.11743729412608,89.61308902166338,0.5203646635850026,0.1843348741653826,0.0512840267077555,0.3479969183359014
belgian,COL,75.53384210247133,220.86776859504133,135.24542280807907,85.6223457869622,0.4809952328753155,0.173018584138476,0.0527952685650189,0.3324240956484054
belgian,GAS,90.81815755910122,233.05977011494247,135.51810093879104,97.54166917615156,0.5075257256949778,0.1883223263195617,0.0511698151845594,0.330056826908309
belgian,HAD,80.94781356176411,226.7339901477833,133.81308409670714,92.92090605107607,0.5221747572815534,0.1572297734627831,0.0461618122977346,0.3442588996763754
belgian,HAM,73.37580196210092,209.4900900900901,131.33306309224406,78.15702699784586,0.5172822335548344,0.1994797300777829,0.0517951887910163,0.37624272394787
belgian,HUL,78.28169355917322,225.7511210762332,132.04058792713792,93.71053314909524,0.5267333828158992,0.1662870159453303,0.0502162729390084,0.3660771416139848
belgian,LAW,82.09796096956146,230.0142517814727,137.0445802670452,92.96967151442752,0.5064898347341096,0.1639293700362402,0.0527154496620145,0.3222556352327345
belgian,LEC,72.72285308410716,218.33070866141733,134.55841566587387,83.7722929955434,0.5364447317388494,0.1787201034259857,0.0489722042663219,0.3268778280542986
belgian,NOR,76.58077991024626,228.92399049881237,134.61087424872355,94.31311625008875,0.5189095247976758,0.1540516704710521,0.0585961817804523,0.3275575845611123
belgian,OCO,68.69364787736576,205.6379310344828,140.3469891801339,65.29094185434882,0.492951271835734,0.2233629584227194,0.0507968127490039,0.3240627234651139
belgian,PIA,86.32632235606341,235.3545706371191,128.8841846205205,106.47038601659868,0.513796236210253,0.145489941596366,0.0578325762491888,0.3254510058403634
belgian,RUS,80.94604299997154,241.3310344827586,146.30715380711283,95.02388067564571,0.4945335464906399,0.1636841833840441,0.0556959414161208,0.3390490433706358
belgian,SAI,77.91640351572774,220.6414342629482,135.6481152013769,84.99331906157133,0.5144883175186206,0.1871747780838689,0.0485154576063667,0.3652688501173349
belgian,STR,74.58215343692991,220.6615087040619,142.41273388307633,78.24877482098557,0.5162090300148284,0.1775067750677506,0.0576264253208569,0.3573145165413918
belgian,TSU,71.80128346307288,216.19878296146044,133.0540817498353,83.14470121162509,0.4948189842650633,0.1679160803377254,0.0491492900089548,0.4293718817960854
belgian,VER,83.86941984609506,218.14672686230247,125.15273418253273,92.99399267976978,0.5420845827732396,0.1825043945817392,0.0534329438527556,0.3277582463033812
british,ALB,75.34798614036843,208.4244415243101,145.88694609183665,62.537495432473456,0.3207606829885265,0.2413045442226036,0.0512015538892402,0.658641250338784
british,ALO,72.80220998076607,205.1748251748252,144.1630331569596,61.01179201786541,0.3451421346158188,0.2185418501207975,0.0569667411772674,0.6707986181670392
british,ANT,76.92457892332195,192.01156069364163,133.52281774296955,58.48874295067203,0.1972043487907699,0.2308852895495895,0.0456179276680718,0.8960284002662525
british,BEA,72.64453851532569,211.75693527080583,146.75804730885136,64.99888796195444,0.3560312161674486,0.2307831107903284,0.0564326957776975,0.7011909058101768
british,BOR,80.73403968016538,170.91803278688525,114.22854567052852,56.6894871163567,0.1451111642361941,0.2679894812335644,0.0401625627540043,1.0
british,GAS,78.43154345058481,203.0239099859353,139.01985291647992,64.00405706945526,0.3511797143373711,0.2305866931838727,0.0504429578738022,0.6520746700415838
british,HAD,71.62700661478928,192.82671480144404,133.7294471078878,59.09726769355608,0.2328578002761159,0.2343534284399447,0.04285549930971,0.8652208927749655
british,HAM,72.55412579563907,196.452787258248,139.37046204268938,57.08232521555851,0.3328267477203647,0.2784330626502744,0.0481558771492083,0.6554234904504831
british,HUL,69.88970961820019,208.93571428571428,145.55239795247988,63.38331633323441,0.361116156570702,0.2066796839524112,0.0457270002724548,0.6452411225138498
british,LAW,28.569214639181656,75.58823529411765,51.64546341333334,23.942771880784303,0.0609452736318407,0.2736318407960199,0.0223880597014925,1.0
british,LEC,70.54426272494136,206.00675675675677,144.5587891336959,61.44796762306079,0.3367693727352524,0.219621435484234,0.052148274853143,0.6650086651211992
british,NOR,65.44851303918712,206.485549132948,145.50513456288488,60.98041457006303,0.3661839941531153,0.1945916316462634,0.0520509775260369,0.6449844692124977
british,OCO,66.7050354790556,190.70273003033367,139.3266799086301,51.376050121703535,0.331891112312962,0.2739093203533441,0.0493510005408328,0.6583738957995313
british,PIA,67.92325530449159,218.27272727272728,149.61691035680542,68.65581691592169,0.3629354198508109,0.1803043091452426,0.0522845997673198,0.6469648926705751
british,RUS,70.62506261025318,208.4766763848397,144.45171490089368,64.02496148394592,0.3386576424139876,0.2033840947546531,0.0512126339537507,0.6658544839255499
british,SAI,79.82455662487305,207.0804749340369,145.62762002153448,61.45285491250246,0.3181807937616911,0.2500281715534921,0.0491086520475085,0.6346036825854725
british,STR,70.44128303053574,205.2367021276596,146.419275734628,58.81742639303173,0.3562098888185844,0.224938985808551,0.049647473560517,0.6362650275693754
british,TSU,72.15246119811422,204.2554644808743,142.17115436171895,62.08431011915536,0.3000953981738063,0.2212556216780993,0.0504247490119474,0.6395538999682006
british,VER,84.03164364172908,214.45248226950355,143.5392035806954,70.91327868880794,0.3563545906829489,0.2478290366350067,0.058457711442786,0.6487562189054726
canadian,ALB,90.51403469242612,237.81739130434784,110.4088145228554,127.40857678149244,0.4767974436357181,0.2324871294159417,0.0807030001775253,0.2651162790697674
canadian,ALO,89.85543335646983,238.57171314741035,110.49608331558098,128.07562983182936,0.5186328662051666,0.2120408114040377,0.0802238355966135,0.325574664126004
canadian,ANT,83.98716211210967,238.08858267716536,115.8536183790545,122.23496429811084,0.5096290926664251,0.1983327292497281,0.0746647335991301,0.1376585719463574
canadian,BEA,99.80589784886098,244.35445544554452,107.4688761272696,136.88557931827492,0.5123535804854487,0.2273638449462625,0.0755705832628909,0.3787948315420842
canadian,BOR,85.5656402931786,232.08159392789372,107.91339412960524,124.1681997982885,0.5076744859542427,0.2131238536538275,0.0738729607104932,0.2676175306496766
canadian,COL,76.14802213906418,224.39619047619047,112.81009861514684,111.58609186104364,0.488390055515327,0.1919623461259956,0.0755973931933381,0.2920588945208786
canadian,GAS,87.06514517168948,236.01014198782963,109.89194205956966,126.11819992826,0.4958129208195574,0.1964669256944277,0.0768395395419552,0.3740618288003475
canadian,HAD,94.94530227219384,242.1717171717172,110.17736445701156,131.99435271470554,0.4561555909463829,0.2123690941556874,0.0763717967279571,0.4133970368225472
canadian,HAM,99.90782986272453,247.6153846153846,105.8570373098992,141.75834730548527,0.5119280218057264,0.2230745109390453,0.0754999155751742,0.1400969679426876
canadian,HUL,87.75950527347575,242.766,109.0590004815906,133.70699951840942,0.5117489697057335,0.2032873014725375,0.0771696430723254,0.2369315306196225
canadian,LAW,88.64802108578114,239.70496083550916,107.72219770265497,131.98276313285425,0.498978469275499,0.2095866729530096,0.0857771491434857,0.1385824296715385
canadian,LEC,90.82066850570467,238.04016064257027,109.0732792078907,128.96688143467952,0.5199265735954784,0.2124051978165306,0.0746340756485194,0.1333993526882759
canadian,NOR,84.13210666649113,242.8707627118644,114.77430603417652,128.09645667768785,0.5467064022197102,0.2153170280546706,0.084549378275614,0.1703833110677217
canadian,OCO,83.32324580622944,228.4801444043321,108.30373538066198,120.17640902367008,0.5053155504010824,0.2187832221900067,0.075529138880835,0.2156180535420895
canadian,PIA,94.74126366259402,247.44513457556937,111.20251532591892,136.2426192496504,0.5036358804628802,0.2052762544391563,0.0799652115091923,0.1905877805426038
canadian,RUS,77.66138362295528,233.9015444015444,113.85296376995608,120.04858063158828,0.5246852420192842,0.1942920664072883,0.0768468620864648,0.1240424349339068
canadian,SAI,92.61857862964544,235.3571428571429,108.490784972536,126.86635788460684,0.4723490613901572,0.227102510207533,0.0732526394626851,0.27957768597038
canadian,STR,81.2802411954196,228.5788497217069,112.66957589828364,115.90927382342323,0.4983833606794711,0.2044686806292829,0.0845960814593186,0.293721648489528
canadian,TSU,94.41523260042644,239.7469135802469,106.8475685952565,132.8993449849904,0.4628440366972477,0.2075084500241429,0.0714389183969097,0.286286817962337
canadian,VER,82.358466189675,237.626204238921,114.127928266675,123.49827597224598,0.5064762457106955,0.1956406166932482,0.0718669953119713,0.1681890677105988
chinese,ALB,82.20720160477362,218.1412844036697,118.07081222945176,100.070472174218,0.4380405552729123,0.210238147152167,0.0670106839159822,0.0675678949536061
chinese,ALO,58.37396430864232,197.0217391304348,128.5731059306606,68.44863319977414,0.3330343796711509,0.1563527653213751,0.0648729446935724,0.3599402092675635
chinese,ANT,84.6395444986798,215.24208566108007,120.18345807670453,95.05862758437551,0.4555854480234615,0.2048280375190867,0.0761046074795802,0.0529823796020262
chinese,BEA,81.81854664053934,226.91052631578947,129.1137869135358,97.79673940225376,0.4619275825346113,0.2039161583890018,0.0684964662600445,0.0828492593668312
chinese,BOR,90.9010814902956,222.92768595041323,113.44103598578492,109.48664996462831,0.4650117279124315,0.2066555903049257,0.0636972243940578,0.0358189992181391
chinese,DOO,86.7663715559208,220.8249097472924,119.3650221719362,101.45988757535616,0.4779062190795666,0.2194898279315587,0.0693341699447353,0.0987523228032917
chinese,GAS,87.5377261750569,225.9405737704918,117.6521045927602,108.2884691777316,0.4962767757845365,0.1944780233064165,0.0668246216333833,0.092548716212949
chinese,HAD,78.21405505525856,213.9234693877551,118.79960705424712,95.123862333508,0.4508095847107936,0.2102989792717357,0.0635843729639728,0.1321155377524673
chinese,HAM,93.1813389509536,222.5566037735849,109.14571426036773,113.4108895132172,0.4696408557087861,0.2329564836021636,0.0658349982944301,0.032917499147215
chinese,HUL,82.98576414037399,217.0539033457249,116.49260189650288,100.56130144922206,0.4540487804878049,0.204780487804878,0.0630243902439024,0.0340243902439024
chinese,LAW,80.94144382558036,223.8496240601504,121.83780560499076,102.01181845515964,0.4387090549471754,0.1952096097255053,0.0728930483863186,0.0619180857735539
chinese,LEC,72.47225230099956,214.6849087893864,118.28542176131096,96.3994870280755,0.4790854134165366,0.2057819812792511,0.0685452418096723,0.093725624024961
chinese,NOR,66.6987563878737,213.0654867256637,128.68509622971857,84.38039049594526,0.4448544685842762,0.1753219775654341,0.0663750336029717,0.0356069307656589
chinese,OCO,76.25630651033741,198.72767203513908,112.96048563162738,85.76718640351173,0.4602008149010477,0.2439610011641443,0.0641249514939852,0.0936166084594489
chinese,PIA,90.85996409004323,226.10162601626016,121.54203504303648,104.55959097322376,0.4580242379728241,0.1984575835475578,0.0681111519157791,0.0256824580732035
chinese,RUS,79.30777293440718,220.1234347048301,120.54652272017576,99.57691198465432,0.4747862203762521,0.2145858783288541,0.0696310774493036,0.0505008551184949
chinese,SAI,83.43200064581147,216.03136531365317,113.95514780718412,102.076217506469,0.4505335329052194,0.2123026411085896,0.0642170827096711,0.0829028052725604
chinese,STR,81.80094267780633,217.3955223880597,118.06233468747416,99.33318770058553,0.4793146778792712,0.2005702962640761,0.0674689478517229,0.071456188681069
chinese,TSU,78.36564858313784,210.9329805996473,119.4703915844879,91.4625890151594,0.4487641983132647,0.2142300004874957,0.062740701018866,0.0663237946667966
chinese,VER,92.21808049433248,227.82514734774068,121.95431960996514,105.87082773777554,0.4695401737772137,0.2067265449575319,0.0648979791076833,0.0440056624035926
dutch,ALB,65.5404231304412,204.50606796116503,141.8477083829437,62.658359578221216,0.3553539512680708,0.2289088482161037,0.0599307707970407,0.3321418067464537
dutch,ALO,65.7824719758206,208.2295285359801,138.97439449396038,69.25513404201986,0.3951895472116102,0.223455478445645,0.0732644618758053,0.4279223274634355
dutch,ANT,67.3755480167613,209.4683870967742,143.72869666021205,65.73969043656217,0.3748953785599566,0.217001832289004,0.0619132716538104,0.3945755197140724
dutch,BEA,62.223064344524886,205.58437146092865,142.79626108172943,62.78811037919899,0.3903751780908659,0.2270517198489337,0.0602455957846174,0.4143467740111716
dutch,BOR,67.6746142538045,205.9952210274791,140.28349856593994,65.71172246153913,0.3796465569774527,0.2377953822195138,0.0573498544248087,0.3701898119935902
dutch,COL,67.57574067660914,206.23469387755105,139.51476802438978,66.7199258531612,0.3568475043495944,0.2225184716542016,0.0570079309487764,0.4237747700928667
dutch,GAS,74.38972471182913,217.18707015130676,143.24677234184406,73.94029780946278,0.3871215197870132,0.2194621181354632,0.0613465096340417,0.4114435269166553
dutch,HAD,63.84231053791754,208.55654383735703,145.5647241798747,62.991819657482175,0.3895918690721416,0.2105167847522466,0.0509993888222378,0.2999071915250016
dutch,HAM,81.55234236498,217.418410041841,143.24926315458484,74.16914688725613,0.4285714285714285,0.2670206575501891,0.0583357579284259,0.2679662496363107
dutch,HUL,67.3258497116544,209.75518134715023,141.5704630473285,68.18471829982192,0.3903777120538234,0.2135100354457815,0.0529880568035581,0.3744383988440611
dutch,LAW,69.35080087997895,208.57642487046635,140.2395815823539,68.33684328811252,0.3921400338791643,0.2282326369282891,0.054455110107284,0.3193224167137211
dutch,LEC,66.84691997449023,209.7956448911223,143.81881017385126,65.97683471727062,0.4504969918911849,0.2392754381375882,0.0605872351556369,0.261182317551661
dutch,NOR,56.02481820164613,205.1173260572988,147.68568472770818,57.431641329590605,0.4192777148609538,0.2087328551654712,0.0632439914433119,0.2560211400528501
dutch,OCO,60.28995273190935,190.3336594911937,133.49931029360613,56.834349197587706,0.3857643204157722,0.2616201559145859,0.0621624675177946,0.3525251384024404
dutch,PIA,58.60751723801816,210.2711409395973,150.2966298878948,59.97451105170258,0.3966751223047653,0.1814866823699945,0.0605182098206196,0.2867140786374343
dutch,RUS,57.336762179620216,207.6107634543179,146.6264949522905,60.98426850202749,0.3884061906054846,0.1962168522038193,0.0636935469273237,0.3215901891573898
dutch,SAI,82.6321151872317,211.76696542893723,140.5605143141843,71.20645111475295,0.3400411048625697,0.2653973846466563,0.0509745466043318,0.3684983174108454
dutch,STR,57.84418093447032,210.6401515151515,148.7216651119681,61.91848640318334,0.4054225176944124,0.1931121814440449,0.0645139407095855,0.3438934491101915
dutch,TSU,64.19133319320589,207.16687578419072,142.44977637282156,64.7170994113692,0.3613107344632768,0.2106666666666666,0.0511412429378531,0.4008813559322033
dutch,VER,62.2666455101878,209.32334581772784,146.64213469866448,62.68121111906341,0.4041165681679233,0.2076851663156941,0.0493399452029979,0.2875031134660236
emilia_romagna,ALB,77.26349654968962,226.8606557377049,138.21152173837564,88.64913399932927,0.4542486031492634,0.2084996250876811,0.0708221464334954,0.31531335413492
emilia_romagna,ALO,74.13426897622459,224.63299663299665,134.53274761322194,90.10024901977464,0.4922010817075526,0.1938622754491017,0.0758644002317944,0.3073208421865945
emilia_romagna,ANT,75.79018662347745,232.155,140.2483505839833,91.90664941601672,0.5408507530172864,0.2093492400264338,0.0696671420124517,0.1630551980800667
emilia_romagna,BEA,81.47287590713537,225.95911949685532,135.549436949543,90.4096825473124,0.4994693936616661,0.2178862572958371,0.0638174714196131,0.3149630987410158
emilia_romagna,BOR,86.71780065403513,226.8838821490468,132.14221707755593,94.74166507149094,0.5135187237939178,0.2192153838739216,0.0662200587980143,0.2632656995517856
emilia_romagna,COL,84.72368615072672,227.1757877280265,131.31156341815367,95.86422430987275,0.4423754160837474,0.2134449322205605,0.0690819624680399,0.3354961647932847
emilia_romagna,GAS,83.9427473308292,230.92055267702932,134.65724702810627,96.26330564892324,0.4934369269375543,0.2027796544735064,0.0650033780523115,0.3103223627063025
emilia_romagna,HAD,83.94028819490754,231.46100519930675,137.39656386464944,94.06444133465754,0.4682018073744745,0.2068573913883922,0.0624848982747789,0.3176678103706567
emilia_romagna,HAM,93.09994881387824,219.3444108761329,128.7087069410832,90.63570393504968,0.4654112407416372,0.2610011134240209,0.0709202691581546,0.3781526843200852
emilia_romagna,HUL,75.00757644381163,223.93225806451613,136.7575453004498,87.17471276406633,0.5039577199671799,0.1976929388484,0.0659780877455475,0.3079540518364786
emilia_romagna,LAW,88.83640994506605,232.08586762075132,131.58579922128715,100.50006839946418,0.5020746887966805,0.2132587088680884,0.0674997587571166,0.2985863167036572
emilia_romagna,LEC,80.13039316309064,223.85924713584288,132.93802053627553,90.92122659956728,0.5036385175156541,0.2135725165002538,0.0681768730507941,0.3147498972511665
emilia_romagna,NOR,71.88159904893162,228.736301369863,145.31967323739434,83.4166281324687,0.4837685164981695,0.1772492544912357,0.0708900041215118,0.2924091449075084
emilia_romagna,OCO,86.56333723801055,231.83011583011583,131.64793342154078,100.18218240857496,0.5626727091853653,0.2335028186139051,0.0659334586050624,0.0403448657013374
emilia_romagna,PIA,85.65561150879537,235.93810444874276,137.92749429653426,98.01061015220826,0.4597486865360869,0.1855071060213543,0.0720044548822119,0.2763237537224899
emilia_romagna,RUS,76.19913578551618,230.31793960923625,135.9444645014073,94.3734751078289,0.4671162352258719,0.1851690716167549,0.0746380489691344,0.2858144200323882
emilia_romagna,SAI,84.17118473830247,225.27591973244148,132.13472287753294,93.1411968549086,0.4597148380860319,0.2169647172547124,0.0654905751570807,0.356790720154664
emilia_romagna,STR,81.68178991846179,228.1410934744268,137.49314259234512,90.64795088208166,0.482994017753763,0.1946159783867232,0.0784446159783867,0.3334619837900424
emilia_romagna,TSU,83.60019841813539,229.19938162431092,134.88734762601172,94.31203399829924,0.454238106737503,0.200531272639459,0.0639459067858005,0.329847862835064
emilia_romagna,VER,68.66654564581233,222.17899408284023,145.56100263126035,76.61799145157994,0.4919298075289435,0.2014271498264605,0.0669886653236571,0.2451882235868061
hungarian,ALB,72.15708086703133,227.1542416452442,142.6080296237289,84.54621202151547,0.4046724014667558,0.2439750005765549,0.0725536772675907,0.0886280297963607
hungarian,ALO,66.77448143043802,223.3838383838384,146.5783365732965,76.80550181054198,0.439092768343406,0.2268768527242227,0.0799917273709125,0.0153733023875726
hungarian,ANT,71.12262522785277,228.7535853976532,146.16341684851133,82.59016854914199,0.4317470619596207,0.2327947891796666,0.0765165387914049,0.1286015623189077
hungarian,BEA,74.81231148315997,229.01669758812616,142.8566785937924,86.1600189943336,0.4160120945213133,0.2433036447891675,0.0691819765339994,0.0679002201991652
hungarian,BOR,77.21459002257832,229.2683870967742,141.82064744281865,87.4477396539555,0.448909800321322,0.2525591002983704,0.0689235712646316,0.0535919210465916
hungarian,COL,67.9235364685945,224.68627450980392,146.6533347877787,78.03293972202505,0.4146672806815565,0.2253511397651393,0.0609486530048353,0.0731752244991941
hungarian,GAS,73.90907148016089,225.56194125159644,142.49971748899094,83.06222376260557,0.4387637603058357,0.2466721938188015,0.0710008751324213,0.1329049790428814
hungarian,HAD,73.41669844369913,228.47142857142856,144.06425957908078,84.40716899234799,0.4422452952628163,0.24355705942338,0.0620422731065171,0.1643181607490497
hungarian,HAM,82.81902562801554,230.9029374201788,139.65493218437192,91.24800523580686,0.406339790527389,0.2705301696172027,0.0696079340068588,0.1661646121049216
hungarian,HUL,68.23309854231586,226.24814814814812,142.385092389505,83.86305575864317,0.4505552861859573,0.2365680773937337,0.0734455450116598,0.1123502112627277
hungarian,LAW,73.00582117558466,227.5328185328185,143.2056337954741,84.3271847373444,0.4440952468342815,0.2407551844375114,0.0580152321526885,0.0887777573866764
hungarian,LEC,67.7609723135958,227.75276752767527,145.82663833830037,81.92612918937508,0.4529476889011901,0.2347771934680321,0.069955715471907,0.0186594704308515
hungarian,NOR,65.72558617352676,223.1735941320293,148.02984285858912,75.14375127344007,0.4471289978183168,0.2284268671958408,0.0727150350461866,0.0579306503272524
hungarian,OCO,77.44444376926143,220.56833712984056,140.03598416242716,80.53235296741343,0.4175381213433454,0.2882710646335283,0.0690790989081863,0.065163311374211
hungarian,PIA,68.63680564672339,230.74412532637075,151.08256043963064,79.66156488674008,0.4437121440672066,0.2234341277761017,0.069968206818129,0.0507762641850966
hungarian,RUS,66.90742027557756,229.3794871794872,148.82076823142157,80.55871894806563,0.4506915213469633,0.2255886026180674,0.0753041306258383,0.0468569314029326
hungarian,SAI,80.58696636016111,227.81795195954487,137.97339848786612,89.84455347167886,0.4293265014079305,0.2755158565295665,0.0697271846004708,0.1136500023080829
hungarian,STR,69.8005970000163,229.9878869448183,148.62684942675767,81.36103751806064,0.4383489353891336,0.2159508076358296,0.0801670337738619,0.0562821218795888
hungarian,TSU,71.1305720153126,226.64935064935065,143.49485075844404,83.15449989090659,0.4178372403629162,0.2330861695758301,0.0564868972504951,0.0596186616312808
hungarian,VER,67.39011804280982,228.3562340966921,148.37954815385356,79.97668594283856,0.4553041245385973,0.2186762042322947,0.0634156406905564,0.1093610289565995
italian,ALB,82.99262682271238,255.89036544850495,145.85396240721332,110.03640304129163,0.5454789775441949,0.1214464882943143,0.0509436215957955,0.0719063545150501
italian,ALO,84.21248763335653,253.80769230769232,151.02343657548778,102.78425573220454,0.6349053577157523,0.163618864292589,0.0691049085659287,0.2114212383702277
italian,ANT,89.24359478286416,253.82692307692307,147.33190661004744,106.4950164668756,0.6765214797136038,0.1545346062052505,0.0625,0.097881861575179
italian,BEA,92.13527591008192,268.84033613445376,147.72874624132768,121.11158989312612,0.6772936802973978,0.1533680297397769,0.0628996282527881,0.1052490706319702
italian,BOR,92.7225316828634,264.1309192200557,143.1330631262892,120.99785609376652,0.6792750901666219,0.1615249336790962,0.0608363885659781,0.0604787027929297
italian,COL,78.61387713485519,246.91232876712328,147.9146593040808,98.99766946304251,0.6607977328228165,0.1425728843196961,0.0582170098586029,0.05595586240164
italian,GAS,95.8811723489708,277.00314465408803,157.64927373623468,119.35387091785336,0.6854661157523299,0.1453690020206894,0.0605302047833036,0.0591428657598697
italian,HAD,89.62022426993968,263.4373259052925,146.48766107878222,116.94966482651016,0.6739415232537367,0.1549752873220985,0.0610373369856487,0.0786339546239504
italian,HAM,85.10765971140069,257.93882978723406,145.16159037868934,112.77723940854467,0.6715474907174512,0.1561564259192717,0.0575817463169241,0.0525512037369744
italian,LAW,95.5201959682898,266.92961876832845,143.78275458675037,123.14686418157808,0.6593126352934199,0.160839782937461,0.0642588144589745,0.1655843193072977
italian,LEC,78.23038013772766,253.5236842105263,144.73369712076772,108.78998708975864,0.6969615084369183,0.1471206389239176,0.0617005944874797,0.0317360235393022
italian,NOR,78.67000585457349,259.8583333333333,156.95179706442593,102.90653626890726,0.6996421805935592,0.1359413055898006,0.0613705385332411,0.0274528670655801
italian,OCO,81.39869504927162,235.94911504424775,141.20785362874537,94.74126141550244,0.6729550256565047,0.1815876848777543,0.0577422275882885,0.153063688499849
italian,PIA,86.13292762389052,274.83383685800607,161.7031842281691,113.13065262983692,0.6774358357877021,0.1327162348981186,0.0629019654985874,0.0458916872032217
italian,RUS,77.04798651979074,252.88031914893617,150.14972313312788,102.73059601580825,0.7007104529512276,0.1437692976408165,0.0645403039659462,0.0883419766779579
italian,SAI,89.27372229178093,254.62982005141387,141.6385873160612,112.99123273535264,0.6748742072825795,0.1690832762676035,0.0618394021496412,0.1538095096317027
italian,STR,99.58600680465209,278.7082066869301,155.77971551730687,122.92849116962329,0.6704134522661523,0.1536583895853423,0.0640368852459016,0.144165863066538
italian,TSU,87.91180586979037,264.9942196531792,148.67720793167638,116.31701172150272,0.6759907451352634,0.1467133364973896,0.0606015662078785,0.0755813953488372
italian,VER,80.78815845011079,265.19602272727275,156.17539440747328,109.0206283197994,0.7040918012985052,0.1370073984599124,0.0603653933262871,0.033761135437113
japanese,ALB,71.59929163103253,236.62222222222223,161.9525040298783,74.66971819234385,0.5164140737963905,0.1743158571199057,0.0590692443635195,0.060997161677288
japanese,ALO,66.87307251670224,234.58429118773947,162.3458270435153,72.23846414422415,0.5645583133173205,0.1611155591139578,0.0683746997598078,0.0260208166533226
japanese,ANT,60.8984815834891,241.61895161290323,168.92171174767628,72.69723986522689,0.5669651259713372,0.1447393186523621,0.0635637654271194,0.0222096743835874
japanese,BEA,62.82673785894737,237.6697108066971,175.3200812167589,62.34962958993828,0.5714171272931187,0.181874015327512,0.0548746294961147,0.0573046009239232
japanese,BOR,77.68923390603835,239.31176470588235,158.5546094734186,80.75715523246386,0.5505946060734763,0.1775589297090677,0.0573901040560628,0.1184434062433637
japanese,DOO,85.58866404568512,252.66253101736973,160.7637857781975,91.8987452391722,0.5519082144849016,0.1494701617401004,0.0563567312033569,0.0495312458502642
japanese,GAS,80.50549722216556,248.56641604010025,157.23911840154165,91.32729763855843,0.5903540578010025,0.1451690306068039,0.0520422309907219,0.0460435107177135
japanese,HAD,69.87547324708969,246.07296137339057,166.7076421871391,79.36531918625137,0.5464337388135684,0.1494024971866459,0.0487648036010931,0.0300626976046299
japanese,HAM,72.71194237387724,236.92560553633217,163.35034743637385,73.5752580999583,0.569534646556814,0.1890129354301969,0.051043958993076,0.0451934947131125
japanese,HUL,73.25694941574275,239.50188679245284,161.65546579506596,77.84642099738701,0.560188012852856,0.1727434474334121,0.0554478582999176,0.1117189367182728
japanese,LAW,95.0911381748183,255.17135549872123,155.33168410304995,99.8396713956714,0.5341581923904097,0.1615378488171415,0.0496508509677933,0.0554124737806335
japanese,LEC,62.16577483296798,240.9179104477612,169.133615767205,71.7842946805564,0.5777508743610439,0.1550981974710788,0.0548291633037395,0.0260963142319074
japanese,NOR,66.28834429725202,245.67377398720683,170.71817446908088,74.955599518126,0.5591139650334557,0.1412691560543924,0.0603011007986186,0.0303259227282538
japanese,OCO,75.48551569794012,231.30368098159508,162.8858712017326,68.41780977986257,0.549750451311458,0.213549962833174,0.0558033343952426,0.0630774131889136
japanese,PIA,74.43745444797703,250.05733944954127,166.5243404438877,83.53299900565379,0.5357990719758282,0.1451926189705406,0.0583791949929858,0.0845203409949282
japanese,RUS,63.54248579479463,239.91369606003752,168.38748980423327,71.52620625580414,0.545092659834853,0.1605207240646601,0.0592807767825923,0.0786465477823502
japanese,SAI,79.56589543528159,238.21592920353984,161.60366180552924,76.61226739801072,0.531318988217145,0.198792456844961,0.0558555203872649,0.1427507513897385
japanese,STR,77.24469793205591,244.4570024570025,159.98084456991003,84.47615788709257,0.545107013056939,0.1446762686768071,0.0622964059765782,0.0464665500067303
japanese,TSU,70.92406192809743,241.67786561264825,166.62722337845443,75.0506422341938,0.5288169059181387,0.1611345322589252,0.0519771599338278,0.1153476706334382
japanese,VER,68.20994842208634,243.5873015873016,172.85684518902764,70.73045639827399,0.5679818643061478,0.1535056943919684,0.0551087601878339,0.0301991687806984
las_vegas,ALB,91.12352897285068,232.59567901234567,121.76559146950387,110.83008754284174,0.5045141715385185,0.2059868274994449,0.0616813438910678,0.16709834973729
las_vegas,ALO,91.01765408047268,233.4777227722772,115.05432643952118,118.42339633275604,0.5609002530296977,0.1818884005859635,0.0673591689972033,0.1499800239712345
las_vegas,ANT,84.7913598518126,247.08352668213456,136.6492193511284,110.43430733100612,0.5694871380035593,0.1771558000323572,0.0675457045785471,0.0946718438224667
las_vegas,BEA,94.45714703958303,239.7306843267108,125.53342298452954,114.19726134218132,0.5564994390126623,0.2043329593417748,0.0633915691617246,0.0963028263076347
las_vegas,BOR,67.32297973698245,182.13953488372093,131.1587003285267,50.98083455519429,0.1948228882833787,0.3210717529518619,0.0594913714804722,0.8283378746594006
las_vegas,COL,89.40950787099642,235.3501326259947,113.68687049334127,121.66326213265344,0.5387943856992184,0.1714849771479568,0.0594153122211104,0.0875679476431295
las_vegas,GAS,100.42052770473254,245.7943661971831,114.03189756367244,131.76246863351062,0.5873497180551123,0.1768273220555378,0.0620012767315671,0.0860729864879242
las_vegas,HAD,95.23469726531688,239.12466124661248,107.87220377649854,131.25245747011394,0.5565908541661072,0.1745925189978786,0.0607663596573668,0.1062538599930184
las_vegas,HAM,98.1184778349797,237.94577006507592,122.2439308633025,115.70183920177344,0.5268371034667381,0.2170258332217909,0.0621871235443715,0.1259269174140008
las_vegas,HUL,85.7253280459999,232.79481132075472,113.56839787403432,119.2264134467204,0.5855660149650012,0.1838174162576769,0.0644996915815163,0.113685734974656
las_vegas,LAW,112.32978760934058,245.7558139534884,109.39625320154607,136.35956075194224,0.5519174520636984,0.1902014949626259,0.0596630917560394,0.0994475138121546
las_vegas,LEC,82.66801630515904,229.4157549234136,118.79050152471896,110.62525339869477,0.6137416505063564,0.1910956690368455,0.0635908209437621,0.1291208791208791
las_vegas,NOR,87.60269435675163,229.86243386243387,108.69184456937572,121.1705892930581,0.5326964078482174,0.1651418238739103,0.0621272231668151,0.0792648368553153
las_vegas,OCO,76.86668817605505,224.8423913043478,132.2141136908867,92.62827761346117,0.5687980087252095,0.2065144661831223,0.0628161550196718,0.0982790461151406
las_vegas,PIA,108.66873895004844,253.9,105.70215180273262,148.19784819726746,0.549428633031479,0.1738626563173781,0.0627156101768003,0.1226552393272962
las_vegas,RUS,96.27591408511398,242.26062322946171,106.3020419000546,135.9585813294071,0.552609575185435,0.175590020229265,0.0656237356709373,0.0879028995279838
las_vegas,SAI,94.31080625493576,233.7470167064439,114.17123039512946,119.57578631131446,0.5835867079241222,0.1954527108838961,0.0630431857930848,0.0843535584555361
las_vegas,STR,61.0255486259967,136.42857142857142,82.69849255619047,53.73007887238095,0.4147286821705426,0.5478036175710594,0.0297157622739018,1.0
las_vegas,TSU,108.60334206912856,248.3027906976744,105.5776477962242,142.72514290145023,0.5371016267738757,0.1815543544822812,0.0614766101333901,0.1052477435501477
las_vegas,VER,90.6152832355358,236.5752688172043,111.16228352348126,125.41298529372304,0.5866283639123011,0.1669421935553809,0.0630098376649773,0.0761267243014715
mexico_city,ALB,71.21128265792221,194.18044077134985,105.86301274754972,88.31742802380016,0.3377564699734157,0.2471427597646043,0.0627343164208947,0.088182499829588
mexico_city,ALO,70.96045294470011,191.7604456824513,107.0534723581894,84.70697332426185,0.3708057573934373,0.2498264451335215,0.0658582866663581,0.1997037996945434
mexico_city,ANT,74.02434989765833,201.707100591716,110.05345056240088,91.65365002931514,0.3578323034594741,0.2295115240629651,0.0613639438906679,0.1814758017229714
mexico_city,BEA,68.62654468106294,198.5691906005222,113.99946690937512,84.56972369114702,0.3636158396171039,0.2436447374362216,0.0613401363615839,0.0951144624554115
mexico_city,BOR,74.0577841801502,195.6909581646424,103.52165888659874,92.16929927804368,0.3805645306049183,0.2595808651947586,0.0540522347872913,0.1488511936815652
mexico_city,COL,63.97582343349791,190.0443548387097,110.14360512376837,79.90074971494127,0.3503768220587571,0.2273342659867322,0.0498894354438377,0.0722279886276456
mexico_city,GAS,71.06515590599436,197.1586402266289,110.65312091614864,86.50551931048028,0.3729662642446124,0.230350896987476,0.0520591221933882,0.0620106058896536
mexico_city,HAD,66.81760231441837,194.326842837274,106.50871856565558,87.81812427161839,0.3954454636272818,0.2295431840886386,0.0534238488783943,0.1016483516483516
mexico_city,HAM,73.74689745813482,192.1345108695652,105.8809276420769,86.25358322748832,0.3452592709341859,0.2605543421971044,0.049174791164749,0.0930808547047035
mexico_city,HUL,63.41144105570379,183.7706093189964,106.08125891913312,77.68935039986327,0.3766396786543651,0.2360509634092763,0.0534111592292725,0.1609866315194878
mexico_city,LAW,75.36143247438326,177.31578947368422,97.0692815939142,80.24650787977002,0.2925207756232687,0.2908587257617728,0.0584487534626038,0.2473684210526315
mexico_city,LEC,64.20810530127363,192.03120759837176,105.91541539644967,86.11579220192218,0.3739144201194138,0.230866654604668,0.061764971955853,0.0455943549846209
mexico_city,NOR,67.01788612070446,196.66420118343197,110.73267287973974,85.93152830369236,0.3603900531890712,0.2143246806382688,0.059303541392008,0.0510751466109014
mexico_city,OCO,56.295173441748354,178.97031729785056,113.161171425495,65.8091458723556,0.3433130596763696,0.26119352739188,0.0629979576721951,0.1641268487555266
mexico_city,PIA,74.6606095479575,202.7751824817518,109.95976193597448,92.81542054577744,0.3515721992731541,0.2296110697275456,0.0609692783458612,0.2776912485045484
mexico_city,RUS,68.28881906194053,196.21074380165288,109.23417195221737,86.97657184943569,0.3531771972138944,0.2333025268805085,0.0707120798863918,0.2153145639384171
mexico_city,SAI,75.56125150081252,199.67961165048544,109.87690588140296,89.80270576908259,0.3621377231625319,0.2696035242290749,0.0593786227683746,0.1300950614421516
mexico_city,STR,68.19753723494267,193.82614742698192,110.66486451406352,83.16128291291834,0.378504778986083,0.2284605080936272,0.0606397711535405,0.1148318841237768
mexico_city,TSU,66.19504068459474,194.9651324965133,110.05933741271213,84.90579508380102,0.3469406064956038,0.2155481787188229,0.0556029068724206,0.0970527543513368
mexico_city,VER,68.23536517956681,197.15469613259668,110.66628511331766,86.48841101927897,0.3870019447333906,0.2246167066166161,0.0519424720727239,0.101781918502103
miami,ALB,73.14043130365754,212.3968253968254,123.25073656695382,89.14608882987157,0.4512393837645664,0.2066956349990124,0.0542909342287181,0.1793896899071696
miami,ALO,71.85468464244242,205.7223198594025,120.75048075563622,84.9718391037663,0.4620995955636057,0.2044264694935861,0.0637421531895888,0.1467384561943279
miami,ANT,68.29951433904927,213.71124031007756,127.83814738944392,85.87309292063354,0.4559642980423097,0.1799644952906948,0.0578430889097095,0.1092756053059815
miami,BEA,70.04914459255784,207.66129032258064,125.11475141201882,82.54653891056176,0.4708848484848484,0.2102787878787878,0.0595878787878787,0.3614545454545455
miami,BOR,75.21218618823038,202.99689440993788,118.10382926960806,84.89306514032981,0.4273618155248001,0.222556520244133,0.0585833404968623,0.193243359408579
miami,DOO,54.63326010403731,126.0,54.47569555555557,71.52430444444444,0.0317241379310344,0.0524137931034482,0.0206896551724137,1.0
miami,GAS,70.5475611236494,207.95411089866155,119.61952156562826,88.33458933303336,0.4944874558996472,0.1822569580556644,0.0592169737357898,0.1680713445707565
miami,HAD,70.11773889238793,207.9352014010508,122.64608431372226,85.28911708732859,0.4777982553139206,0.2010320678215997,0.0516033910799852,0.1137486177663103
miami,HAM,75.45328644157794,210.35934959349592,122.75924457717092,87.6001050163252,0.4724329917225069,0.2310800157666535,0.0543456838785967,0.2189347654710287
miami,HUL,69.50754442089385,208.6257088846881,119.34031511753358,89.28539376715447,0.470497397195447,0.1865301750977608,0.0585319684176442,0.1528556128421629
miami,LAW,76.26589920137556,207.93409742120343,119.71558315464492,88.21851426655847,0.4280463563740014,0.2086036830064133,0.0547950343172186,0.157596669542062
miami,LEC,72.55146715025582,211.7209705372617,122.35760963506448,89.36336090219717,0.4737114545588996,0.2107027533338263,0.0571372230027853,0.1981562276615149
miami,NOR,70.8209805633721,214.168,121.23457122419973,92.93342877580024,0.4827508960573476,0.1777180406212664,0.0574472321784149,0.1609667463162087
miami,OCO,65.17954925438843,195.0080321285141,123.48336359832408,71.52466853019013,0.4716939461608304,0.2362150622070624,0.0549679762459816,0.2384481362420554
miami,PIA,73.19360749593132,217.4237288135593,119.44616223430889,97.97756657925044,0.46635609476595,0.1724670536359333,0.0603871353478986,0.1409780523654119
miami,RUS,67.77320014960287,208.1019607843137,119.5695546450678,88.53240613924588,0.4645887445887446,0.1787012987012987,0.0565491651205936,0.1259121830550402
miami,SAI,78.7040281995983,217.29802513464992,122.74408975469348,94.5539353799564,0.4625067744001576,0.2166329999507316,0.0600088683056609,0.1782775779671872
miami,STR,72.09904671826533,206.06130268199237,117.4651394965204,88.59616318547187,0.4824704948923931,0.1911137558266389,0.0660021818903104,0.1417732817613805
miami,TSU,60.60740239042486,200.47282608695653,117.52735026959746,82.94547581735915,0.4736583206257071,0.1749471198780068,0.0585862560873628,0.1124255988981258
miami,VER,68.96054849682724,207.78317757009347,118.61775603689848,89.16542153319499,0.5038573759952525,0.184783146234113,0.0586024430047969,0.115226744473567
monaco,ALB,59.73389505391525,174.38351983723297,101.26876533352063,73.11475450371225,0.2378649352943774,0.2989046420211121,0.0715074422507839,0.0868115365929066
monaco,ALO,54.794361518101255,165.375,96.95616121913356,68.41883878086651,0.2903451594557942,0.295201014917538,0.0788748414191347,0.1308018723478717
monaco,ANT,54.22470864913103,169.03166496424925,100.4123756412924,68.61928932295677,0.2317738834500895,0.2767894632162825,0.0708492629997127,0.123378488873174
monaco,BEA,61.69446877670333,174.29990539262062,99.9703986618989,74.3295067307216,0.2728209626137485,0.3187808354347111,0.076570551474619,0.1425720863940357
monaco,BOR,60.589410665977496,172.50197628458497,97.7928959517098,74.70908033287522,0.2952372618083966,0.3069417401387035,0.0791747795838893,0.1292961998731103
monaco,COL,55.93179097683408,168.26450344149458,100.26647507100824,67.99802837048647,0.2574190154736334,0.2918511375093148,0.06573006619033,0.116271424187963
monaco,GAS,55.79778856512565,152.49137931034485,87.29965426384516,65.19172504649966,0.2044365572315883,0.2906832298136646,0.0606921029281277,0.552617568766637
monaco,HAD,56.245185447294425,173.8303664921466,99.44150684155278,74.38885965059377,0.2829437002013834,0.2797916119429122,0.0720821294107346,0.0654058313632781
monaco,HAM,65.13113536620308,179.2379518072289,99.8243386004449,79.41361320678394,0.294969395142713,0.3256181303613347,0.0797042627410543,0.0731006340361115
monaco,HUL,55.999401724092834,168.79450757575756,97.70900800027192,71.08549957548554,0.2650763108409498,0.2975248174224865,0.0750426378624218,0.1338391568636025
monaco,LAW,61.86641054055684,176.45358649789029,98.48170373639242,77.97188276149808,0.2918791167910366,0.3048121320874455,0.0651683917981486,0.0748845657264153
monaco,LEC,54.36330964354493,178.92741165234003,104.4378558481076,74.48955580423245,0.3249800937804122,0.2958285410952844,0.0817482084402371,0.099309917720959
monaco,NOR,53.80730916899971,175.20138888888889,104.7136253164821,70.48776357240689,0.2873644611639743,0.2720955963708785,0.0764770967028103,0.0692631113078114
monaco,OCO,58.79946251505072,170.36727879799665,104.03341126728678,66.33386753070974,0.2717384167560351,0.345888687049966,0.0740627257009039,0.092753496312184
monaco,PIA,59.30561134705096,180.7610993657505,103.87131423633612,76.88978512941448,0.2944819197169081,0.2749087692137565,0.075417449961296,0.0771867743005639
monaco,RUS,60.25938488792323,175.81262939958592,98.7090801523944,77.1035492471916,0.2643356951106808,0.2982220657483607,0.0744179905822294,0.115411697399111
monaco,SAI,65.26656914704493,178.1575630252101,98.79176040259485,79.3658026226151,0.2662399293676195,0.3178677850126917,0.0711179781481072,0.0841187506897693
monaco,STR,56.64839226941064,172.79457768508863,101.4349629363809,71.35961474870776,0.2743417023882425,0.2665121161753127,0.0823637477036129,0.1256451754002274
monaco,TSU,54.74909457350169,169.9384133611691,102.38451866624511,67.55389469492404,0.2296221794647542,0.2623972363127514,0.0637572153227217,0.1379657162847647
monaco,VER,58.0497839922782,178.08577194752775,103.76225478908432,74.32351715844352,0.3018193847171683,0.2836475906935715,0.0743852684970779,0.0760833608997684
qatar,ALB,75.16484647634165,240.17957746478876,165.95430654640032,74.22527091838849,0.4829643136233394,0.1862203698879916,0.0589215941651471,0.1839020578275592
qatar,ALO,65.62275082578223,234.1841155234657,165.18234819279573,69.00176733067006,0.5534720952704291,0.1618918283669791,0.0632785772113551,0.1434279595727455
qatar,ANT,74.73417090023183,245.6215139442231,165.16158687410825,80.45992707011492,0.516636926629579,0.1646635876981211,0.0574157657184843,0.1501521990133305
qatar,BEA,70.58761378875369,239.05010893246188,169.13629306586623,69.91381586659563,0.5139889487305029,0.1935021333146814,0.0557109883192278,0.2739036161432468
qatar,BOR,79.93823105721482,231.7348927875244,147.89426111957974,83.84063166794452,0.5313481658402347,0.1815986915548171,0.0558166099846828,0.1895428230224045
qatar,COL,72.76299430379999,235.9407114624506,161.64037981303204,74.30033164941862,0.5239539114614918,0.163366467160598,0.0542357687135813,0.1539009149154955
qatar,GAS,84.28894104642005,238.4320987654321,153.37221486308914,85.059883902343,0.543345897361554,0.1832942354832757,0.0548248504177759,0.1555655130604391
qatar,HAD,77.08715048295707,241.49778761061947,159.18717438951964,82.31061322109976,0.5158071211879292,0.1571132045345681,0.0498429932407259,0.2036031720687636
qatar,HAM,77.17292755617576,243.16852146263912,171.42246207469282,71.74605938794612,0.4856897761834204,0.2104291767397125,0.0573448750942317,0.194702227767813
qatar,HUL,62.31185266158437,210.12,142.77660277457778,67.34339722542224,0.5624270711785297,0.2957992998833139,0.058148580318942,0.4340723453908985
qatar,LAW,79.24910120162818,241.40329218107,156.8529660321712,84.55032614889862,0.5395570858439628,0.1696794219683334,0.0468476928293815,0.1992070323708167
qatar,LEC,79.04670013124044,246.25045372050815,163.48451761167445,82.76593610883374,0.5306969459671104,0.1903941529626729,0.0601409553641346,0.2180370660401983
qatar,NOR,71.1128948252493,238.46835443037972,160.8187805726047,77.6495738577752,0.5290115836200783,0.1484331906175304,0.0563158309474403,0.1672401565496047
qatar,OCO,74.93148830031171,242.32238442822384,184.84212101663672,57.48026341158729,0.5183876835473071,0.2553713125774391,0.0559934621569609,0.2333588168613081
qatar,PIA,68.72548617716832,246.53796095444685,168.12067504984327,78.4172859046036,0.5181106925528832,0.1407497168146255,0.0555833618713943,0.1477042227549327
qatar,RUS,81.69854788360888,246.7263374485597,158.82196655142295,87.90437089713699,0.5092929028885113,0.173519801333159,0.068487779375245,0.2113972029800026
qatar,SAI,82.57367007112572,238.30208333333331,154.71764132030168,83.58444201303158,0.5333368360216466,0.1771397047233752,0.0558503651552566,0.1412283927914674
qatar,STR,72.55703942661589,233.9811320754717,155.74692805507587,78.23420402039578,0.5436727282437448,0.1577345189457662,0.0622713557104328,0.1945312291382947
qatar,TSU,74.8380418568699,243.98553345388788,167.062551197499,76.92298225638896,0.4941590612777053,0.1794002607561929,0.054341590612777,0.1919165580182529
qatar,VER,75.27597789284638,243.0878661087866,163.45171666425765,79.63614944452888,0.5394295966018521,0.159829037279371,0.0577790676199773,0.1480357755322797
saudi_arabian,ALB,78.81553988972887,231.8255319148936,137.78903341389324,94.03649850100042,0.4863891650767205,0.1729503130626394,0.0597909332760056,0.1952543465993066
saudi_arabian,ALO,71.5355384627672,235.93255813953488,142.20448279995915,93.72807533957568,0.5867238835993027,0.1437307228107818,0.0690626257207992,0.1894595681909615
saudi_arabian,ANT,68.7444501970525,233.7967289719626,144.95166383227925,88.84506513968344,0.5479107505070994,0.1400135226504394,0.0630966869506423,0.1382555780933063
saudi_arabian,BEA,77.67945057111777,242.33849557522123,143.59845374422716,98.7400418309941,0.5512610898174704,0.1581655900721005,0.0564475059637084,0.1867645876330108
saudi_arabian,BOR,79.83187779439557,232.35729386892177,135.18356007165218,97.17373379726963,0.5355960714091921,0.1772749470942536,0.0601497639589777,0.1306907591296326
saudi_arabian,DOO,84.90867909960514,241.0177383592018,143.74121491158706,97.27652344761462,0.5215421346790384,0.16975961799338,0.0616148461663682,0.1944489663031092
saudi_arabian,GAS,56.83236111087437,185.6,98.2048338056215,87.3951661943785,0.4478723404255319,0.4712765957446808,0.0180851063829787,1.0
saudi_arabian,HAD,75.73615512703601,239.4860465116279,139.75910029661023,99.72694621501763,0.5326741186586414,0.1533211521926053,0.0577439810834049,0.2204159501289767
saudi_arabian,HAM,80.21337632517044,234.6797385620915,138.82132045413084,95.85841810796065,0.5476235510281283,0.1737685427868896,0.0596881839552541,0.1239698451727958
saudi_arabian,HUL,79.66231584711629,240.62093023255812,140.89960704684106,99.72132318571704,0.5329867726307768,0.1598715366610418,0.0563660116487943,0.1424255620271079
saudi_arabian,LAW,80.1441526843342,239.94835680751171,140.39071791184344,99.55763889566828,0.5381991081502175,0.1602643313812926,0.0625637994949766,0.1830978348466125
saudi_arabian,LEC,70.91973675172547,235.9891540130152,145.04148406400358,90.9476699490115,0.5879297214969539,0.1582626196692776,0.0573052654482158,0.1231505657093124
saudi_arabian,NOR,71.02095363759739,232.32222222222225,142.83683366468756,89.48538855753468,0.5808907499048344,0.151775517972701,0.0656098754690304,0.1509054325955734
saudi_arabian,OCO,74.45296794116018,228.1975945017182,146.80944669540804,81.3881478063102,0.524597602968262,0.1945386114299442,0.058697915276406,0.1933374262605771
saudi_arabian,PIA,74.56213189406982,243.29567307692307,145.85114099179765,97.44453208512547,0.5590943766346992,0.1433358761987794,0.0660690932868352,0.1352986050566695
saudi_arabian,RUS,71.28080309489931,238.64028776978415,145.03049260636217,93.60979516342196,0.5376093610336141,0.1412010076112571,0.0638424659389474,0.1202361927462824
saudi_arabian,SAI,78.98193706980527,234.41794310722105,137.69393506970988,96.72400803751118,0.5405666971342545,0.1726168073552341,0.0572342599064465,0.1452766277756868
saudi_arabian,STR,79.77676914698013,241.74193548387095,142.59727264975834,99.14466283411264,0.5780408163265306,0.1503401360544217,0.0681632653061224,0.137578231292517
saudi_arabian,TSU,61.20237626462891,189.64285714285717,115.02431308571428,74.61854405714284,0.169424743892829,0.1631205673758865,0.0449172576832151,1.0
saudi_arabian,VER,74.17253045169434,235.4492099322799,146.73136087738513,88.71784905489484,0.5891306123560324,0.154899665096523,0.0588940016881313,0.1222261551447164
singapore,ALB,73.91432009242686,217.002624671916,118.11459617795516,98.88802849396082,0.3744274223595678,0.2535121748087755,0.0837004405286343,0.1794332303241501
singapore,ALO,70.37096353973499,212.65699208443272,118.3000581196618,94.35693396477082,0.3946362649294245,0.2393919652551574,0.0880781758957654,0.0658849077090119
singapore,ANT,72.62291249537707,220.65425531914892,118.81551533557906,101.83873998356988,0.4024166009981613,0.2401716136940723,0.08092548813589,0.1023115313895455
singapore,BEA,76.62287992093563,218.17391304347825,113.15066272866152,105.02325031481668,0.403804901302247,0.2583042620961626,0.0810166626941994,0.1609715932482503
singapore,BOR,78.06381753515885,219.3833780160858,111.72285145374458,107.6605265623412,0.4224124751567039,0.2640487474610697,0.0729683097822526,0.0720728591084805
singapore,COL,71.20690693571076,217.64918851435704,128.36607067145212,89.28311784290472,0.3877475193425711,0.2454867334003584,0.0678192070638632,0.0715784412291821
singapore,GAS,75.05770151290163,221.02010050251255,126.35214379918824,94.66795670332436,0.4189977071732721,0.2551806965825963,0.0722567965935145,0.2026640462932634
singapore,HAD,72.87939944955954,217.01076716016152,115.62574532960616,101.38502183055532,0.4526301929027586,0.2436192858867162,0.0631377970899993,0.1338688085676037
singapore,HAM,75.58584792005638,217.2373096446701,117.36430862658736,99.87300101808272,0.4017634156405412,0.2580624144895433,0.0706017764458053,0.0562251612482897
singapore,HUL,73.65052924498397,216.0592885375494,112.28264301371648,103.77664552383295,0.42342539024124,0.2513917694574828,0.0703634974347778,0.1473856565877087
singapore,LAW,74.18118625033807,215.78319783197836,115.3942309930792,100.38896683889908,0.4254190862276761,0.2488002629560644,0.0690917059274679,0.1283444724443957
singapore,LEC,78.78347129428778,222.6964047936085,115.54190505794942,107.15449973565906,0.4104759616434765,0.2560013979598523,0.0738952840698106,0.0332233896157794
singapore,NOR,72.41283789937245,219.63031914893617,121.75678454422264,97.87353460471353,0.4262439260350476,0.2355489105340691,0.0755260438424836,0.1383214968888107
singapore,OCO,86.9241757120452,215.73427471116813,109.46335395981951,106.27092075134864,0.3921949728112511,0.2979624817103797,0.0729619357515669,0.2085125898102247
singapore,PIA,76.81441824046543,220.3951612903226,122.84464299201092,97.55051829831164,0.4229729432709849,0.244389739982856,0.0693452315537288,0.0357605995999736
singapore,RUS,68.54915409028119,217.74434087882824,119.38225274011876,98.3620881387094,0.4177524429967427,0.2340875077031428,0.0807949643454529,0.0226032221146227
singapore,SAI,79.06892376749603,221.2686762778506,116.58585989176083,104.68281638608975,0.4104400553639299,0.2675703583276578,0.0747852450732693,0.1246347518509567
singapore,STR,74.58095494141104,216.1334214002642,119.07454986910837,97.05887153115582,0.4159012692080054,0.246191279949144,0.079484425349087,0.0972621057015717
singapore,TSU,79.37117654426221,218.28897849462365,114.44228864471908,103.84668984990454,0.3962177222965709,0.2553256839472587,0.0699194839955244,0.1743270222241723
singapore,VER,69.75549417332043,218.60614152202936,120.06218305788522,98.54395846414404,0.4514689066760489,0.2310009675433195,0.0694652124197378,0.0242325622306271
spanish,ALB,87.16234152314381,239.46296296296296,141.8899548007672,97.57300816219582,0.3385085997922198,0.2061641463696179,0.0622763476855592,0.0935010966177998
spanish,ALO,80.47195563605862,234.125,138.272228701553,95.85277129844704,0.4471868553951205,0.1884913578490646,0.0621902932878108,0.2188159423382412
spanish,ANT,84.60976596727632,243.10511363636363,136.31237745573523,106.79273618062837,0.4702275675038321,0.1780745195142082,0.0547105294187006,0.0282985496993279
spanish,BEA,83.28015481787314,242.62989323843416,146.0077110367887,96.62218220164546,0.4142014637265815,0.1951398593117169,0.0534804954880272,0.1865896118045522
spanish,BOR,87.41553293062098,238.67977528089887,137.64832046260702,101.0314548182918,0.4030275033757373,0.1994646199038211,0.056996659796745,0.1970956814251533
spanish,COL,81.91123802465535,232.21255060728743,135.21316630669708,96.99938430059036,0.3693938891913,0.1766501786855371,0.0543393368518211,0.2069912195583745
spanish,GAS,85.43951765713236,235.3791574279379,130.53085792871036,104.84829949922762,0.413873271178801,0.1689559461960003,0.0553697245747633,0.1789908191587787
spanish,HAD,78.8685513932309,231.7406679764244,136.1836815846863,95.55698639173802,0.4157292704921923,0.1767051117755944,0.0506431249703355,0.1859604157767335
spanish,HAM,78.25176895286515,230.3976705490849,142.39401524506292,88.00365530402203,0.4071059002230977,0.2049651113115299,0.0573171310580528,0.1560972136516827
spanish,HUL,80.55220203348917,238.7377358490566,141.05478923029725,97.68294661875927,0.4013581214236532,0.1847472517035876,0.0585036920958282,0.193247382292186
spanish,LAW,84.9513463209117,237.31650485436893,140.0235707220236,97.2929341323454,0.4168443496801706,0.1890073442312248,0.051077943615257,0.2177209192134565
spanish,LEC,91.23790442395504,232.94433399602383,132.684943644142,100.25939035188188,0.408733458459053,0.1956712836473355,0.0549286070656434,0.1716518970801359
spanish,NOR,87.3650949038302,236.1217948717949,130.86858751367654,105.25320735811836,0.4097030551061197,0.1773103645188921,0.0576282478347768,0.1705767583515751
spanish,OCO,76.58309887293481,226.14580467675376,148.81786562335483,77.32793905339904,0.4081970704465321,0.2320452447999242,0.0604368300243735,0.2106060247521238
spanish,PIA,95.97899473238976,241.09930715935332,129.94954486280193,111.14976229655142,0.387264936919781,0.17264936919781,0.0538443227802904,0.1577481552011425
spanish,RUS,82.03698420895152,230.90528634361235,126.62434633725996,104.28094000635242,0.4137488716803648,0.167418879756758,0.0580312603924176,0.167561404342249
spanish,SAI,93.46434688317396,240.26347305389223,138.4173657446943,101.84610730919786,0.3550052088265934,0.2006818827540487,0.0521829718723363,0.1887015815891656
spanish,TSU,77.78278298732262,234.4769797421731,141.66828305242112,92.80869668975204,0.3850306632254398,0.1845713067980015,0.0537967939762744,0.2092913124807615
spanish,VER,84.48288829765896,232.8891013384321,135.0537594895871,97.83534184884508,0.4528028503562945,0.1917577197149643,0.0572446555819477,0.1772684085510688
são_paulo,ALB,81.68890496316438,214.2244897959184,119.30702851469988,94.91746128121844,0.4174997619727696,0.2240788346186804,0.0665762163191469,0.2162715414643435
são_paulo,ALO,74.06435448796971,211.75666666666663,121.3811136245734,90.37555304209307,0.4513112179334634,0.2113654752272619,0.0742706201513492,0.18290419304174
são_paulo,ANT,73.0762195667725,218.875,126.69138205832894,92.18361794167114,0.4435971223021582,0.188705035971223,0.0636690647482014,0.1651798561151079
são_paulo,BEA,82.82049725114767,216.4505862646566,123.49330418546631,92.9572820791903,0.4394138598713934,0.2204718762699304,0.0639208280544068,0.1890134582745679
são_paulo,BOR,44.44329728259288,129.05882352941177,84.17770369112299,44.88111983828877,0.2553897180762852,0.296849087893864,0.2255389718076285,1.0
são_paulo,COL,68.24886434080959,207.41652613827992,125.00841694617894,82.40810919210115,0.4333698082687092,0.1877111185118226,0.0616822874542081,0.1709881535753366
são_paulo,GAS,83.45890560647433,224.71296296296296,123.79272439725186,100.92023856571124,0.4553677695786717,0.2032373244465603,0.0619138300404665,0.3196143775291597
são_paulo,HAD,75.78640019639691,214.22108843537416,121.92750830282417,92.29358013254988,0.4621208513880291,0.2065615923051283,0.0553068901480881,0.2007761535164992
são_paulo,HAM,87.35307767837674,203.07605633802817,115.94886607120569,87.12719026682258,0.3532314618414787,0.2715466862906368,0.054240076187178,0.3003766070732869
são_paulo,HUL,77.95951127768024,215.32994923857868,120.87667374047696,94.45327549810172,0.4538637337523211,0.2124220349473884,0.0593010522306337,0.2496548112174451
são_paulo,LAW,84.79187486582875,218.2941176470588,120.5602743206421,97.7338433264167,0.4400371419728102,0.2200899978571938,0.0583081355205828,0.1871622104235613
são_paulo,LEC,48.96958278897704,146.8,102.00634751970202,44.79365248029798,0.2735812133072407,0.3146771037181996,0.049119373776908,1.0
são_paulo,NOR,77.71341939656962,220.72222222222223,125.4999589341979,95.22226328802424,0.4351680561228167,0.1897508589001273,0.0621050861302645,0.144655599067823
são_paulo,OCO,68.7515201980658,199.290450928382,124.08456624597622,75.20588468240587,0.4334880399857194,0.2425086278709984,0.0601927882898964,0.1709627513983101
são_paulo,PIA,82.75563651504552,225.67946257197696,126.58026251517686,99.09920005680014,0.4397268479693303,0.1984904756199832,0.0625613993051395,0.1639631005151551
são_paulo,RUS,79.50312809245222,220.4605504587156,123.94567275193528,96.5148777067803,0.4472265484605247,0.2045764945489397,0.0675452258296393,0.1608961303462321
são_paulo,SAI,87.85641904758563,216.75290215588723,118.04284408117252,98.71005807471464,0.444039884819495,0.2431879298446015,0.0632302896170962,0.2254824968468146
são_paulo,STR,77.82259667049433,223.07939508506612,126.20446576472423,96.87492932034188,0.4623471766328909,0.1884781884781884,0.0732600732600732,0.195447409733124
são_paulo,TSU,79.59129380521178,217.9103690685413,122.03960156295204,95.87076750558928,0.4300467700197051,0.2044111013508701,0.060183756321075,0.1923268678331473
são_paulo,VER,79.29946850299818,223.6059643397951,124.82900845407532,98.77695588571984,0.4573881348616373,0.2048343005131648,0.0652966284590667,0.19855162821927
united_states,ALB,74.09915449217527,231.46522411128285,137.07210484623664,94.3931192650462,0.4091596306375456,0.2258507198846323,0.0635452282929779,0.112157793129114
united_states,ALO,72.1178803576179,224.73553719008265,131.3830226655795,93.35251452450314,0.4310348845338242,0.2082352667023978,0.0726120289888844,0.0725654230652716
united_states,ANT,68.1519638425054,221.8832236842105,132.76419478258458,89.11902890162595,0.4363695616750855,0.2034032449544915,0.0664819944598338,0.1029586349775367
united_states,BEA,74.43799537126186,230.5625,145.8200679213702,84.74243207862979,0.4267752169450406,0.2335774937015955,0.0622375664831576,0.0761407110198749
united_states,BOR,76.06351550116979,226.6368,130.08292873957822,96.55387126042184,0.4416882810657864,0.2311011553878802,0.0639471822683329,0.1591369959915114
united_states,COL,65.07352779111531,225.1904761904762,140.45801062656432,84.7324655639119,0.4278638647137904,0.197646170900257,0.0577843817071157,0.0790348828981815
united_states,GAS,70.79678527432382,224.82837127845883,131.90132576594593,92.92704551251292,0.4561052060993141,0.1894841036034974,0.0592019985388041,0.1081049232872192
united_states,HAD,71.73593996089375,228.1837748344371,132.82016508497753,95.36360974945968,0.4506427808975727,0.2046920685014155,0.0615630946303429,0.0983663619065299
united_states,HAM,80.74568847658236,232.53700787401576,134.3006146081992,98.23639326581664,0.4353562624721211,0.2390186641624603,0.0636694447705129,0.0879445944359666
united_states,HUL,68.89598473329872,227.26527331189712,134.65567427919748,92.6095990326998,0.4547705243489431,0.1996496554945696,0.0609599439448791,0.0820973957725096
united_states,LAW,74.45629382430414,230.55121951219516,137.60100008886857,92.95021942332654,0.4353648028690529,0.2117323769823711,0.0605947695675461,0.0945716215272117
united_states,LEC,70.58578748273017,232.55438066465257,139.75991621430222,92.79446445035032,0.4742129782127899,0.2240365159286622,0.0653145734318385,0.0689144040280457
united_states,NOR,74.52978750946205,228.04181818181817,124.65765090232463,103.38416727949344,0.4517375427023206,0.1922959123571681,0.0617740605489456,0.1349982330074213
united_states,OCO,76.99117499592012,221.1713933415536,141.36880548683988,79.80258785471366,0.4412051890082298,0.2669828427953689,0.0656065467057237,0.1067559399265355
united_states,PIA,81.19534427491375,231.48919449901769,121.67378718612493,109.81540731289272,0.4411454054688417,0.1946954582795446,0.0607909869733599,0.0642178148104682
united_states,RUS,75.00853631949735,225.28917910447765,122.38634771366414,102.90283139081352,0.4266716701456481,0.1956282102399324,0.0648263245537913,0.068414757135821
united_states,SAI,83.5439857522682,224.39240506329116,136.1029119871771,88.28949307611404,0.3945265681182581,0.2886536156612065,0.0617259288853375,0.3391929684378745
united_states,STR,80.0834421114034,225.5178236397749,120.36158822539576,105.15623541437913,0.4461724715962004,0.199711305643509,0.0754330415347364,0.1519836096107282
united_states,TSU,75.06375251655155,229.2025316455696,128.50248416883767,100.70004747673195,0.440480643351412,0.1896858051243688,0.0613895642416308,0.0689639049934542
united_states,VER,75.49473890368444,229.44656488549617,125.04276096900756,104.4038039164887,0.4486338539946203,0.1849370015572648,0.062149025529706,0.0602850266622622
